pool,k,model,n_samples,filtered_out,filtered_out_rate
seamless_m4t+whisper_v3+whisper_v2+fastconformer,4,seamless_m4t,3282,1047,0.3190127970749543
seamless_m4t+whisper_v3+whisper_v2+fastconformer,4,whisper_v3,3282,636,0.19378427787934185
seamless_m4t+whisper_v3+whisper_v2+fastconformer,4,whisper_v2,3282,991,0.3019500304692261
seamless_m4t+whisper_v3+whisper_v2+fastconformer,4,fastconformer,3282,1138,0.34673979280926265
seamless_m4t+whisper_v3+whisper_v2+xlsr,4,seamless_m4t,3282,128,0.039000609384521635
seamless_m4t+whisper_v3+whisper_v2+xlsr,4,whisper_v3,3282,23,0.007007921998781231
seamless_m4t+whisper_v3+whisper_v2+xlsr,4,whisper_v2,3282,58,0.017672151127361365
seamless_m4t+whisper_v3+whisper_v2+xlsr,4,xlsr,3282,3130,0.9536867763558805
seamless_m4t+whisper_v3+whisper_v2+w2vbert,4,seamless_m4t,3282,229,0.06977452772699573
seamless_m4t+whisper_v3+whisper_v2+w2vbert,4,whisper_v3,3282,86,0.026203534430225474
seamless_m4t+whisper_v3+whisper_v2+w2vbert,4,whisper_v2,3282,157,0.04783668494820231
seamless_m4t+whisper_v3+whisper_v2+w2vbert,4,w2vbert,3282,2939,0.8954905545399147
seamless_m4t+whisper_v3+whisper_v2+hubert,4,seamless_m4t,3282,463,0.14107251675807433
seamless_m4t+whisper_v3+whisper_v2+hubert,4,whisper_v3,3282,188,0.05728214503351615
seamless_m4t+whisper_v3+whisper_v2+hubert,4,whisper_v2,3282,328,0.09993906154783669
seamless_m4t+whisper_v3+whisper_v2+hubert,4,hubert,3282,2603,0.7931139549055454
seamless_m4t+whisper_v3+whisper_v2+wav2vec_sb,4,seamless_m4t,3282,91,0.027726995734308348
seamless_m4t+whisper_v3+whisper_v2+wav2vec_sb,4,whisper_v3,3282,22,0.006703229737964655
seamless_m4t+whisper_v3+whisper_v2+wav2vec_sb,4,whisper_v2,3282,48,0.014625228519195612
seamless_m4t+whisper_v3+whisper_v2+wav2vec_sb,4,wav2vec_sb,3282,3154,0.9609993906154783
seamless_m4t+whisper_v3+whisper_v2+cohere,4,seamless_m4t,3282,1025,0.3123095673369896
seamless_m4t+whisper_v3+whisper_v2+cohere,4,whisper_v3,3282,765,0.23308957952468007
seamless_m4t+whisper_v3+whisper_v2+cohere,4,whisper_v2,3282,1130,0.34430225472273
seamless_m4t+whisper_v3+whisper_v2+cohere,4,cohere,3282,788,0.2400975015234613
seamless_m4t+whisper_v3+fastconformer+xlsr,4,seamless_m4t,3282,110,0.03351614868982328
seamless_m4t+whisper_v3+fastconformer+xlsr,4,whisper_v3,3282,56,0.017062766605728214
seamless_m4t+whisper_v3+fastconformer+xlsr,4,fastconformer,3282,52,0.015843997562461912
seamless_m4t+whisper_v3+fastconformer+xlsr,4,xlsr,3282,3153,0.9606946983546618
seamless_m4t+whisper_v3+fastconformer+w2vbert,4,seamless_m4t,3282,201,0.061243144424131625
seamless_m4t+whisper_v3+fastconformer+w2vbert,4,whisper_v3,3282,147,0.044789762340036565
seamless_m4t+whisper_v3+fastconformer+w2vbert,4,fastconformer,3282,138,0.04204753199268738
seamless_m4t+whisper_v3+fastconformer+w2vbert,4,w2vbert,3282,2958,0.9012797074954296
seamless_m4t+whisper_v3+fastconformer+hubert,4,seamless_m4t,3282,383,0.11669713589274833
seamless_m4t+whisper_v3+fastconformer+hubert,4,whisper_v3,3282,332,0.10115783059110299
seamless_m4t+whisper_v3+fastconformer+hubert,4,fastconformer,3282,303,0.0923217550274223
seamless_m4t+whisper_v3+fastconformer+hubert,4,hubert,3282,2622,0.7989031078610603
seamless_m4t+whisper_v3+fastconformer+wav2vec_sb,4,seamless_m4t,3282,78,0.02376599634369287
seamless_m4t+whisper_v3+fastconformer+wav2vec_sb,4,whisper_v3,3282,42,0.012797074954296161
seamless_m4t+whisper_v3+fastconformer+wav2vec_sb,4,fastconformer,3282,36,0.010968921389396709
seamless_m4t+whisper_v3+fastconformer+wav2vec_sb,4,wav2vec_sb,3282,3159,0.9625228519195612
seamless_m4t+whisper_v3+fastconformer+cohere,4,seamless_m4t,3282,956,0.29128580134064597
seamless_m4t+whisper_v3+fastconformer+cohere,4,whisper_v3,3282,1131,0.3446069469835466
seamless_m4t+whisper_v3+fastconformer+cohere,4,fastconformer,3282,1073,0.32693479585618523
seamless_m4t+whisper_v3+fastconformer+cohere,4,cohere,3282,607,0.18494820231566117
seamless_m4t+whisper_v3+xlsr+w2vbert,4,seamless_m4t,3282,128,0.039000609384521635
seamless_m4t+whisper_v3+xlsr+w2vbert,4,whisper_v3,3282,52,0.015843997562461912
seamless_m4t+whisper_v3+xlsr+w2vbert,4,xlsr,3282,2606,0.7940280316879951
seamless_m4t+whisper_v3+xlsr+w2vbert,4,w2vbert,3282,1678,0.5112736136502133
seamless_m4t+whisper_v3+xlsr+hubert,4,seamless_m4t,3282,121,0.036867763558805604
seamless_m4t+whisper_v3+xlsr+hubert,4,whisper_v3,3282,66,0.02010968921389397
seamless_m4t+whisper_v3+xlsr+hubert,4,xlsr,3282,2780,0.8470444850700792
seamless_m4t+whisper_v3+xlsr+hubert,4,hubert,3282,544,0.16575258988421693
seamless_m4t+whisper_v3+xlsr+wav2vec_sb,4,seamless_m4t,3282,119,0.03625837903717245
seamless_m4t+whisper_v3+xlsr+wav2vec_sb,4,whisper_v3,3282,71,0.021633150517976842
seamless_m4t+whisper_v3+xlsr+wav2vec_sb,4,xlsr,3282,2417,0.7364411943936624
seamless_m4t+whisper_v3+xlsr+wav2vec_sb,4,wav2vec_sb,3282,2641,0.8046922608165753
seamless_m4t+whisper_v3+xlsr+cohere,4,seamless_m4t,3282,91,0.027726995734308348
seamless_m4t+whisper_v3+xlsr+cohere,4,whisper_v3,3282,53,0.016148689823278488
seamless_m4t+whisper_v3+xlsr+cohere,4,xlsr,3282,3154,0.9609993906154783
seamless_m4t+whisper_v3+xlsr+cohere,4,cohere,3282,50,0.015234613040828763
seamless_m4t+whisper_v3+w2vbert+hubert,4,seamless_m4t,3282,224,0.06825106642291286
seamless_m4t+whisper_v3+w2vbert+hubert,4,whisper_v3,3282,170,0.0517976843388178
seamless_m4t+whisper_v3+w2vbert+hubert,4,w2vbert,3282,2463,0.7504570383912249
seamless_m4t+whisper_v3+w2vbert+hubert,4,hubert,3282,1108,0.3375990249847654
seamless_m4t+whisper_v3+w2vbert+wav2vec_sb,4,seamless_m4t,3282,89,0.027117611212675197
seamless_m4t+whisper_v3+w2vbert+wav2vec_sb,4,whisper_v3,3282,56,0.017062766605728214
seamless_m4t+whisper_v3+w2vbert+wav2vec_sb,4,w2vbert,3282,1509,0.45978062157221206
seamless_m4t+whisper_v3+w2vbert+wav2vec_sb,4,wav2vec_sb,3282,2636,0.8031687995124924
seamless_m4t+whisper_v3+w2vbert+cohere,4,seamless_m4t,3282,177,0.05393053016453382
seamless_m4t+whisper_v3+w2vbert+cohere,4,whisper_v3,3282,156,0.04753199268738574
seamless_m4t+whisper_v3+w2vbert+cohere,4,w2vbert,3282,2981,0.9082876294942108
seamless_m4t+whisper_v3+w2vbert+cohere,4,cohere,3282,120,0.03656307129798903
seamless_m4t+whisper_v3+hubert+wav2vec_sb,4,seamless_m4t,3282,91,0.027726995734308348
seamless_m4t+whisper_v3+hubert+wav2vec_sb,4,whisper_v3,3282,55,0.01675807434491164
seamless_m4t+whisper_v3+hubert+wav2vec_sb,4,hubert,3282,482,0.14686166971358927
seamless_m4t+whisper_v3+hubert+wav2vec_sb,4,wav2vec_sb,3282,2865,0.8729433272394881
seamless_m4t+whisper_v3+hubert+cohere,4,seamless_m4t,3282,334,0.10176721511273613
seamless_m4t+whisper_v3+hubert+cohere,4,whisper_v3,3282,317,0.09658744667885436
seamless_m4t+whisper_v3+hubert+cohere,4,hubert,3282,2683,0.8174893357708715
seamless_m4t+whisper_v3+hubert+cohere,4,cohere,3282,242,0.07373552711761121
seamless_m4t+whisper_v3+wav2vec_sb+cohere,4,seamless_m4t,3282,71,0.021633150517976842
seamless_m4t+whisper_v3+wav2vec_sb+cohere,4,whisper_v3,3282,41,0.012492382693479586
seamless_m4t+whisper_v3+wav2vec_sb+cohere,4,wav2vec_sb,3282,3172,0.9664838513101767
seamless_m4t+whisper_v3+wav2vec_sb+cohere,4,cohere,3282,42,0.012797074954296161
seamless_m4t+whisper_v2+fastconformer+xlsr,4,seamless_m4t,3282,105,0.031992687385740404
seamless_m4t+whisper_v2+fastconformer+xlsr,4,whisper_v2,3282,81,0.024680073126142597
seamless_m4t+whisper_v2+fastconformer+xlsr,4,fastconformer,3282,55,0.01675807434491164
seamless_m4t+whisper_v2+fastconformer+xlsr,4,xlsr,3282,3118,0.9500304692260817
seamless_m4t+whisper_v2+fastconformer+w2vbert,4,seamless_m4t,3282,178,0.05423522242535039
seamless_m4t+whisper_v2+fastconformer+w2vbert,4,whisper_v2,3282,223,0.06794637416209628
seamless_m4t+whisper_v2+fastconformer+w2vbert,4,fastconformer,3282,128,0.039000609384521635
seamless_m4t+whisper_v2+fastconformer+w2vbert,4,w2vbert,3282,2930,0.8927483241925656
seamless_m4t+whisper_v2+fastconformer+hubert,4,seamless_m4t,3282,375,0.11425959780621572
seamless_m4t+whisper_v2+fastconformer+hubert,4,whisper_v2,3282,468,0.1425959780621572
seamless_m4t+whisper_v2+fastconformer+hubert,4,fastconformer,3282,282,0.08592321755027423
seamless_m4t+whisper_v2+fastconformer+hubert,4,hubert,3282,2560,0.7800121876904327
seamless_m4t+whisper_v2+fastconformer+wav2vec_sb,4,seamless_m4t,3282,81,0.024680073126142597
seamless_m4t+whisper_v2+fastconformer+wav2vec_sb,4,whisper_v2,3282,76,0.02315661182205972
seamless_m4t+whisper_v2+fastconformer+wav2vec_sb,4,fastconformer,3282,37,0.011273613650213284
seamless_m4t+whisper_v2+fastconformer+wav2vec_sb,4,wav2vec_sb,3282,3157,0.961913467397928
seamless_m4t+whisper_v2+fastconformer+cohere,4,seamless_m4t,3282,851,0.25929311395490556
seamless_m4t+whisper_v2+fastconformer+cohere,4,whisper_v2,3282,1401,0.42687385740402195
seamless_m4t+whisper_v2+fastconformer+cohere,4,fastconformer,3282,973,0.2964655697745277
seamless_m4t+whisper_v2+fastconformer+cohere,4,cohere,3282,543,0.16544789762340037
seamless_m4t+whisper_v2+xlsr+w2vbert,4,seamless_m4t,3282,121,0.036867763558805604
seamless_m4t+whisper_v2+xlsr+w2vbert,4,whisper_v2,3282,82,0.024984765386959172
seamless_m4t+whisper_v2+xlsr+w2vbert,4,xlsr,3282,2575,0.7845825716026813
seamless_m4t+whisper_v2+xlsr+w2vbert,4,w2vbert,3282,1643,0.5006093845216332
seamless_m4t+whisper_v2+xlsr+hubert,4,seamless_m4t,3282,117,0.0356489945155393
seamless_m4t+whisper_v2+xlsr+hubert,4,whisper_v2,3282,91,0.027726995734308348
seamless_m4t+whisper_v2+xlsr+hubert,4,xlsr,3282,2811,0.856489945155393
seamless_m4t+whisper_v2+xlsr+hubert,4,hubert,3282,505,0.1538695917123705
seamless_m4t+whisper_v2+xlsr+wav2vec_sb,4,seamless_m4t,3282,118,0.03595368677635588
seamless_m4t+whisper_v2+xlsr+wav2vec_sb,4,whisper_v2,3282,94,0.028641072516758074
seamless_m4t+whisper_v2+xlsr+wav2vec_sb,4,xlsr,3282,2379,0.7248628884826326
seamless_m4t+whisper_v2+xlsr+wav2vec_sb,4,wav2vec_sb,3282,2611,0.795551492992078
seamless_m4t+whisper_v2+xlsr+cohere,4,seamless_m4t,3282,81,0.024680073126142597
seamless_m4t+whisper_v2+xlsr+cohere,4,whisper_v2,3282,89,0.027117611212675197
seamless_m4t+whisper_v2+xlsr+cohere,4,xlsr,3282,3111,0.9478976234003657
seamless_m4t+whisper_v2+xlsr+cohere,4,cohere,3282,61,0.01858622790981109
seamless_m4t+whisper_v2+w2vbert+hubert,4,seamless_m4t,3282,222,0.06764168190127971
seamless_m4t+whisper_v2+w2vbert+hubert,4,whisper_v2,3282,218,0.06642291285801341
seamless_m4t+whisper_v2+w2vbert+hubert,4,w2vbert,3282,2464,0.7507617306520414
seamless_m4t+whisper_v2+w2vbert+hubert,4,hubert,3282,1067,0.3251066422912858
seamless_m4t+whisper_v2+w2vbert+wav2vec_sb,4,seamless_m4t,3282,78,0.02376599634369287
seamless_m4t+whisper_v2+w2vbert+wav2vec_sb,4,whisper_v2,3282,76,0.02315661182205972
seamless_m4t+whisper_v2+w2vbert+wav2vec_sb,4,w2vbert,3282,1465,0.4463741620962828
seamless_m4t+whisper_v2+w2vbert+wav2vec_sb,4,wav2vec_sb,3282,2602,0.7928092626447288
seamless_m4t+whisper_v2+w2vbert+cohere,4,seamless_m4t,3282,143,0.04357099329677026
seamless_m4t+whisper_v2+w2vbert+cohere,4,whisper_v2,3282,236,0.07190737355271176
seamless_m4t+whisper_v2+w2vbert+cohere,4,w2vbert,3282,2934,0.8939670932358318
seamless_m4t+whisper_v2+w2vbert+cohere,4,cohere,3282,113,0.03443022547227301
seamless_m4t+whisper_v2+hubert+wav2vec_sb,4,seamless_m4t,3282,90,0.027422303473491772
seamless_m4t+whisper_v2+hubert+wav2vec_sb,4,whisper_v2,3282,83,0.025289457647775748
seamless_m4t+whisper_v2+hubert+wav2vec_sb,4,hubert,3282,454,0.13833028641072517
seamless_m4t+whisper_v2+hubert+wav2vec_sb,4,wav2vec_sb,3282,2860,0.8714198659354052
seamless_m4t+whisper_v2+hubert+cohere,4,seamless_m4t,3282,317,0.09658744667885436
seamless_m4t+whisper_v2+hubert+cohere,4,whisper_v2,3282,481,0.1465569774527727
seamless_m4t+whisper_v2+hubert+cohere,4,hubert,3282,2618,0.797684338817794
seamless_m4t+whisper_v2+hubert+cohere,4,cohere,3282,240,0.07312614259597806
seamless_m4t+whisper_v2+wav2vec_sb+cohere,4,seamless_m4t,3282,65,0.019804996953077393
seamless_m4t+whisper_v2+wav2vec_sb+cohere,4,whisper_v2,3282,80,0.02437538086532602
seamless_m4t+whisper_v2+wav2vec_sb+cohere,4,wav2vec_sb,3282,3160,0.9628275441803779
seamless_m4t+whisper_v2+wav2vec_sb+cohere,4,cohere,3282,47,0.014320536258379037
seamless_m4t+fastconformer+xlsr+w2vbert,4,seamless_m4t,3282,116,0.03534430225472273
seamless_m4t+fastconformer+xlsr+w2vbert,4,fastconformer,3282,58,0.017672151127361365
seamless_m4t+fastconformer+xlsr+w2vbert,4,xlsr,3282,2620,0.7982937233394272
seamless_m4t+fastconformer+xlsr+w2vbert,4,w2vbert,3282,1670,0.5088360755636807
seamless_m4t+fastconformer+xlsr+hubert,4,seamless_m4t,3282,119,0.03625837903717245
seamless_m4t+fastconformer+xlsr+hubert,4,fastconformer,3282,74,0.02254722730042657
seamless_m4t+fastconformer+xlsr+hubert,4,xlsr,3282,2819,0.8589274832419257
seamless_m4t+fastconformer+xlsr+hubert,4,hubert,3282,542,0.16514320536258378
seamless_m4t+fastconformer+xlsr+wav2vec_sb,4,seamless_m4t,3282,116,0.03534430225472273
seamless_m4t+fastconformer+xlsr+wav2vec_sb,4,fastconformer,3282,73,0.022242535039609993
seamless_m4t+fastconformer+xlsr+wav2vec_sb,4,xlsr,3282,2428,0.7397928092626447
seamless_m4t+fastconformer+xlsr+wav2vec_sb,4,wav2vec_sb,3282,2637,0.803473491773309
seamless_m4t+fastconformer+xlsr+cohere,4,seamless_m4t,3282,92,0.028031687995124923
seamless_m4t+fastconformer+xlsr+cohere,4,fastconformer,3282,47,0.014320536258379037
seamless_m4t+fastconformer+xlsr+cohere,4,xlsr,3282,3153,0.9606946983546618
seamless_m4t+fastconformer+xlsr+cohere,4,cohere,3282,60,0.018281535648994516
seamless_m4t+fastconformer+w2vbert+hubert,4,seamless_m4t,3282,221,0.06733698964046313
seamless_m4t+fastconformer+w2vbert+hubert,4,fastconformer,3282,144,0.043875685557586835
seamless_m4t+fastconformer+w2vbert+hubert,4,w2vbert,3282,2507,0.7638634978671541
seamless_m4t+fastconformer+w2vbert+hubert,4,hubert,3282,1088,0.33150517976843386
seamless_m4t+fastconformer+w2vbert+wav2vec_sb,4,seamless_m4t,3282,77,0.023461304082876295
seamless_m4t+fastconformer+w2vbert+wav2vec_sb,4,fastconformer,3282,44,0.01340645947592931
seamless_m4t+fastconformer+w2vbert+wav2vec_sb,4,w2vbert,3282,1554,0.473491773308958
seamless_m4t+fastconformer+w2vbert+wav2vec_sb,4,wav2vec_sb,3282,2671,0.8138330286410725
seamless_m4t+fastconformer+w2vbert+cohere,4,seamless_m4t,3282,163,0.049664838513101765
seamless_m4t+fastconformer+w2vbert+cohere,4,fastconformer,3282,124,0.037781840341255334
seamless_m4t+fastconformer+w2vbert+cohere,4,w2vbert,3282,2973,0.9058500914076782
seamless_m4t+fastconformer+w2vbert+cohere,4,cohere,3282,112,0.03412553321145643
seamless_m4t+fastconformer+hubert+wav2vec_sb,4,seamless_m4t,3282,86,0.026203534430225474
seamless_m4t+fastconformer+hubert+wav2vec_sb,4,fastconformer,3282,46,0.014015843997562462
seamless_m4t+fastconformer+hubert+wav2vec_sb,4,hubert,3282,469,0.1429006703229738
seamless_m4t+fastconformer+hubert+wav2vec_sb,4,wav2vec_sb,3282,2842,0.8659354052407069
seamless_m4t+fastconformer+hubert+cohere,4,seamless_m4t,3282,336,0.10237659963436929
seamless_m4t+fastconformer+hubert+cohere,4,fastconformer,3282,287,0.0874466788543571
seamless_m4t+fastconformer+hubert+cohere,4,hubert,3282,2688,0.8190127970749543
seamless_m4t+fastconformer+hubert+cohere,4,cohere,3282,231,0.07038391224862889
seamless_m4t+fastconformer+wav2vec_sb+cohere,4,seamless_m4t,3282,73,0.022242535039609993
seamless_m4t+fastconformer+wav2vec_sb+cohere,4,fastconformer,3282,30,0.009140767824497258
seamless_m4t+fastconformer+wav2vec_sb+cohere,4,wav2vec_sb,3282,3173,0.9667885435709933
seamless_m4t+fastconformer+wav2vec_sb+cohere,4,cohere,3282,49,0.014929920780012188
seamless_m4t+xlsr+w2vbert+hubert,4,seamless_m4t,3282,371,0.11304082876294942
seamless_m4t+xlsr+w2vbert+hubert,4,xlsr,3282,2352,0.716636197440585
seamless_m4t+xlsr+w2vbert+hubert,4,w2vbert,3282,1226,0.37355271176112126
seamless_m4t+xlsr+w2vbert+hubert,4,hubert,3282,263,0.08013406459475929
seamless_m4t+xlsr+w2vbert+wav2vec_sb,4,seamless_m4t,3282,620,0.18890920170627665
seamless_m4t+xlsr+w2vbert+wav2vec_sb,4,xlsr,3282,1326,0.4040219378427788
seamless_m4t+xlsr+w2vbert+wav2vec_sb,4,w2vbert,3282,879,0.26782449725776963
seamless_m4t+xlsr+w2vbert+wav2vec_sb,4,wav2vec_sb,3282,1744,0.5313833028641073
seamless_m4t+xlsr+w2vbert+cohere,4,seamless_m4t,3282,88,0.02681291895185862
seamless_m4t+xlsr+w2vbert+cohere,4,xlsr,3282,2614,0.7964655697745278
seamless_m4t+xlsr+w2vbert+cohere,4,w2vbert,3282,1757,0.5353443022547227
seamless_m4t+xlsr+w2vbert+cohere,4,cohere,3282,69,0.02102376599634369
seamless_m4t+xlsr+hubert+wav2vec_sb,4,seamless_m4t,3282,450,0.13711151736745886
seamless_m4t+xlsr+hubert+wav2vec_sb,4,xlsr,3282,1793,0.5463132236441195
seamless_m4t+xlsr+hubert+wav2vec_sb,4,hubert,3282,254,0.07739183424741011
seamless_m4t+xlsr+hubert+wav2vec_sb,4,wav2vec_sb,3282,2172,0.6617915904936015
seamless_m4t+xlsr+hubert+cohere,4,seamless_m4t,3282,86,0.026203534430225474
seamless_m4t+xlsr+hubert+cohere,4,xlsr,3282,2749,0.8375990249847654
seamless_m4t+xlsr+hubert+cohere,4,hubert,3282,620,0.18890920170627665
seamless_m4t+xlsr+hubert+cohere,4,cohere,3282,76,0.02315661182205972
seamless_m4t+xlsr+wav2vec_sb+cohere,4,seamless_m4t,3282,79,0.024070688604509446
seamless_m4t+xlsr+wav2vec_sb+cohere,4,xlsr,3282,2507,0.7638634978671541
seamless_m4t+xlsr+wav2vec_sb+cohere,4,wav2vec_sb,3282,2703,0.823583180987203
seamless_m4t+xlsr+wav2vec_sb+cohere,4,cohere,3282,85,0.0258988421694089
seamless_m4t+w2vbert+hubert+wav2vec_sb,4,seamless_m4t,3282,276,0.08409506398537477
seamless_m4t+w2vbert+hubert+wav2vec_sb,4,w2vbert,3282,1132,0.3449116392443632
seamless_m4t+w2vbert+hubert+wav2vec_sb,4,hubert,3282,209,0.06368068251066424
seamless_m4t+w2vbert+hubert+wav2vec_sb,4,wav2vec_sb,3282,2550,0.7769652650822669
seamless_m4t+w2vbert+hubert+cohere,4,seamless_m4t,3282,167,0.05088360755636807
seamless_m4t+w2vbert+hubert+cohere,4,w2vbert,3282,2508,0.7641681901279708
seamless_m4t+w2vbert+hubert+cohere,4,hubert,3282,1208,0.36806825106642294
seamless_m4t+w2vbert+hubert+cohere,4,cohere,3282,161,0.049055453991468614
seamless_m4t+w2vbert+wav2vec_sb+cohere,4,seamless_m4t,3282,50,0.015234613040828763
seamless_m4t+w2vbert+wav2vec_sb+cohere,4,w2vbert,3282,1623,0.4945155393053016
seamless_m4t+w2vbert+wav2vec_sb+cohere,4,wav2vec_sb,3282,2618,0.797684338817794
seamless_m4t+w2vbert+wav2vec_sb+cohere,4,cohere,3282,60,0.018281535648994516
seamless_m4t+hubert+wav2vec_sb+cohere,4,seamless_m4t,3282,63,0.019195612431444242
seamless_m4t+hubert+wav2vec_sb+cohere,4,hubert,3282,558,0.170018281535649
seamless_m4t+hubert+wav2vec_sb+cohere,4,wav2vec_sb,3282,2816,0.8580134064594759
seamless_m4t+hubert+wav2vec_sb+cohere,4,cohere,3282,65,0.019804996953077393
whisper_v3+whisper_v2+fastconformer+xlsr,4,whisper_v3,3282,29,0.008836075563680683
whisper_v3+whisper_v2+fastconformer+xlsr,4,whisper_v2,3282,64,0.019500304692260818
whisper_v3+whisper_v2+fastconformer+xlsr,4,fastconformer,3282,86,0.026203534430225474
whisper_v3+whisper_v2+fastconformer+xlsr,4,xlsr,3282,3161,0.9631322364411944
whisper_v3+whisper_v2+fastconformer+w2vbert,4,whisper_v3,3282,80,0.02437538086532602
whisper_v3+whisper_v2+fastconformer+w2vbert,4,whisper_v2,3282,170,0.0517976843388178
whisper_v3+whisper_v2+fastconformer+w2vbert,4,fastconformer,3282,186,0.056672760511883
whisper_v3+whisper_v2+fastconformer+w2vbert,4,w2vbert,3282,2950,0.898842169408897
whisper_v3+whisper_v2+fastconformer+hubert,4,whisper_v3,3282,205,0.06246191346739793
whisper_v3+whisper_v2+fastconformer+hubert,4,whisper_v2,3282,343,0.10450944546008531
whisper_v3+whisper_v2+fastconformer+hubert,4,fastconformer,3282,405,0.12340036563071298
whisper_v3+whisper_v2+fastconformer+hubert,4,hubert,3282,2633,0.8022547227300426
whisper_v3+whisper_v2+fastconformer+wav2vec_sb,4,whisper_v3,3282,20,0.006093845216331505
whisper_v3+whisper_v2+fastconformer+wav2vec_sb,4,whisper_v2,3282,55,0.01675807434491164
whisper_v3+whisper_v2+fastconformer+wav2vec_sb,4,fastconformer,3282,49,0.014929920780012188
whisper_v3+whisper_v2+fastconformer+wav2vec_sb,4,wav2vec_sb,3282,3163,0.9637416209628276
whisper_v3+whisper_v2+fastconformer+cohere,4,whisper_v3,3282,640,0.19500304692260817
whisper_v3+whisper_v2+fastconformer+cohere,4,whisper_v2,3282,1079,0.3287629494210847
whisper_v3+whisper_v2+fastconformer+cohere,4,fastconformer,3282,1151,0.3507007921998781
whisper_v3+whisper_v2+fastconformer+cohere,4,cohere,3282,747,0.22760511882998172
whisper_v3+whisper_v2+xlsr+w2vbert,4,whisper_v3,3282,41,0.012492382693479586
whisper_v3+whisper_v2+xlsr+w2vbert,4,whisper_v2,3282,75,0.022851919561243144
whisper_v3+whisper_v2+xlsr+w2vbert,4,xlsr,3282,2601,0.7925045703839122
whisper_v3+whisper_v2+xlsr+w2vbert,4,w2vbert,3282,1754,0.534430225472273
whisper_v3+whisper_v2+xlsr+hubert,4,whisper_v3,3282,44,0.01340645947592931
whisper_v3+whisper_v2+xlsr+hubert,4,whisper_v2,3282,62,0.018890920170627667
whisper_v3+whisper_v2+xlsr+hubert,4,xlsr,3282,2758,0.8403412553321146
whisper_v3+whisper_v2+xlsr+hubert,4,hubert,3282,596,0.18159658744667886
whisper_v3+whisper_v2+xlsr+wav2vec_sb,4,whisper_v3,3282,49,0.014929920780012188
whisper_v3+whisper_v2+xlsr+wav2vec_sb,4,whisper_v2,3282,71,0.021633150517976842
whisper_v3+whisper_v2+xlsr+wav2vec_sb,4,xlsr,3282,2482,0.7562461913467398
whisper_v3+whisper_v2+xlsr+wav2vec_sb,4,wav2vec_sb,3282,2677,0.815661182205972
whisper_v3+whisper_v2+xlsr+cohere,4,whisper_v3,3282,23,0.007007921998781231
whisper_v3+whisper_v2+xlsr+cohere,4,whisper_v2,3282,60,0.018281535648994516
whisper_v3+whisper_v2+xlsr+cohere,4,xlsr,3282,3160,0.9628275441803779
whisper_v3+whisper_v2+xlsr+cohere,4,cohere,3282,85,0.0258988421694089
whisper_v3+whisper_v2+w2vbert+hubert,4,whisper_v3,3282,120,0.03656307129798903
whisper_v3+whisper_v2+w2vbert+hubert,4,whisper_v2,3282,151,0.04600853138330287
whisper_v3+whisper_v2+w2vbert+hubert,4,w2vbert,3282,2483,0.7565508836075564
whisper_v3+whisper_v2+w2vbert+hubert,4,hubert,3282,1192,0.36319317489335773
whisper_v3+whisper_v2+w2vbert+wav2vec_sb,4,whisper_v3,3282,37,0.011273613650213284
whisper_v3+whisper_v2+w2vbert+wav2vec_sb,4,whisper_v2,3282,54,0.016453382084095063
whisper_v3+whisper_v2+w2vbert+wav2vec_sb,4,w2vbert,3282,1608,0.489945155393053
whisper_v3+whisper_v2+w2vbert+wav2vec_sb,4,wav2vec_sb,3282,2639,0.8040828762949421
whisper_v3+whisper_v2+w2vbert+cohere,4,whisper_v3,3282,82,0.024984765386959172
whisper_v3+whisper_v2+w2vbert+cohere,4,whisper_v2,3282,167,0.05088360755636807
whisper_v3+whisper_v2+w2vbert+cohere,4,w2vbert,3282,2982,0.9085923217550275
whisper_v3+whisper_v2+w2vbert+cohere,4,cohere,3282,192,0.05850091407678245
whisper_v3+whisper_v2+hubert+wav2vec_sb,4,whisper_v3,3282,35,0.010664229128580133
whisper_v3+whisper_v2+hubert+wav2vec_sb,4,whisper_v2,3282,55,0.01675807434491164
whisper_v3+whisper_v2+hubert+wav2vec_sb,4,hubert,3282,502,0.15295551492992077
whisper_v3+whisper_v2+hubert+wav2vec_sb,4,wav2vec_sb,3282,2815,0.8577087141986593
whisper_v3+whisper_v2+hubert+cohere,4,whisper_v3,3282,172,0.05240706886045095
whisper_v3+whisper_v2+hubert+cohere,4,whisper_v2,3282,343,0.10450944546008531
whisper_v3+whisper_v2+hubert+cohere,4,hubert,3282,2664,0.8117001828153565
whisper_v3+whisper_v2+hubert+cohere,4,cohere,3282,367,0.11182205971968312
whisper_v3+whisper_v2+wav2vec_sb+cohere,4,whisper_v3,3282,17,0.005179768433881779
whisper_v3+whisper_v2+wav2vec_sb+cohere,4,whisper_v2,3282,56,0.017062766605728214
whisper_v3+whisper_v2+wav2vec_sb+cohere,4,wav2vec_sb,3282,3176,0.967702620353443
whisper_v3+whisper_v2+wav2vec_sb+cohere,4,cohere,3282,62,0.018890920170627667
whisper_v3+fastconformer+xlsr+w2vbert,4,whisper_v3,3282,59,0.01797684338817794
whisper_v3+fastconformer+xlsr+w2vbert,4,fastconformer,3282,78,0.02376599634369287
whisper_v3+fastconformer+xlsr+w2vbert,4,xlsr,3282,2595,0.7906764168190128
whisper_v3+fastconformer+xlsr+w2vbert,4,w2vbert,3282,1658,0.5051797684338818
whisper_v3+fastconformer+xlsr+hubert,4,whisper_v3,3282,81,0.024680073126142597
whisper_v3+fastconformer+xlsr+hubert,4,fastconformer,3282,82,0.024984765386959172
whisper_v3+fastconformer+xlsr+hubert,4,xlsr,3282,2801,0.8534430225472273
whisper_v3+fastconformer+xlsr+hubert,4,hubert,3282,546,0.1663619744058501
whisper_v3+fastconformer+xlsr+wav2vec_sb,4,whisper_v3,3282,87,0.026508226691042046
whisper_v3+fastconformer+xlsr+wav2vec_sb,4,fastconformer,3282,79,0.024070688604509446
whisper_v3+fastconformer+xlsr+wav2vec_sb,4,xlsr,3282,2400,0.7312614259597806
whisper_v3+fastconformer+xlsr+wav2vec_sb,4,wav2vec_sb,3282,2637,0.803473491773309
whisper_v3+fastconformer+xlsr+cohere,4,whisper_v3,3282,48,0.014625228519195612
whisper_v3+fastconformer+xlsr+cohere,4,fastconformer,3282,51,0.015539305301645339
whisper_v3+fastconformer+xlsr+cohere,4,xlsr,3282,3168,0.9652650822669104
whisper_v3+fastconformer+xlsr+cohere,4,cohere,3282,61,0.01858622790981109
whisper_v3+fastconformer+w2vbert+hubert,4,whisper_v3,3282,190,0.0578915295551493
whisper_v3+fastconformer+w2vbert+hubert,4,fastconformer,3282,165,0.050274223034734916
whisper_v3+fastconformer+w2vbert+hubert,4,w2vbert,3282,2468,0.7519804996953078
whisper_v3+fastconformer+w2vbert+hubert,4,hubert,3282,1073,0.32693479585618523
whisper_v3+fastconformer+w2vbert+wav2vec_sb,4,whisper_v3,3282,55,0.01675807434491164
whisper_v3+fastconformer+w2vbert+wav2vec_sb,4,fastconformer,3282,58,0.017672151127361365
whisper_v3+fastconformer+w2vbert+wav2vec_sb,4,w2vbert,3282,1504,0.4582571602681292
whisper_v3+fastconformer+w2vbert+wav2vec_sb,4,wav2vec_sb,3282,2634,0.8025594149908593
whisper_v3+fastconformer+w2vbert+cohere,4,whisper_v3,3282,154,0.04692260816575259
whisper_v3+fastconformer+w2vbert+cohere,4,fastconformer,3282,128,0.039000609384521635
whisper_v3+fastconformer+w2vbert+cohere,4,w2vbert,3282,2978,0.9073735527117611
whisper_v3+fastconformer+w2vbert+cohere,4,cohere,3282,133,0.04052407068860451
whisper_v3+fastconformer+hubert+wav2vec_sb,4,whisper_v3,3282,58,0.017672151127361365
whisper_v3+fastconformer+hubert+wav2vec_sb,4,fastconformer,3282,49,0.014929920780012188
whisper_v3+fastconformer+hubert+wav2vec_sb,4,hubert,3282,439,0.13375990249847655
whisper_v3+fastconformer+hubert+wav2vec_sb,4,wav2vec_sb,3282,2833,0.8631931748933577
whisper_v3+fastconformer+hubert+cohere,4,whisper_v3,3282,320,0.09750152346130408
whisper_v3+fastconformer+hubert+cohere,4,fastconformer,3282,282,0.08592321755027423
whisper_v3+fastconformer+hubert+cohere,4,hubert,3282,2687,0.8187081048141377
whisper_v3+fastconformer+hubert+cohere,4,cohere,3282,277,0.08439975624619135
whisper_v3+fastconformer+wav2vec_sb+cohere,4,whisper_v3,3282,31,0.009445460085313833
whisper_v3+fastconformer+wav2vec_sb+cohere,4,fastconformer,3282,26,0.007921998781230956
whisper_v3+fastconformer+wav2vec_sb+cohere,4,wav2vec_sb,3282,3160,0.9628275441803779
whisper_v3+fastconformer+wav2vec_sb+cohere,4,cohere,3282,43,0.013101767215112737
whisper_v3+xlsr+w2vbert+hubert,4,whisper_v3,3282,301,0.09171237050578915
whisper_v3+xlsr+w2vbert+hubert,4,xlsr,3282,2366,0.720901889092017
whisper_v3+xlsr+w2vbert+hubert,4,w2vbert,3282,1270,0.3869591712370506
whisper_v3+xlsr+w2vbert+hubert,4,hubert,3282,265,0.08074344911639245
whisper_v3+xlsr+w2vbert+wav2vec_sb,4,whisper_v3,3282,544,0.16575258988421693
whisper_v3+xlsr+w2vbert+wav2vec_sb,4,xlsr,3282,1363,0.4152955514929921
whisper_v3+xlsr+w2vbert+wav2vec_sb,4,w2vbert,3282,906,0.2760511882998172
whisper_v3+xlsr+w2vbert+wav2vec_sb,4,wav2vec_sb,3282,1806,0.5502742230347349
whisper_v3+xlsr+w2vbert+cohere,4,whisper_v3,3282,58,0.017672151127361365
whisper_v3+xlsr+w2vbert+cohere,4,xlsr,3282,2605,0.7937233394271785
whisper_v3+xlsr+w2vbert+cohere,4,w2vbert,3282,1708,0.5204143814747105
whisper_v3+xlsr+w2vbert+cohere,4,cohere,3282,87,0.026508226691042046
whisper_v3+xlsr+hubert+wav2vec_sb,4,whisper_v3,3282,392,0.1194393662400975
whisper_v3+xlsr+hubert+wav2vec_sb,4,xlsr,3282,1795,0.5469226081657526
whisper_v3+xlsr+hubert+wav2vec_sb,4,hubert,3282,271,0.08257160268129189
whisper_v3+xlsr+hubert+wav2vec_sb,4,wav2vec_sb,3282,2218,0.6758074344911639
whisper_v3+xlsr+hubert+cohere,4,whisper_v3,3282,51,0.015539305301645339
whisper_v3+xlsr+hubert+cohere,4,xlsr,3282,2774,0.8452163315051797
whisper_v3+xlsr+hubert+cohere,4,hubert,3282,579,0.17641681901279707
whisper_v3+xlsr+hubert+cohere,4,cohere,3282,87,0.026508226691042046
whisper_v3+xlsr+wav2vec_sb+cohere,4,whisper_v3,3282,59,0.01797684338817794
whisper_v3+xlsr+wav2vec_sb+cohere,4,xlsr,3282,2428,0.7397928092626447
whisper_v3+xlsr+wav2vec_sb+cohere,4,wav2vec_sb,3282,2644,0.805606337599025
whisper_v3+xlsr+wav2vec_sb+cohere,4,cohere,3282,102,0.031078610603290677
whisper_v3+w2vbert+hubert+wav2vec_sb,4,whisper_v3,3282,216,0.06581352833638025
whisper_v3+w2vbert+hubert+wav2vec_sb,4,w2vbert,3282,1097,0.3342474101157831
whisper_v3+w2vbert+hubert+wav2vec_sb,4,hubert,3282,208,0.06337599024984765
whisper_v3+w2vbert+hubert+wav2vec_sb,4,wav2vec_sb,3282,2497,0.7608165752589884
whisper_v3+w2vbert+hubert+cohere,4,whisper_v3,3282,147,0.044789762340036565
whisper_v3+w2vbert+hubert+cohere,4,w2vbert,3282,2460,0.7495429616087751
whisper_v3+w2vbert+hubert+cohere,4,hubert,3282,1158,0.35283363802559414
whisper_v3+w2vbert+hubert+cohere,4,cohere,3282,189,0.05758683729433273
whisper_v3+w2vbert+wav2vec_sb+cohere,4,whisper_v3,3282,38,0.01157830591102986
whisper_v3+w2vbert+wav2vec_sb+cohere,4,w2vbert,3282,1557,0.4744058500914077
whisper_v3+w2vbert+wav2vec_sb+cohere,4,wav2vec_sb,3282,2648,0.8068251066422912
whisper_v3+w2vbert+wav2vec_sb+cohere,4,cohere,3282,67,0.020414381474710544
whisper_v3+hubert+wav2vec_sb+cohere,4,whisper_v3,3282,48,0.014625228519195612
whisper_v3+hubert+wav2vec_sb+cohere,4,hubert,3282,490,0.14929920780012187
whisper_v3+hubert+wav2vec_sb+cohere,4,wav2vec_sb,3282,2833,0.8631931748933577
whisper_v3+hubert+wav2vec_sb+cohere,4,cohere,3282,57,0.01736745886654479
whisper_v2+fastconformer+xlsr+w2vbert,4,whisper_v2,3282,103,0.03138330286410725
whisper_v2+fastconformer+xlsr+w2vbert,4,fastconformer,3282,89,0.027117611212675197
whisper_v2+fastconformer+xlsr+w2vbert,4,xlsr,3282,2599,0.7918951858622791
whisper_v2+fastconformer+xlsr+w2vbert,4,w2vbert,3282,1625,0.4951249238269348
whisper_v2+fastconformer+xlsr+hubert,4,whisper_v2,3282,91,0.027726995734308348
whisper_v2+fastconformer+xlsr+hubert,4,fastconformer,3282,87,0.026508226691042046
whisper_v2+fastconformer+xlsr+hubert,4,xlsr,3282,2808,0.8555758683729433
whisper_v2+fastconformer+xlsr+hubert,4,hubert,3282,495,0.15082266910420475
whisper_v2+fastconformer+xlsr+wav2vec_sb,4,whisper_v2,3282,111,0.033820840950639856
whisper_v2+fastconformer+xlsr+wav2vec_sb,4,fastconformer,3282,79,0.024070688604509446
whisper_v2+fastconformer+xlsr+wav2vec_sb,4,xlsr,3282,2306,0.7026203534430225
whisper_v2+fastconformer+xlsr+wav2vec_sb,4,wav2vec_sb,3282,2537,0.7730042656916515
whisper_v2+fastconformer+xlsr+cohere,4,whisper_v2,3282,90,0.027422303473491772
whisper_v2+fastconformer+xlsr+cohere,4,fastconformer,3282,51,0.015539305301645339
whisper_v2+fastconformer+xlsr+cohere,4,xlsr,3282,3128,0.9530773918342474
whisper_v2+fastconformer+xlsr+cohere,4,cohere,3282,66,0.02010968921389397
whisper_v2+fastconformer+w2vbert+hubert,4,whisper_v2,3282,236,0.07190737355271176
whisper_v2+fastconformer+w2vbert+hubert,4,fastconformer,3282,171,0.05210237659963437
whisper_v2+fastconformer+w2vbert+hubert,4,w2vbert,3282,2478,0.7550274223034735
whisper_v2+fastconformer+w2vbert+hubert,4,hubert,3282,1009,0.30743449116392446
whisper_v2+fastconformer+w2vbert+wav2vec_sb,4,whisper_v2,3282,79,0.024070688604509446
whisper_v2+fastconformer+w2vbert+wav2vec_sb,4,fastconformer,3282,60,0.018281535648994516
whisper_v2+fastconformer+w2vbert+wav2vec_sb,4,w2vbert,3282,1470,0.44789762340036565
whisper_v2+fastconformer+w2vbert+wav2vec_sb,4,wav2vec_sb,3282,2643,0.8053016453382084
whisper_v2+fastconformer+w2vbert+cohere,4,whisper_v2,3282,248,0.07556368068251067
whisper_v2+fastconformer+w2vbert+cohere,4,fastconformer,3282,117,0.0356489945155393
whisper_v2+fastconformer+w2vbert+cohere,4,w2vbert,3282,2947,0.8979280926264472
whisper_v2+fastconformer+w2vbert+cohere,4,cohere,3282,138,0.04204753199268738
whisper_v2+fastconformer+hubert+wav2vec_sb,4,whisper_v2,3282,89,0.027117611212675197
whisper_v2+fastconformer+hubert+wav2vec_sb,4,fastconformer,3282,49,0.014929920780012188
whisper_v2+fastconformer+hubert+wav2vec_sb,4,hubert,3282,396,0.1206581352833638
whisper_v2+fastconformer+hubert+wav2vec_sb,4,wav2vec_sb,3282,2854,0.8695917123705058
whisper_v2+fastconformer+hubert+cohere,4,whisper_v2,3282,476,0.1450335161486898
whisper_v2+fastconformer+hubert+cohere,4,fastconformer,3282,264,0.08043875685557587
whisper_v2+fastconformer+hubert+cohere,4,hubert,3282,2636,0.8031687995124924
whisper_v2+fastconformer+hubert+cohere,4,cohere,3282,289,0.08805606337599026
whisper_v2+fastconformer+wav2vec_sb+cohere,4,whisper_v2,3282,72,0.021937842778793418
whisper_v2+fastconformer+wav2vec_sb+cohere,4,fastconformer,3282,18,0.005484460694698354
whisper_v2+fastconformer+wav2vec_sb+cohere,4,wav2vec_sb,3282,3147,0.9588665447897623
whisper_v2+fastconformer+wav2vec_sb+cohere,4,cohere,3282,48,0.014625228519195612
whisper_v2+xlsr+w2vbert+hubert,4,whisper_v2,3282,328,0.09993906154783669
whisper_v2+xlsr+w2vbert+hubert,4,xlsr,3282,2327,0.7090188909201707
whisper_v2+xlsr+w2vbert+hubert,4,w2vbert,3282,1255,0.38238878732480197
whisper_v2+xlsr+w2vbert+hubert,4,hubert,3282,266,0.08104814137720902
whisper_v2+xlsr+w2vbert+wav2vec_sb,4,whisper_v2,3282,592,0.18037781840341255
whisper_v2+xlsr+w2vbert+wav2vec_sb,4,xlsr,3282,1312,0.39975624619134675
whisper_v2+xlsr+w2vbert+wav2vec_sb,4,w2vbert,3282,908,0.27666057282145035
whisper_v2+xlsr+w2vbert+wav2vec_sb,4,wav2vec_sb,3282,1773,0.5402193784277879
whisper_v2+xlsr+w2vbert+cohere,4,whisper_v2,3282,85,0.0258988421694089
whisper_v2+xlsr+w2vbert+cohere,4,xlsr,3282,2591,0.7894576477757465
whisper_v2+xlsr+w2vbert+cohere,4,w2vbert,3282,1654,0.5039609993906154
whisper_v2+xlsr+w2vbert+cohere,4,cohere,3282,94,0.028641072516758074
whisper_v2+xlsr+hubert+wav2vec_sb,4,whisper_v2,3282,409,0.12461913467397928
whisper_v2+xlsr+hubert+wav2vec_sb,4,xlsr,3282,1763,0.5371724558196221
whisper_v2+xlsr+hubert+wav2vec_sb,4,hubert,3282,260,0.07921998781230957
whisper_v2+xlsr+hubert+wav2vec_sb,4,wav2vec_sb,3282,2231,0.6797684338817794
whisper_v2+xlsr+hubert+cohere,4,whisper_v2,3282,81,0.024680073126142597
whisper_v2+xlsr+hubert+cohere,4,xlsr,3282,2804,0.8543570993296771
whisper_v2+xlsr+hubert+cohere,4,hubert,3282,546,0.1663619744058501
whisper_v2+xlsr+hubert+cohere,4,cohere,3282,100,0.030469226081657527
whisper_v2+xlsr+wav2vec_sb+cohere,4,whisper_v2,3282,81,0.024680073126142597
whisper_v2+xlsr+wav2vec_sb+cohere,4,xlsr,3282,2388,0.7276051188299817
whisper_v2+xlsr+wav2vec_sb+cohere,4,wav2vec_sb,3282,2605,0.7937233394271785
whisper_v2+xlsr+wav2vec_sb+cohere,4,cohere,3282,113,0.03443022547227301
whisper_v2+w2vbert+hubert+wav2vec_sb,4,whisper_v2,3282,270,0.08226691042047532
whisper_v2+w2vbert+hubert+wav2vec_sb,4,w2vbert,3282,1131,0.3446069469835466
whisper_v2+w2vbert+hubert+wav2vec_sb,4,hubert,3282,200,0.06093845216331505
whisper_v2+w2vbert+hubert+wav2vec_sb,4,wav2vec_sb,3282,2534,0.7720901889092017
whisper_v2+w2vbert+hubert+cohere,4,whisper_v2,3282,210,0.06398537477148081
whisper_v2+w2vbert+hubert+cohere,4,w2vbert,3282,2470,0.7525898842169408
whisper_v2+w2vbert+hubert+cohere,4,hubert,3282,1097,0.3342474101157831
whisper_v2+w2vbert+hubert+cohere,4,cohere,3282,209,0.06368068251066424
whisper_v2+w2vbert+wav2vec_sb+cohere,4,whisper_v2,3282,58,0.017672151127361365
whisper_v2+w2vbert+wav2vec_sb+cohere,4,w2vbert,3282,1492,0.45460085313833026
whisper_v2+w2vbert+wav2vec_sb+cohere,4,wav2vec_sb,3282,2611,0.795551492992078
whisper_v2+w2vbert+wav2vec_sb+cohere,4,cohere,3282,73,0.022242535039609993
whisper_v2+hubert+wav2vec_sb+cohere,4,whisper_v2,3282,68,0.020719073735527116
whisper_v2+hubert+wav2vec_sb+cohere,4,hubert,3282,452,0.13772090188909203
whisper_v2+hubert+wav2vec_sb+cohere,4,wav2vec_sb,3282,2850,0.8683729433272395
whisper_v2+hubert+wav2vec_sb+cohere,4,cohere,3282,82,0.024984765386959172
fastconformer+xlsr+w2vbert+hubert,4,fastconformer,3282,304,0.09262644728823888
fastconformer+xlsr+w2vbert+hubert,4,xlsr,3282,2364,0.720292504570384
fastconformer+xlsr+w2vbert+hubert,4,w2vbert,3282,1229,0.374466788543571
fastconformer+xlsr+w2vbert+hubert,4,hubert,3282,261,0.07952468007312614
fastconformer+xlsr+w2vbert+wav2vec_sb,4,fastconformer,3282,553,0.16849482023156612
fastconformer+xlsr+w2vbert+wav2vec_sb,4,xlsr,3282,1338,0.4076782449725777
fastconformer+xlsr+w2vbert+wav2vec_sb,4,w2vbert,3282,906,0.2760511882998172
fastconformer+xlsr+w2vbert+wav2vec_sb,4,wav2vec_sb,3282,1780,0.5423522242535039
fastconformer+xlsr+w2vbert+cohere,4,fastconformer,3282,53,0.016148689823278488
fastconformer+xlsr+w2vbert+cohere,4,xlsr,3282,2613,0.7961608775137111
fastconformer+xlsr+w2vbert+cohere,4,w2vbert,3282,1709,0.5207190737355272
fastconformer+xlsr+w2vbert+cohere,4,cohere,3282,89,0.027117611212675197
fastconformer+xlsr+hubert+wav2vec_sb,4,fastconformer,3282,407,0.12400975015234612
fastconformer+xlsr+hubert+wav2vec_sb,4,xlsr,3282,1813,0.552407068860451
fastconformer+xlsr+hubert+wav2vec_sb,4,hubert,3282,254,0.07739183424741011
fastconformer+xlsr+hubert+wav2vec_sb,4,wav2vec_sb,3282,2207,0.6724558196221816
fastconformer+xlsr+hubert+cohere,4,fastconformer,3282,54,0.016453382084095063
fastconformer+xlsr+hubert+cohere,4,xlsr,3282,2788,0.8494820231566118
fastconformer+xlsr+hubert+cohere,4,hubert,3282,594,0.1809872029250457
fastconformer+xlsr+hubert+cohere,4,cohere,3282,93,0.0283363802559415
fastconformer+xlsr+wav2vec_sb+cohere,4,fastconformer,3282,50,0.015234613040828763
fastconformer+xlsr+wav2vec_sb+cohere,4,xlsr,3282,2500,0.7617306520414382
fastconformer+xlsr+wav2vec_sb+cohere,4,wav2vec_sb,3282,2690,0.8196221815965874
fastconformer+xlsr+wav2vec_sb+cohere,4,cohere,3282,103,0.03138330286410725
fastconformer+w2vbert+hubert+wav2vec_sb,4,fastconformer,3282,221,0.06733698964046313
fastconformer+w2vbert+hubert+wav2vec_sb,4,w2vbert,3282,1105,0.33668494820231565
fastconformer+w2vbert+hubert+wav2vec_sb,4,hubert,3282,197,0.06002437538086532
fastconformer+w2vbert+hubert+wav2vec_sb,4,wav2vec_sb,3282,2514,0.7659963436928702
fastconformer+w2vbert+hubert+cohere,4,fastconformer,3282,122,0.03717245581962218
fastconformer+w2vbert+hubert+cohere,4,w2vbert,3282,2515,0.7663010359536868
fastconformer+w2vbert+hubert+cohere,4,hubert,3282,1172,0.3570993296770262
fastconformer+w2vbert+hubert+cohere,4,cohere,3282,191,0.05819622181596588
fastconformer+w2vbert+wav2vec_sb+cohere,4,fastconformer,3282,37,0.011273613650213284
fastconformer+w2vbert+wav2vec_sb+cohere,4,w2vbert,3282,1594,0.48567946374162096
fastconformer+w2vbert+wav2vec_sb+cohere,4,wav2vec_sb,3282,2673,0.8144424131627057
fastconformer+w2vbert+wav2vec_sb+cohere,4,cohere,3282,66,0.02010968921389397
fastconformer+hubert+wav2vec_sb+cohere,4,fastconformer,3282,33,0.010054844606946984
fastconformer+hubert+wav2vec_sb+cohere,4,hubert,3282,510,0.15539305301645337
fastconformer+hubert+wav2vec_sb+cohere,4,wav2vec_sb,3282,2828,0.8616697135892748
fastconformer+hubert+wav2vec_sb+cohere,4,cohere,3282,77,0.023461304082876295
xlsr+w2vbert+hubert+wav2vec_sb,4,xlsr,3282,1272,0.3875685557586837
xlsr+w2vbert+hubert+wav2vec_sb,4,w2vbert,3282,1005,0.3062157221206581
xlsr+w2vbert+hubert+wav2vec_sb,4,hubert,3282,482,0.14686166971358927
xlsr+w2vbert+hubert+wav2vec_sb,4,wav2vec_sb,3282,1752,0.5338208409506399
xlsr+w2vbert+hubert+cohere,4,xlsr,3282,2325,0.7084095063985375
xlsr+w2vbert+hubert+cohere,4,w2vbert,3282,1243,0.37873248019500305
xlsr+w2vbert+hubert+cohere,4,hubert,3282,261,0.07952468007312614
xlsr+w2vbert+hubert+cohere,4,cohere,3282,346,0.10542352224253504
xlsr+w2vbert+wav2vec_sb+cohere,4,xlsr,3282,1296,0.39488117001828155
xlsr+w2vbert+wav2vec_sb+cohere,4,w2vbert,3282,873,0.2659963436928702
xlsr+w2vbert+wav2vec_sb+cohere,4,wav2vec_sb,3282,1729,0.5268129189518587
xlsr+w2vbert+wav2vec_sb+cohere,4,cohere,3282,602,0.1834247410115783
xlsr+hubert+wav2vec_sb+cohere,4,xlsr,3282,1796,0.5472273004265692
xlsr+hubert+wav2vec_sb+cohere,4,hubert,3282,256,0.07800121876904327
xlsr+hubert+wav2vec_sb+cohere,4,wav2vec_sb,3282,2225,0.6779402803168799
xlsr+hubert+wav2vec_sb+cohere,4,cohere,3282,480,0.14625228519195613
w2vbert+hubert+wav2vec_sb+cohere,4,w2vbert,3282,1106,0.33698964046313223
w2vbert+hubert+wav2vec_sb+cohere,4,hubert,3282,212,0.06459475929311395
w2vbert+hubert+wav2vec_sb+cohere,4,wav2vec_sb,3282,2531,0.771176112126752
w2vbert+hubert+wav2vec_sb+cohere,4,cohere,3282,265,0.08074344911639245
seamless_m4t+whisper_v3+whisper_v2+fastconformer+xlsr,5,seamless_m4t,3282,128,0.039000609384521635
seamless_m4t+whisper_v3+whisper_v2+fastconformer+xlsr,5,whisper_v3,3282,33,0.010054844606946984
seamless_m4t+whisper_v3+whisper_v2+fastconformer+xlsr,5,whisper_v2,3282,82,0.024984765386959172
seamless_m4t+whisper_v3+whisper_v2+fastconformer+xlsr,5,fastconformer,3282,71,0.021633150517976842
seamless_m4t+whisper_v3+whisper_v2+fastconformer+xlsr,5,xlsr,3282,3226,0.9829372333942717
seamless_m4t+whisper_v3+whisper_v2+fastconformer+w2vbert,5,seamless_m4t,3282,217,0.06611822059719683
seamless_m4t+whisper_v3+whisper_v2+fastconformer+w2vbert,5,whisper_v3,3282,113,0.03443022547227301
seamless_m4t+whisper_v3+whisper_v2+fastconformer+w2vbert,5,whisper_v2,3282,208,0.06337599024984765
seamless_m4t+whisper_v3+whisper_v2+fastconformer+w2vbert,5,fastconformer,3282,154,0.04692260816575259
seamless_m4t+whisper_v3+whisper_v2+fastconformer+w2vbert,5,w2vbert,3282,3058,0.9317489335770871
seamless_m4t+whisper_v3+whisper_v2+fastconformer+hubert,5,seamless_m4t,3282,451,0.13741620962827544
seamless_m4t+whisper_v3+whisper_v2+fastconformer+hubert,5,whisper_v3,3282,236,0.07190737355271176
seamless_m4t+whisper_v3+whisper_v2+fastconformer+hubert,5,whisper_v2,3282,428,0.13040828762949422
seamless_m4t+whisper_v3+whisper_v2+fastconformer+hubert,5,fastconformer,3282,396,0.1206581352833638
seamless_m4t+whisper_v3+whisper_v2+fastconformer+hubert,5,hubert,3282,2790,0.850091407678245
seamless_m4t+whisper_v3+whisper_v2+fastconformer+wav2vec_sb,5,seamless_m4t,3282,105,0.031992687385740404
seamless_m4t+whisper_v3+whisper_v2+fastconformer+wav2vec_sb,5,whisper_v3,3282,34,0.010359536867763558
seamless_m4t+whisper_v3+whisper_v2+fastconformer+wav2vec_sb,5,whisper_v2,3282,72,0.021937842778793418
seamless_m4t+whisper_v3+whisper_v2+fastconformer+wav2vec_sb,5,fastconformer,3282,57,0.01736745886654479
seamless_m4t+whisper_v3+whisper_v2+fastconformer+wav2vec_sb,5,wav2vec_sb,3282,3243,0.9881170018281535
seamless_m4t+whisper_v3+whisper_v2+fastconformer+cohere,5,seamless_m4t,3282,987,0.3007312614259598
seamless_m4t+whisper_v3+whisper_v2+fastconformer+cohere,5,whisper_v3,3282,846,0.2577696526508227
seamless_m4t+whisper_v3+whisper_v2+fastconformer+cohere,5,whisper_v2,3282,1238,0.3772090188909202
seamless_m4t+whisper_v3+whisper_v2+fastconformer+cohere,5,fastconformer,3282,1131,0.3446069469835466
seamless_m4t+whisper_v3+whisper_v2+fastconformer+cohere,5,cohere,3282,674,0.20536258379037173
seamless_m4t+whisper_v3+whisper_v2+xlsr+w2vbert,5,seamless_m4t,3282,158,0.04814137720901889
seamless_m4t+whisper_v3+whisper_v2+xlsr+w2vbert,5,whisper_v3,3282,36,0.010968921389396709
seamless_m4t+whisper_v3+whisper_v2+xlsr+w2vbert,5,whisper_v2,3282,81,0.024680073126142597
seamless_m4t+whisper_v3+whisper_v2+xlsr+w2vbert,5,xlsr,3282,3033,0.9241316270566727
seamless_m4t+whisper_v3+whisper_v2+xlsr+w2vbert,5,w2vbert,3282,2109,0.6425959780621572
seamless_m4t+whisper_v3+whisper_v2+xlsr+hubert,5,seamless_m4t,3282,138,0.04204753199268738
seamless_m4t+whisper_v3+whisper_v2+xlsr+hubert,5,whisper_v3,3282,41,0.012492382693479586
seamless_m4t+whisper_v3+whisper_v2+xlsr+hubert,5,whisper_v2,3282,78,0.02376599634369287
seamless_m4t+whisper_v3+whisper_v2+xlsr+hubert,5,xlsr,3282,3144,0.9579524680073126
seamless_m4t+whisper_v3+whisper_v2+xlsr+hubert,5,hubert,3282,881,0.2684338817794028
seamless_m4t+whisper_v3+whisper_v2+xlsr+wav2vec_sb,5,seamless_m4t,3282,135,0.04113345521023766
seamless_m4t+whisper_v3+whisper_v2+xlsr+wav2vec_sb,5,whisper_v3,3282,34,0.010359536867763558
seamless_m4t+whisper_v3+whisper_v2+xlsr+wav2vec_sb,5,whisper_v2,3282,72,0.021937842778793418
seamless_m4t+whisper_v3+whisper_v2+xlsr+wav2vec_sb,5,xlsr,3282,2851,0.8686776355880561
seamless_m4t+whisper_v3+whisper_v2+xlsr+wav2vec_sb,5,wav2vec_sb,3282,3046,0.9280926264472883
seamless_m4t+whisper_v3+whisper_v2+xlsr+cohere,5,seamless_m4t,3282,120,0.03656307129798903
seamless_m4t+whisper_v3+whisper_v2+xlsr+cohere,5,whisper_v3,3282,28,0.008531383302864107
seamless_m4t+whisper_v3+whisper_v2+xlsr+cohere,5,whisper_v2,3282,78,0.02376599634369287
seamless_m4t+whisper_v3+whisper_v2+xlsr+cohere,5,xlsr,3282,3221,0.9814137720901889
seamless_m4t+whisper_v3+whisper_v2+xlsr+cohere,5,cohere,3282,69,0.02102376599634369
seamless_m4t+whisper_v3+whisper_v2+w2vbert+hubert,5,seamless_m4t,3282,247,0.0752589884216941
seamless_m4t+whisper_v3+whisper_v2+w2vbert+hubert,5,whisper_v3,3282,115,0.03503960999390616
seamless_m4t+whisper_v3+whisper_v2+w2vbert+hubert,5,whisper_v2,3282,192,0.05850091407678245
seamless_m4t+whisper_v3+whisper_v2+w2vbert+hubert,5,w2vbert,3282,2852,0.8689823278488726
seamless_m4t+whisper_v3+whisper_v2+w2vbert+hubert,5,hubert,3282,1459,0.4445460085313833
seamless_m4t+whisper_v3+whisper_v2+w2vbert+wav2vec_sb,5,seamless_m4t,3282,117,0.0356489945155393
seamless_m4t+whisper_v3+whisper_v2+w2vbert+wav2vec_sb,5,whisper_v3,3282,30,0.009140767824497258
seamless_m4t+whisper_v3+whisper_v2+w2vbert+wav2vec_sb,5,whisper_v2,3282,68,0.020719073735527116
seamless_m4t+whisper_v3+whisper_v2+w2vbert+wav2vec_sb,5,w2vbert,3282,1999,0.609079829372334
seamless_m4t+whisper_v3+whisper_v2+w2vbert+wav2vec_sb,5,wav2vec_sb,3282,3120,0.9506398537477148
seamless_m4t+whisper_v3+whisper_v2+w2vbert+cohere,5,seamless_m4t,3282,207,0.06307129798903108
seamless_m4t+whisper_v3+whisper_v2+w2vbert+cohere,5,whisper_v3,3282,113,0.03443022547227301
seamless_m4t+whisper_v3+whisper_v2+w2vbert+cohere,5,whisper_v2,3282,213,0.06489945155393052
seamless_m4t+whisper_v3+whisper_v2+w2vbert+cohere,5,w2vbert,3282,3085,0.9399756246191346
seamless_m4t+whisper_v3+whisper_v2+w2vbert+cohere,5,cohere,3282,151,0.04600853138330287
seamless_m4t+whisper_v3+whisper_v2+hubert+wav2vec_sb,5,seamless_m4t,3282,99,0.03016453382084095
seamless_m4t+whisper_v3+whisper_v2+hubert+wav2vec_sb,5,whisper_v3,3282,35,0.010664229128580133
seamless_m4t+whisper_v3+whisper_v2+hubert+wav2vec_sb,5,whisper_v2,3282,61,0.01858622790981109
seamless_m4t+whisper_v3+whisper_v2+hubert+wav2vec_sb,5,hubert,3282,753,0.22943327239488118
seamless_m4t+whisper_v3+whisper_v2+hubert+wav2vec_sb,5,wav2vec_sb,3282,3170,0.9658744667885436
seamless_m4t+whisper_v3+whisper_v2+hubert+cohere,5,seamless_m4t,3282,424,0.1291895185862279
seamless_m4t+whisper_v3+whisper_v2+hubert+cohere,5,whisper_v3,3282,234,0.0712979890310786
seamless_m4t+whisper_v3+whisper_v2+hubert+cohere,5,whisper_v2,3282,429,0.13071297989031078
seamless_m4t+whisper_v3+whisper_v2+hubert+cohere,5,hubert,3282,2811,0.856489945155393
seamless_m4t+whisper_v3+whisper_v2+hubert+cohere,5,cohere,3282,309,0.09414990859232175
seamless_m4t+whisper_v3+whisper_v2+wav2vec_sb+cohere,5,seamless_m4t,3282,92,0.028031687995124923
seamless_m4t+whisper_v3+whisper_v2+wav2vec_sb+cohere,5,whisper_v3,3282,27,0.008226691042047532
seamless_m4t+whisper_v3+whisper_v2+wav2vec_sb+cohere,5,whisper_v2,3282,69,0.02102376599634369
seamless_m4t+whisper_v3+whisper_v2+wav2vec_sb+cohere,5,wav2vec_sb,3282,3229,0.9838513101767216
seamless_m4t+whisper_v3+whisper_v2+wav2vec_sb+cohere,5,cohere,3282,54,0.016453382084095063
seamless_m4t+whisper_v3+fastconformer+xlsr+w2vbert,5,seamless_m4t,3282,128,0.039000609384521635
seamless_m4t+whisper_v3+fastconformer+xlsr+w2vbert,5,whisper_v3,3282,61,0.01858622790981109
seamless_m4t+whisper_v3+fastconformer+xlsr+w2vbert,5,fastconformer,3282,68,0.020719073735527116
seamless_m4t+whisper_v3+fastconformer+xlsr+w2vbert,5,xlsr,3282,3051,0.9296160877513712
seamless_m4t+whisper_v3+fastconformer+xlsr+w2vbert,5,w2vbert,3282,2079,0.6334552102376599
seamless_m4t+whisper_v3+fastconformer+xlsr+hubert,5,seamless_m4t,3282,117,0.0356489945155393
seamless_m4t+whisper_v3+fastconformer+xlsr+hubert,5,whisper_v3,3282,71,0.021633150517976842
seamless_m4t+whisper_v3+fastconformer+xlsr+hubert,5,fastconformer,3282,64,0.019500304692260818
seamless_m4t+whisper_v3+fastconformer+xlsr+hubert,5,xlsr,3282,3129,0.953382084095064
seamless_m4t+whisper_v3+fastconformer+xlsr+hubert,5,hubert,3282,844,0.2571602681291895
seamless_m4t+whisper_v3+fastconformer+xlsr+wav2vec_sb,5,seamless_m4t,3282,116,0.03534430225472273
seamless_m4t+whisper_v3+fastconformer+xlsr+wav2vec_sb,5,whisper_v3,3282,65,0.019804996953077393
seamless_m4t+whisper_v3+fastconformer+xlsr+wav2vec_sb,5,fastconformer,3282,57,0.01736745886654479
seamless_m4t+whisper_v3+fastconformer+xlsr+wav2vec_sb,5,xlsr,3282,2849,0.8680682510664229
seamless_m4t+whisper_v3+fastconformer+xlsr+wav2vec_sb,5,wav2vec_sb,3282,3052,0.9299207800121877
seamless_m4t+whisper_v3+fastconformer+xlsr+cohere,5,seamless_m4t,3282,120,0.03656307129798903
seamless_m4t+whisper_v3+fastconformer+xlsr+cohere,5,whisper_v3,3282,66,0.02010968921389397
seamless_m4t+whisper_v3+fastconformer+xlsr+cohere,5,fastconformer,3282,58,0.017672151127361365
seamless_m4t+whisper_v3+fastconformer+xlsr+cohere,5,xlsr,3282,3225,0.9826325411334552
seamless_m4t+whisper_v3+fastconformer+xlsr+cohere,5,cohere,3282,59,0.01797684338817794
seamless_m4t+whisper_v3+fastconformer+w2vbert+hubert,5,seamless_m4t,3282,218,0.06642291285801341
seamless_m4t+whisper_v3+fastconformer+w2vbert+hubert,5,whisper_v3,3282,173,0.05271176112126752
seamless_m4t+whisper_v3+fastconformer+w2vbert+hubert,5,fastconformer,3282,152,0.04631322364411944
seamless_m4t+whisper_v3+fastconformer+w2vbert+hubert,5,w2vbert,3282,2870,0.874466788543571
seamless_m4t+whisper_v3+fastconformer+w2vbert+hubert,5,hubert,3282,1432,0.4363193174893358
seamless_m4t+whisper_v3+fastconformer+w2vbert+wav2vec_sb,5,seamless_m4t,3282,109,0.033211456429006705
seamless_m4t+whisper_v3+fastconformer+w2vbert+wav2vec_sb,5,whisper_v3,3282,59,0.01797684338817794
seamless_m4t+whisper_v3+fastconformer+w2vbert+wav2vec_sb,5,fastconformer,3282,55,0.01675807434491164
seamless_m4t+whisper_v3+fastconformer+w2vbert+wav2vec_sb,5,w2vbert,3282,1954,0.5953686776355881
seamless_m4t+whisper_v3+fastconformer+w2vbert+wav2vec_sb,5,wav2vec_sb,3282,3119,0.9503351614868982
seamless_m4t+whisper_v3+fastconformer+w2vbert+cohere,5,seamless_m4t,3282,217,0.06611822059719683
seamless_m4t+whisper_v3+fastconformer+w2vbert+cohere,5,whisper_v3,3282,189,0.05758683729433273
seamless_m4t+whisper_v3+fastconformer+w2vbert+cohere,5,fastconformer,3282,152,0.04631322364411944
seamless_m4t+whisper_v3+fastconformer+w2vbert+cohere,5,w2vbert,3282,3092,0.9421084704448507
seamless_m4t+whisper_v3+fastconformer+w2vbert+cohere,5,cohere,3282,134,0.04082876294942109
seamless_m4t+whisper_v3+fastconformer+hubert+wav2vec_sb,5,seamless_m4t,3282,88,0.02681291895185862
seamless_m4t+whisper_v3+fastconformer+hubert+wav2vec_sb,5,whisper_v3,3282,58,0.017672151127361365
seamless_m4t+whisper_v3+fastconformer+hubert+wav2vec_sb,5,fastconformer,3282,46,0.014015843997562462
seamless_m4t+whisper_v3+fastconformer+hubert+wav2vec_sb,5,hubert,3282,748,0.2279098110907983
seamless_m4t+whisper_v3+fastconformer+hubert+wav2vec_sb,5,wav2vec_sb,3282,3173,0.9667885435709933
seamless_m4t+whisper_v3+fastconformer+hubert+cohere,5,seamless_m4t,3282,388,0.1182205971968312
seamless_m4t+whisper_v3+fastconformer+hubert+cohere,5,whisper_v3,3282,363,0.11060329067641682
seamless_m4t+whisper_v3+fastconformer+hubert+cohere,5,fastconformer,3282,342,0.10420475319926874
seamless_m4t+whisper_v3+fastconformer+hubert+cohere,5,hubert,3282,2825,0.8607556368068251
seamless_m4t+whisper_v3+fastconformer+hubert+cohere,5,cohere,3282,262,0.07982937233394272
seamless_m4t+whisper_v3+fastconformer+wav2vec_sb+cohere,5,seamless_m4t,3282,96,0.029250457038391225
seamless_m4t+whisper_v3+fastconformer+wav2vec_sb+cohere,5,whisper_v3,3282,56,0.017062766605728214
seamless_m4t+whisper_v3+fastconformer+wav2vec_sb+cohere,5,fastconformer,3282,47,0.014320536258379037
seamless_m4t+whisper_v3+fastconformer+wav2vec_sb+cohere,5,wav2vec_sb,3282,3232,0.9847653869591713
seamless_m4t+whisper_v3+fastconformer+wav2vec_sb+cohere,5,cohere,3282,56,0.017062766605728214
seamless_m4t+whisper_v3+xlsr+w2vbert+hubert,5,seamless_m4t,3282,142,0.043266301035953685
seamless_m4t+whisper_v3+xlsr+w2vbert+hubert,5,whisper_v3,3282,76,0.02315661182205972
seamless_m4t+whisper_v3+xlsr+w2vbert+hubert,5,xlsr,3282,2811,0.856489945155393
seamless_m4t+whisper_v3+xlsr+w2vbert+hubert,5,w2vbert,3282,1731,0.5274223034734917
seamless_m4t+whisper_v3+xlsr+w2vbert+hubert,5,hubert,3282,594,0.1809872029250457
seamless_m4t+whisper_v3+xlsr+w2vbert+wav2vec_sb,5,seamless_m4t,3282,144,0.043875685557586835
seamless_m4t+whisper_v3+xlsr+w2vbert+wav2vec_sb,5,whisper_v3,3282,70,0.021328458257160267
seamless_m4t+whisper_v3+xlsr+w2vbert+wav2vec_sb,5,xlsr,3282,2395,0.7297379646556977
seamless_m4t+whisper_v3+xlsr+w2vbert+wav2vec_sb,5,w2vbert,3282,1714,0.52224253503961
seamless_m4t+whisper_v3+xlsr+w2vbert+wav2vec_sb,5,wav2vec_sb,3282,2676,0.8153564899451554
seamless_m4t+whisper_v3+xlsr+w2vbert+cohere,5,seamless_m4t,3282,108,0.03290676416819013
seamless_m4t+whisper_v3+xlsr+w2vbert+cohere,5,whisper_v3,3282,61,0.01858622790981109
seamless_m4t+whisper_v3+xlsr+w2vbert+cohere,5,xlsr,3282,3051,0.9296160877513712
seamless_m4t+whisper_v3+xlsr+w2vbert+cohere,5,w2vbert,3282,2147,0.6541742839731871
seamless_m4t+whisper_v3+xlsr+w2vbert+cohere,5,cohere,3282,58,0.017672151127361365
seamless_m4t+whisper_v3+xlsr+hubert+wav2vec_sb,5,seamless_m4t,3282,136,0.04143814747105423
seamless_m4t+whisper_v3+xlsr+hubert+wav2vec_sb,5,whisper_v3,3282,80,0.02437538086532602
seamless_m4t+whisper_v3+xlsr+hubert+wav2vec_sb,5,xlsr,3282,2500,0.7617306520414382
seamless_m4t+whisper_v3+xlsr+hubert+wav2vec_sb,5,hubert,3282,574,0.1748933577087142
seamless_m4t+whisper_v3+xlsr+hubert+wav2vec_sb,5,wav2vec_sb,3282,2808,0.8555758683729433
seamless_m4t+whisper_v3+xlsr+hubert+cohere,5,seamless_m4t,3282,106,0.032297379646556976
seamless_m4t+whisper_v3+xlsr+hubert+cohere,5,whisper_v3,3282,68,0.020719073735527116
seamless_m4t+whisper_v3+xlsr+hubert+cohere,5,xlsr,3282,3139,0.9564290067032297
seamless_m4t+whisper_v3+xlsr+hubert+cohere,5,hubert,3282,916,0.2790981109079829
seamless_m4t+whisper_v3+xlsr+hubert+cohere,5,cohere,3282,66,0.02010968921389397
seamless_m4t+whisper_v3+xlsr+wav2vec_sb+cohere,5,seamless_m4t,3282,97,0.0295551492992078
seamless_m4t+whisper_v3+xlsr+wav2vec_sb+cohere,5,whisper_v3,3282,61,0.01858622790981109
seamless_m4t+whisper_v3+xlsr+wav2vec_sb+cohere,5,xlsr,3282,2894,0.8817794028031688
seamless_m4t+whisper_v3+xlsr+wav2vec_sb+cohere,5,wav2vec_sb,3282,3073,0.9363193174893357
seamless_m4t+whisper_v3+xlsr+wav2vec_sb+cohere,5,cohere,3282,70,0.021328458257160267
seamless_m4t+whisper_v3+w2vbert+hubert+wav2vec_sb,5,seamless_m4t,3282,112,0.03412553321145643
seamless_m4t+whisper_v3+w2vbert+hubert+wav2vec_sb,5,whisper_v3,3282,73,0.022242535039609993
seamless_m4t+whisper_v3+w2vbert+hubert+wav2vec_sb,5,w2vbert,3282,1554,0.473491773308958
seamless_m4t+whisper_v3+w2vbert+hubert+wav2vec_sb,5,hubert,3282,518,0.15783059110298597
seamless_m4t+whisper_v3+w2vbert+hubert+wav2vec_sb,5,wav2vec_sb,3282,2918,0.8890920170627666
seamless_m4t+whisper_v3+w2vbert+hubert+cohere,5,seamless_m4t,3282,199,0.060633759902498474
seamless_m4t+whisper_v3+w2vbert+hubert+cohere,5,whisper_v3,3282,176,0.05362583790371724
seamless_m4t+whisper_v3+w2vbert+hubert+cohere,5,w2vbert,3282,2863,0.8723339427178549
seamless_m4t+whisper_v3+w2vbert+hubert+cohere,5,hubert,3282,1505,0.45856185252894577
seamless_m4t+whisper_v3+w2vbert+hubert+cohere,5,cohere,3282,159,0.048446069469835464
seamless_m4t+whisper_v3+w2vbert+wav2vec_sb+cohere,5,seamless_m4t,3282,89,0.027117611212675197
seamless_m4t+whisper_v3+w2vbert+wav2vec_sb+cohere,5,whisper_v3,3282,55,0.01675807434491164
seamless_m4t+whisper_v3+w2vbert+wav2vec_sb+cohere,5,w2vbert,3282,2026,0.6173065204143815
seamless_m4t+whisper_v3+w2vbert+wav2vec_sb+cohere,5,wav2vec_sb,3282,3121,0.9509445460085314
seamless_m4t+whisper_v3+w2vbert+wav2vec_sb+cohere,5,cohere,3282,61,0.01858622790981109
seamless_m4t+whisper_v3+hubert+wav2vec_sb+cohere,5,seamless_m4t,3282,81,0.024680073126142597
seamless_m4t+whisper_v3+hubert+wav2vec_sb+cohere,5,whisper_v3,3282,60,0.018281535648994516
seamless_m4t+whisper_v3+hubert+wav2vec_sb+cohere,5,hubert,3282,807,0.24588665447897623
seamless_m4t+whisper_v3+hubert+wav2vec_sb+cohere,5,wav2vec_sb,3282,3179,0.9686166971358927
seamless_m4t+whisper_v3+hubert+wav2vec_sb+cohere,5,cohere,3282,57,0.01736745886654479
seamless_m4t+whisper_v2+fastconformer+xlsr+w2vbert,5,seamless_m4t,3282,117,0.0356489945155393
seamless_m4t+whisper_v2+fastconformer+xlsr+w2vbert,5,whisper_v2,3282,101,0.030773918342474102
seamless_m4t+whisper_v2+fastconformer+xlsr+w2vbert,5,fastconformer,3282,65,0.019804996953077393
seamless_m4t+whisper_v2+fastconformer+xlsr+w2vbert,5,xlsr,3282,3016,0.9189518586227909
seamless_m4t+whisper_v2+fastconformer+xlsr+w2vbert,5,w2vbert,3282,2050,0.6246191346739792
seamless_m4t+whisper_v2+fastconformer+xlsr+hubert,5,seamless_m4t,3282,112,0.03412553321145643
seamless_m4t+whisper_v2+fastconformer+xlsr+hubert,5,whisper_v2,3282,110,0.03351614868982328
seamless_m4t+whisper_v2+fastconformer+xlsr+hubert,5,fastconformer,3282,72,0.021937842778793418
seamless_m4t+whisper_v2+fastconformer+xlsr+hubert,5,xlsr,3282,3137,0.9558196221815966
seamless_m4t+whisper_v2+fastconformer+xlsr+hubert,5,hubert,3282,777,0.236745886654479
seamless_m4t+whisper_v2+fastconformer+xlsr+wav2vec_sb,5,seamless_m4t,3282,115,0.03503960999390616
seamless_m4t+whisper_v2+fastconformer+xlsr+wav2vec_sb,5,whisper_v2,3282,106,0.032297379646556976
seamless_m4t+whisper_v2+fastconformer+xlsr+wav2vec_sb,5,fastconformer,3282,56,0.017062766605728214
seamless_m4t+whisper_v2+fastconformer+xlsr+wav2vec_sb,5,xlsr,3282,2845,0.8668494820231566
seamless_m4t+whisper_v2+fastconformer+xlsr+wav2vec_sb,5,wav2vec_sb,3282,3035,0.9247410115783059
seamless_m4t+whisper_v2+fastconformer+xlsr+cohere,5,seamless_m4t,3282,112,0.03412553321145643
seamless_m4t+whisper_v2+fastconformer+xlsr+cohere,5,whisper_v2,3282,123,0.037477148080438755
seamless_m4t+whisper_v2+fastconformer+xlsr+cohere,5,fastconformer,3282,63,0.019195612431444242
seamless_m4t+whisper_v2+fastconformer+xlsr+cohere,5,xlsr,3282,3226,0.9829372333942717
seamless_m4t+whisper_v2+fastconformer+xlsr+cohere,5,cohere,3282,62,0.018890920170627667
seamless_m4t+whisper_v2+fastconformer+w2vbert+hubert,5,seamless_m4t,3282,205,0.06246191346739793
seamless_m4t+whisper_v2+fastconformer+w2vbert+hubert,5,whisper_v2,3282,261,0.07952468007312614
seamless_m4t+whisper_v2+fastconformer+w2vbert+hubert,5,fastconformer,3282,148,0.04509445460085314
seamless_m4t+whisper_v2+fastconformer+w2vbert+hubert,5,w2vbert,3282,2855,0.8698964046313223
seamless_m4t+whisper_v2+fastconformer+w2vbert+hubert,5,hubert,3282,1356,0.41316270566727603
seamless_m4t+whisper_v2+fastconformer+w2vbert+wav2vec_sb,5,seamless_m4t,3282,96,0.029250457038391225
seamless_m4t+whisper_v2+fastconformer+w2vbert+wav2vec_sb,5,whisper_v2,3282,86,0.026203534430225474
seamless_m4t+whisper_v2+fastconformer+w2vbert+wav2vec_sb,5,fastconformer,3282,45,0.013711151736745886
seamless_m4t+whisper_v2+fastconformer+w2vbert+wav2vec_sb,5,w2vbert,3282,1921,0.585313833028641
seamless_m4t+whisper_v2+fastconformer+w2vbert+wav2vec_sb,5,wav2vec_sb,3282,3116,0.9494210847044485
seamless_m4t+whisper_v2+fastconformer+w2vbert+cohere,5,seamless_m4t,3282,187,0.056977452772699576
seamless_m4t+whisper_v2+fastconformer+w2vbert+cohere,5,whisper_v2,3282,293,0.08927483241925654
seamless_m4t+whisper_v2+fastconformer+w2vbert+cohere,5,fastconformer,3282,145,0.044180377818403414
seamless_m4t+whisper_v2+fastconformer+w2vbert+cohere,5,w2vbert,3282,3069,0.9351005484460695
seamless_m4t+whisper_v2+fastconformer+w2vbert+cohere,5,cohere,3282,135,0.04113345521023766
seamless_m4t+whisper_v2+fastconformer+hubert+wav2vec_sb,5,seamless_m4t,3282,85,0.0258988421694089
seamless_m4t+whisper_v2+fastconformer+hubert+wav2vec_sb,5,whisper_v2,3282,88,0.02681291895185862
seamless_m4t+whisper_v2+fastconformer+hubert+wav2vec_sb,5,fastconformer,3282,44,0.01340645947592931
seamless_m4t+whisper_v2+fastconformer+hubert+wav2vec_sb,5,hubert,3282,693,0.21115173674588666
seamless_m4t+whisper_v2+fastconformer+hubert+wav2vec_sb,5,wav2vec_sb,3282,3168,0.9652650822669104
seamless_m4t+whisper_v2+fastconformer+hubert+cohere,5,seamless_m4t,3282,374,0.11395490554539915
seamless_m4t+whisper_v2+fastconformer+hubert+cohere,5,whisper_v2,3282,564,0.17184643510054845
seamless_m4t+whisper_v2+fastconformer+hubert+cohere,5,fastconformer,3282,324,0.09872029250457039
seamless_m4t+whisper_v2+fastconformer+hubert+cohere,5,hubert,3282,2781,0.8473491773308958
seamless_m4t+whisper_v2+fastconformer+hubert+cohere,5,cohere,3282,252,0.07678244972577697
seamless_m4t+whisper_v2+fastconformer+wav2vec_sb+cohere,5,seamless_m4t,3282,88,0.02681291895185862
seamless_m4t+whisper_v2+fastconformer+wav2vec_sb+cohere,5,whisper_v2,3282,103,0.03138330286410725
seamless_m4t+whisper_v2+fastconformer+wav2vec_sb+cohere,5,fastconformer,3282,44,0.01340645947592931
seamless_m4t+whisper_v2+fastconformer+wav2vec_sb+cohere,5,wav2vec_sb,3282,3231,0.9844606946983546
seamless_m4t+whisper_v2+fastconformer+wav2vec_sb+cohere,5,cohere,3282,52,0.015843997562461912
seamless_m4t+whisper_v2+xlsr+w2vbert+hubert,5,seamless_m4t,3282,141,0.04296160877513711
seamless_m4t+whisper_v2+xlsr+w2vbert+hubert,5,whisper_v2,3282,117,0.0356489945155393
seamless_m4t+whisper_v2+xlsr+w2vbert+hubert,5,xlsr,3282,2817,0.8583180987202925
seamless_m4t+whisper_v2+xlsr+w2vbert+hubert,5,w2vbert,3282,1712,0.5216331505179769
seamless_m4t+whisper_v2+xlsr+w2vbert+hubert,5,hubert,3282,549,0.16727605118829983
seamless_m4t+whisper_v2+xlsr+w2vbert+wav2vec_sb,5,seamless_m4t,3282,137,0.04174283973187081
seamless_m4t+whisper_v2+xlsr+w2vbert+wav2vec_sb,5,whisper_v2,3282,113,0.03443022547227301
seamless_m4t+whisper_v2+xlsr+w2vbert+wav2vec_sb,5,xlsr,3282,2347,0.7151127361365022
seamless_m4t+whisper_v2+xlsr+w2vbert+wav2vec_sb,5,w2vbert,3282,1658,0.5051797684338818
seamless_m4t+whisper_v2+xlsr+w2vbert+wav2vec_sb,5,wav2vec_sb,3282,2651,0.807739183424741
seamless_m4t+whisper_v2+xlsr+w2vbert+cohere,5,seamless_m4t,3282,103,0.03138330286410725
seamless_m4t+whisper_v2+xlsr+w2vbert+cohere,5,whisper_v2,3282,116,0.03534430225472273
seamless_m4t+whisper_v2+xlsr+w2vbert+cohere,5,xlsr,3282,3019,0.9198659354052408
seamless_m4t+whisper_v2+xlsr+w2vbert+cohere,5,w2vbert,3282,2108,0.6422912858013407
seamless_m4t+whisper_v2+xlsr+w2vbert+cohere,5,cohere,3282,70,0.021328458257160267
seamless_m4t+whisper_v2+xlsr+hubert+wav2vec_sb,5,seamless_m4t,3282,142,0.043266301035953685
seamless_m4t+whisper_v2+xlsr+hubert+wav2vec_sb,5,whisper_v2,3282,105,0.031992687385740404
seamless_m4t+whisper_v2+xlsr+hubert+wav2vec_sb,5,xlsr,3282,2468,0.7519804996953078
seamless_m4t+whisper_v2+xlsr+hubert+wav2vec_sb,5,hubert,3282,549,0.16727605118829983
seamless_m4t+whisper_v2+xlsr+hubert+wav2vec_sb,5,wav2vec_sb,3282,2810,0.8561852528945765
seamless_m4t+whisper_v2+xlsr+hubert+cohere,5,seamless_m4t,3282,108,0.03290676416819013
seamless_m4t+whisper_v2+xlsr+hubert+cohere,5,whisper_v2,3282,113,0.03443022547227301
seamless_m4t+whisper_v2+xlsr+hubert+cohere,5,xlsr,3282,3144,0.9579524680073126
seamless_m4t+whisper_v2+xlsr+hubert+cohere,5,hubert,3282,866,0.2638634978671542
seamless_m4t+whisper_v2+xlsr+hubert+cohere,5,cohere,3282,80,0.02437538086532602
seamless_m4t+whisper_v2+xlsr+wav2vec_sb+cohere,5,seamless_m4t,3282,85,0.0258988421694089
seamless_m4t+whisper_v2+xlsr+wav2vec_sb+cohere,5,whisper_v2,3282,101,0.030773918342474102
seamless_m4t+whisper_v2+xlsr+wav2vec_sb+cohere,5,xlsr,3282,2859,0.8711151736745887
seamless_m4t+whisper_v2+xlsr+wav2vec_sb+cohere,5,wav2vec_sb,3282,3040,0.9262644728823888
seamless_m4t+whisper_v2+xlsr+wav2vec_sb+cohere,5,cohere,3282,69,0.02102376599634369
seamless_m4t+whisper_v2+w2vbert+hubert+wav2vec_sb,5,seamless_m4t,3282,115,0.03503960999390616
seamless_m4t+whisper_v2+w2vbert+hubert+wav2vec_sb,5,whisper_v2,3282,104,0.031687995124923825
seamless_m4t+whisper_v2+w2vbert+hubert+wav2vec_sb,5,w2vbert,3282,1548,0.4716636197440585
seamless_m4t+whisper_v2+w2vbert+hubert+wav2vec_sb,5,hubert,3282,481,0.1465569774527727
seamless_m4t+whisper_v2+w2vbert+hubert+wav2vec_sb,5,wav2vec_sb,3282,2920,0.8897014015843998
seamless_m4t+whisper_v2+w2vbert+hubert+cohere,5,seamless_m4t,3282,183,0.055758683729433274
seamless_m4t+whisper_v2+w2vbert+hubert+cohere,5,whisper_v2,3282,254,0.07739183424741011
seamless_m4t+whisper_v2+w2vbert+hubert+cohere,5,w2vbert,3282,2850,0.8683729433272395
seamless_m4t+whisper_v2+w2vbert+hubert+cohere,5,hubert,3282,1418,0.43205362583790374
seamless_m4t+whisper_v2+w2vbert+hubert+cohere,5,cohere,3282,159,0.048446069469835464
seamless_m4t+whisper_v2+w2vbert+wav2vec_sb+cohere,5,seamless_m4t,3282,74,0.02254722730042657
seamless_m4t+whisper_v2+w2vbert+wav2vec_sb+cohere,5,whisper_v2,3282,94,0.028641072516758074
seamless_m4t+whisper_v2+w2vbert+wav2vec_sb+cohere,5,w2vbert,3282,1979,0.6029859841560025
seamless_m4t+whisper_v2+w2vbert+wav2vec_sb+cohere,5,wav2vec_sb,3282,3106,0.9463741620962828
seamless_m4t+whisper_v2+w2vbert+wav2vec_sb+cohere,5,cohere,3282,61,0.01858622790981109
seamless_m4t+whisper_v2+hubert+wav2vec_sb+cohere,5,seamless_m4t,3282,69,0.02102376599634369
seamless_m4t+whisper_v2+hubert+wav2vec_sb+cohere,5,whisper_v2,3282,88,0.02681291895185862
seamless_m4t+whisper_v2+hubert+wav2vec_sb+cohere,5,hubert,3282,742,0.22608165752589884
seamless_m4t+whisper_v2+hubert+wav2vec_sb+cohere,5,wav2vec_sb,3282,3164,0.9640463132236441
seamless_m4t+whisper_v2+hubert+wav2vec_sb+cohere,5,cohere,3282,52,0.015843997562461912
seamless_m4t+fastconformer+xlsr+w2vbert+hubert,5,seamless_m4t,3282,138,0.04204753199268738
seamless_m4t+fastconformer+xlsr+w2vbert+hubert,5,fastconformer,3282,82,0.024984765386959172
seamless_m4t+fastconformer+xlsr+w2vbert+hubert,5,xlsr,3282,2825,0.8607556368068251
seamless_m4t+fastconformer+xlsr+w2vbert+hubert,5,w2vbert,3282,1722,0.5246800731261426
seamless_m4t+fastconformer+xlsr+w2vbert+hubert,5,hubert,3282,593,0.18068251066422913
seamless_m4t+fastconformer+xlsr+w2vbert+wav2vec_sb,5,seamless_m4t,3282,130,0.039609993906154786
seamless_m4t+fastconformer+xlsr+w2vbert+wav2vec_sb,5,fastconformer,3282,71,0.021633150517976842
seamless_m4t+fastconformer+xlsr+w2vbert+wav2vec_sb,5,xlsr,3282,2379,0.7248628884826326
seamless_m4t+fastconformer+xlsr+w2vbert+wav2vec_sb,5,w2vbert,3282,1700,0.517976843388178
seamless_m4t+fastconformer+xlsr+w2vbert+wav2vec_sb,5,wav2vec_sb,3282,2652,0.8080438756855576
seamless_m4t+fastconformer+xlsr+w2vbert+cohere,5,seamless_m4t,3282,117,0.0356489945155393
seamless_m4t+fastconformer+xlsr+w2vbert+cohere,5,fastconformer,3282,69,0.02102376599634369
seamless_m4t+fastconformer+xlsr+w2vbert+cohere,5,xlsr,3282,3055,0.9308348567946374
seamless_m4t+fastconformer+xlsr+w2vbert+cohere,5,w2vbert,3282,2158,0.6575258988421694
seamless_m4t+fastconformer+xlsr+w2vbert+cohere,5,cohere,3282,75,0.022851919561243144
seamless_m4t+fastconformer+xlsr+hubert+wav2vec_sb,5,seamless_m4t,3282,129,0.03930530164533821
seamless_m4t+fastconformer+xlsr+hubert+wav2vec_sb,5,fastconformer,3282,78,0.02376599634369287
seamless_m4t+fastconformer+xlsr+hubert+wav2vec_sb,5,xlsr,3282,2517,0.7669104204753199
seamless_m4t+fastconformer+xlsr+hubert+wav2vec_sb,5,hubert,3282,593,0.18068251066422913
seamless_m4t+fastconformer+xlsr+hubert+wav2vec_sb,5,wav2vec_sb,3282,2828,0.8616697135892748
seamless_m4t+fastconformer+xlsr+hubert+cohere,5,seamless_m4t,3282,108,0.03290676416819013
seamless_m4t+fastconformer+xlsr+hubert+cohere,5,fastconformer,3282,62,0.018890920170627667
seamless_m4t+fastconformer+xlsr+hubert+cohere,5,xlsr,3282,3152,0.9603900060938452
seamless_m4t+fastconformer+xlsr+hubert+cohere,5,hubert,3282,902,0.2748324192565509
seamless_m4t+fastconformer+xlsr+hubert+cohere,5,cohere,3282,75,0.022851919561243144
seamless_m4t+fastconformer+xlsr+wav2vec_sb+cohere,5,seamless_m4t,3282,110,0.03351614868982328
seamless_m4t+fastconformer+xlsr+wav2vec_sb+cohere,5,fastconformer,3282,54,0.016453382084095063
seamless_m4t+fastconformer+xlsr+wav2vec_sb+cohere,5,xlsr,3282,2906,0.8854357099329677
seamless_m4t+fastconformer+xlsr+wav2vec_sb+cohere,5,wav2vec_sb,3282,3075,0.9369287020109689
seamless_m4t+fastconformer+xlsr+wav2vec_sb+cohere,5,cohere,3282,69,0.02102376599634369
seamless_m4t+fastconformer+w2vbert+hubert+wav2vec_sb,5,seamless_m4t,3282,114,0.03473491773308958
seamless_m4t+fastconformer+w2vbert+hubert+wav2vec_sb,5,fastconformer,3282,64,0.019500304692260818
seamless_m4t+fastconformer+w2vbert+hubert+wav2vec_sb,5,w2vbert,3282,1565,0.47684338817794025
seamless_m4t+fastconformer+w2vbert+hubert+wav2vec_sb,5,hubert,3282,527,0.16057282145033516
seamless_m4t+fastconformer+w2vbert+hubert+wav2vec_sb,5,wav2vec_sb,3282,2932,0.8933577087141986
seamless_m4t+fastconformer+w2vbert+hubert+cohere,5,seamless_m4t,3282,198,0.0603290676416819
seamless_m4t+fastconformer+w2vbert+hubert+cohere,5,fastconformer,3282,146,0.044485070079219986
seamless_m4t+fastconformer+w2vbert+hubert+cohere,5,w2vbert,3282,2894,0.8817794028031688
seamless_m4t+fastconformer+w2vbert+hubert+cohere,5,hubert,3282,1492,0.45460085313833026
seamless_m4t+fastconformer+w2vbert+hubert+cohere,5,cohere,3282,152,0.04631322364411944
seamless_m4t+fastconformer+w2vbert+wav2vec_sb+cohere,5,seamless_m4t,3282,88,0.02681291895185862
seamless_m4t+fastconformer+w2vbert+wav2vec_sb+cohere,5,fastconformer,3282,47,0.014320536258379037
seamless_m4t+fastconformer+w2vbert+wav2vec_sb+cohere,5,w2vbert,3282,2027,0.617611212675198
seamless_m4t+fastconformer+w2vbert+wav2vec_sb+cohere,5,wav2vec_sb,3282,3113,0.9485070079219988
seamless_m4t+fastconformer+w2vbert+wav2vec_sb+cohere,5,cohere,3282,64,0.019500304692260818
seamless_m4t+fastconformer+hubert+wav2vec_sb+cohere,5,seamless_m4t,3282,79,0.024070688604509446
seamless_m4t+fastconformer+hubert+wav2vec_sb+cohere,5,fastconformer,3282,51,0.015539305301645339
seamless_m4t+fastconformer+hubert+wav2vec_sb+cohere,5,hubert,3282,816,0.24862888482632542
seamless_m4t+fastconformer+hubert+wav2vec_sb+cohere,5,wav2vec_sb,3282,3170,0.9658744667885436
seamless_m4t+fastconformer+hubert+wav2vec_sb+cohere,5,cohere,3282,62,0.018890920170627667
seamless_m4t+xlsr+w2vbert+hubert+wav2vec_sb,5,seamless_m4t,3282,405,0.12340036563071298
seamless_m4t+xlsr+w2vbert+hubert+wav2vec_sb,5,xlsr,3282,1925,0.5865326020719074
seamless_m4t+xlsr+w2vbert+hubert+wav2vec_sb,5,w2vbert,3282,1276,0.38878732480195005
seamless_m4t+xlsr+w2vbert+hubert+wav2vec_sb,5,hubert,3282,296,0.09018890920170627
seamless_m4t+xlsr+w2vbert+hubert+wav2vec_sb,5,wav2vec_sb,3282,2346,0.7148080438756855
seamless_m4t+xlsr+w2vbert+hubert+cohere,5,seamless_m4t,3282,117,0.0356489945155393
seamless_m4t+xlsr+w2vbert+hubert+cohere,5,xlsr,3282,2819,0.8589274832419257
seamless_m4t+xlsr+w2vbert+hubert+cohere,5,w2vbert,3282,1763,0.5371724558196221
seamless_m4t+xlsr+w2vbert+hubert+cohere,5,hubert,3282,670,0.2041438147471054
seamless_m4t+xlsr+w2vbert+hubert+cohere,5,cohere,3282,94,0.028641072516758074
seamless_m4t+xlsr+w2vbert+wav2vec_sb+cohere,5,seamless_m4t,3282,94,0.028641072516758074
seamless_m4t+xlsr+w2vbert+wav2vec_sb+cohere,5,xlsr,3282,2425,0.738878732480195
seamless_m4t+xlsr+w2vbert+wav2vec_sb+cohere,5,w2vbert,3282,1760,0.5362583790371724
seamless_m4t+xlsr+w2vbert+wav2vec_sb+cohere,5,wav2vec_sb,3282,2686,0.8184034125533212
seamless_m4t+xlsr+w2vbert+wav2vec_sb+cohere,5,cohere,3282,90,0.027422303473491772
seamless_m4t+xlsr+hubert+wav2vec_sb+cohere,5,seamless_m4t,3282,94,0.028641072516758074
seamless_m4t+xlsr+hubert+wav2vec_sb+cohere,5,xlsr,3282,2548,0.7763558805606338
seamless_m4t+xlsr+hubert+wav2vec_sb+cohere,5,hubert,3282,695,0.2117611212675198
seamless_m4t+xlsr+hubert+wav2vec_sb+cohere,5,wav2vec_sb,3282,2834,0.8634978671541743
seamless_m4t+xlsr+hubert+wav2vec_sb+cohere,5,cohere,3282,100,0.030469226081657527
seamless_m4t+w2vbert+hubert+wav2vec_sb+cohere,5,seamless_m4t,3282,82,0.024984765386959172
seamless_m4t+w2vbert+hubert+wav2vec_sb+cohere,5,w2vbert,3282,1624,0.4948202315661182
seamless_m4t+w2vbert+hubert+wav2vec_sb+cohere,5,hubert,3282,614,0.18708104814137722
seamless_m4t+w2vbert+hubert+wav2vec_sb+cohere,5,wav2vec_sb,3282,2964,0.903107861060329
seamless_m4t+w2vbert+hubert+wav2vec_sb+cohere,5,cohere,3282,93,0.0283363802559415
whisper_v3+whisper_v2+fastconformer+xlsr+w2vbert,5,whisper_v3,3282,44,0.01340645947592931
whisper_v3+whisper_v2+fastconformer+xlsr+w2vbert,5,whisper_v2,3282,93,0.0283363802559415
whisper_v3+whisper_v2+fastconformer+xlsr+w2vbert,5,fastconformer,3282,103,0.03138330286410725
whisper_v3+whisper_v2+fastconformer+xlsr+w2vbert,5,xlsr,3282,3037,0.9253503960999391
whisper_v3+whisper_v2+fastconformer+xlsr+w2vbert,5,w2vbert,3282,2098,0.6392443631931749
whisper_v3+whisper_v2+fastconformer+xlsr+hubert,5,whisper_v3,3282,43,0.013101767215112737
whisper_v3+whisper_v2+fastconformer+xlsr+hubert,5,whisper_v2,3282,85,0.0258988421694089
whisper_v3+whisper_v2+fastconformer+xlsr+hubert,5,fastconformer,3282,101,0.030773918342474102
whisper_v3+whisper_v2+fastconformer+xlsr+hubert,5,xlsr,3282,3136,0.95551492992078
whisper_v3+whisper_v2+fastconformer+xlsr+hubert,5,hubert,3282,840,0.25594149908592323
whisper_v3+whisper_v2+fastconformer+xlsr+wav2vec_sb,5,whisper_v3,3282,39,0.011882998171846435
whisper_v3+whisper_v2+fastconformer+xlsr+wav2vec_sb,5,whisper_v2,3282,80,0.02437538086532602
whisper_v3+whisper_v2+fastconformer+xlsr+wav2vec_sb,5,fastconformer,3282,86,0.026203534430225474
whisper_v3+whisper_v2+fastconformer+xlsr+wav2vec_sb,5,xlsr,3282,2869,0.8741620962827544
whisper_v3+whisper_v2+fastconformer+xlsr+wav2vec_sb,5,wav2vec_sb,3282,3077,0.9375380865326021
whisper_v3+whisper_v2+fastconformer+xlsr+cohere,5,whisper_v3,3282,27,0.008226691042047532
whisper_v3+whisper_v2+fastconformer+xlsr+cohere,5,whisper_v2,3282,81,0.024680073126142597
whisper_v3+whisper_v2+fastconformer+xlsr+cohere,5,fastconformer,3282,67,0.020414381474710544
whisper_v3+whisper_v2+fastconformer+xlsr+cohere,5,xlsr,3282,3228,0.9835466179159049
whisper_v3+whisper_v2+fastconformer+xlsr+cohere,5,cohere,3282,79,0.024070688604509446
whisper_v3+whisper_v2+fastconformer+w2vbert+hubert,5,whisper_v3,3282,120,0.03656307129798903
whisper_v3+whisper_v2+fastconformer+w2vbert+hubert,5,whisper_v2,3282,209,0.06368068251066424
whisper_v3+whisper_v2+fastconformer+w2vbert+hubert,5,fastconformer,3282,204,0.062157221206581355
whisper_v3+whisper_v2+fastconformer+w2vbert+hubert,5,w2vbert,3282,2844,0.8665447897623401
whisper_v3+whisper_v2+fastconformer+w2vbert+hubert,5,hubert,3282,1407,0.4287020109689214
whisper_v3+whisper_v2+fastconformer+w2vbert+wav2vec_sb,5,whisper_v3,3282,30,0.009140767824497258
whisper_v3+whisper_v2+fastconformer+w2vbert+wav2vec_sb,5,whisper_v2,3282,69,0.02102376599634369
whisper_v3+whisper_v2+fastconformer+w2vbert+wav2vec_sb,5,fastconformer,3282,65,0.019804996953077393
whisper_v3+whisper_v2+fastconformer+w2vbert+wav2vec_sb,5,w2vbert,3282,1962,0.5978062157221207
whisper_v3+whisper_v2+fastconformer+w2vbert+wav2vec_sb,5,wav2vec_sb,3282,3107,0.9466788543570993
whisper_v3+whisper_v2+fastconformer+w2vbert+cohere,5,whisper_v3,3282,111,0.033820840950639856
whisper_v3+whisper_v2+fastconformer+w2vbert+cohere,5,whisper_v2,3282,223,0.06794637416209628
whisper_v3+whisper_v2+fastconformer+w2vbert+cohere,5,fastconformer,3282,160,0.04875076173065204
whisper_v3+whisper_v2+fastconformer+w2vbert+cohere,5,w2vbert,3282,3076,0.9372333942717855
whisper_v3+whisper_v2+fastconformer+w2vbert+cohere,5,cohere,3282,161,0.049055453991468614
whisper_v3+whisper_v2+fastconformer+hubert+wav2vec_sb,5,whisper_v3,3282,35,0.010664229128580133
whisper_v3+whisper_v2+fastconformer+hubert+wav2vec_sb,5,whisper_v2,3282,68,0.020719073735527116
whisper_v3+whisper_v2+fastconformer+hubert+wav2vec_sb,5,fastconformer,3282,57,0.01736745886654479
whisper_v3+whisper_v2+fastconformer+hubert+wav2vec_sb,5,hubert,3282,710,0.21633150517976843
whisper_v3+whisper_v2+fastconformer+hubert+wav2vec_sb,5,wav2vec_sb,3282,3168,0.9652650822669104
whisper_v3+whisper_v2+fastconformer+hubert+cohere,5,whisper_v3,3282,231,0.07038391224862889
whisper_v3+whisper_v2+fastconformer+hubert+cohere,5,whisper_v2,3282,440,0.1340645947592931
whisper_v3+whisper_v2+fastconformer+hubert+cohere,5,fastconformer,3282,349,0.10633759902498477
whisper_v3+whisper_v2+fastconformer+hubert+cohere,5,hubert,3282,2851,0.8686776355880561
whisper_v3+whisper_v2+fastconformer+hubert+cohere,5,cohere,3282,332,0.10115783059110299
whisper_v3+whisper_v2+fastconformer+wav2vec_sb+cohere,5,whisper_v3,3282,34,0.010359536867763558
whisper_v3+whisper_v2+fastconformer+wav2vec_sb+cohere,5,whisper_v2,3282,74,0.02254722730042657
whisper_v3+whisper_v2+fastconformer+wav2vec_sb+cohere,5,fastconformer,3282,47,0.014320536258379037
whisper_v3+whisper_v2+fastconformer+wav2vec_sb+cohere,5,wav2vec_sb,3282,3240,0.9872029250457038
whisper_v3+whisper_v2+fastconformer+wav2vec_sb+cohere,5,cohere,3282,67,0.020414381474710544
whisper_v3+whisper_v2+xlsr+w2vbert+hubert,5,whisper_v3,3282,68,0.020719073735527116
whisper_v3+whisper_v2+xlsr+w2vbert+hubert,5,whisper_v2,3282,101,0.030773918342474102
whisper_v3+whisper_v2+xlsr+w2vbert+hubert,5,xlsr,3282,2813,0.8570993296770262
whisper_v3+whisper_v2+xlsr+w2vbert+hubert,5,w2vbert,3282,1777,0.5414381474710542
whisper_v3+whisper_v2+xlsr+w2vbert+hubert,5,hubert,3282,678,0.20658135283363802
whisper_v3+whisper_v2+xlsr+w2vbert+wav2vec_sb,5,whisper_v3,3282,58,0.017672151127361365
whisper_v3+whisper_v2+xlsr+w2vbert+wav2vec_sb,5,whisper_v2,3282,89,0.027117611212675197
whisper_v3+whisper_v2+xlsr+w2vbert+wav2vec_sb,5,xlsr,3282,2429,0.7400975015234613
whisper_v3+whisper_v2+xlsr+w2vbert+wav2vec_sb,5,w2vbert,3282,1800,0.5484460694698354
whisper_v3+whisper_v2+xlsr+w2vbert+wav2vec_sb,5,wav2vec_sb,3282,2741,0.8351614868982328
whisper_v3+whisper_v2+xlsr+w2vbert+cohere,5,whisper_v3,3282,35,0.010664229128580133
whisper_v3+whisper_v2+xlsr+w2vbert+cohere,5,whisper_v2,3282,94,0.028641072516758074
whisper_v3+whisper_v2+xlsr+w2vbert+cohere,5,xlsr,3282,3056,0.931139549055454
whisper_v3+whisper_v2+xlsr+w2vbert+cohere,5,w2vbert,3282,2141,0.6523461304082876
whisper_v3+whisper_v2+xlsr+w2vbert+cohere,5,cohere,3282,108,0.03290676416819013
whisper_v3+whisper_v2+xlsr+hubert+wav2vec_sb,5,whisper_v3,3282,68,0.020719073735527116
whisper_v3+whisper_v2+xlsr+hubert+wav2vec_sb,5,whisper_v2,3282,82,0.024984765386959172
whisper_v3+whisper_v2+xlsr+hubert+wav2vec_sb,5,xlsr,3282,2492,0.7592931139549055
whisper_v3+whisper_v2+xlsr+hubert+wav2vec_sb,5,hubert,3282,657,0.20018281535648993
whisper_v3+whisper_v2+xlsr+hubert+wav2vec_sb,5,wav2vec_sb,3282,2827,0.8613650213284583
whisper_v3+whisper_v2+xlsr+hubert+cohere,5,whisper_v3,3282,36,0.010968921389396709
whisper_v3+whisper_v2+xlsr+hubert+cohere,5,whisper_v2,3282,77,0.023461304082876295
whisper_v3+whisper_v2+xlsr+hubert+cohere,5,xlsr,3282,3141,0.9570383912248629
whisper_v3+whisper_v2+xlsr+hubert+cohere,5,hubert,3282,891,0.27148080438756855
whisper_v3+whisper_v2+xlsr+hubert+cohere,5,cohere,3282,103,0.03138330286410725
whisper_v3+whisper_v2+xlsr+wav2vec_sb+cohere,5,whisper_v3,3282,25,0.007617306520414382
whisper_v3+whisper_v2+xlsr+wav2vec_sb+cohere,5,whisper_v2,3282,75,0.022851919561243144
whisper_v3+whisper_v2+xlsr+wav2vec_sb+cohere,5,xlsr,3282,2881,0.8778184034125533
whisper_v3+whisper_v2+xlsr+wav2vec_sb+cohere,5,wav2vec_sb,3282,3077,0.9375380865326021
whisper_v3+whisper_v2+xlsr+wav2vec_sb+cohere,5,cohere,3282,114,0.03473491773308958
whisper_v3+whisper_v2+w2vbert+hubert+wav2vec_sb,5,whisper_v3,3282,59,0.01797684338817794
whisper_v3+whisper_v2+w2vbert+hubert+wav2vec_sb,5,whisper_v2,3282,73,0.022242535039609993
whisper_v3+whisper_v2+w2vbert+hubert+wav2vec_sb,5,w2vbert,3282,1601,0.487812309567337
whisper_v3+whisper_v2+w2vbert+hubert+wav2vec_sb,5,hubert,3282,561,0.17093235831809872
whisper_v3+whisper_v2+w2vbert+hubert+wav2vec_sb,5,wav2vec_sb,3282,2934,0.8939670932358318
whisper_v3+whisper_v2+w2vbert+hubert+cohere,5,whisper_v3,3282,107,0.032602071907373555
whisper_v3+whisper_v2+w2vbert+hubert+cohere,5,whisper_v2,3282,193,0.05880560633759903
whisper_v3+whisper_v2+w2vbert+hubert+cohere,5,w2vbert,3282,2868,0.8738574040219378
whisper_v3+whisper_v2+w2vbert+hubert+cohere,5,hubert,3282,1482,0.4515539305301645
whisper_v3+whisper_v2+w2vbert+hubert+cohere,5,cohere,3282,206,0.0627666057282145
whisper_v3+whisper_v2+w2vbert+wav2vec_sb+cohere,5,whisper_v3,3282,28,0.008531383302864107
whisper_v3+whisper_v2+w2vbert+wav2vec_sb+cohere,5,whisper_v2,3282,65,0.019804996953077393
whisper_v3+whisper_v2+w2vbert+wav2vec_sb+cohere,5,w2vbert,3282,2006,0.61121267519805
whisper_v3+whisper_v2+w2vbert+wav2vec_sb+cohere,5,wav2vec_sb,3282,3123,0.9515539305301646
whisper_v3+whisper_v2+w2vbert+wav2vec_sb+cohere,5,cohere,3282,84,0.025594149908592323
whisper_v3+whisper_v2+hubert+wav2vec_sb+cohere,5,whisper_v3,3282,32,0.009750152346130409
whisper_v3+whisper_v2+hubert+wav2vec_sb+cohere,5,whisper_v2,3282,67,0.020414381474710544
whisper_v3+whisper_v2+hubert+wav2vec_sb+cohere,5,hubert,3282,766,0.23339427178549665
whisper_v3+whisper_v2+hubert+wav2vec_sb+cohere,5,wav2vec_sb,3282,3186,0.9707495429616088
whisper_v3+whisper_v2+hubert+wav2vec_sb+cohere,5,cohere,3282,78,0.02376599634369287
whisper_v3+fastconformer+xlsr+w2vbert+hubert,5,whisper_v3,3282,96,0.029250457038391225
whisper_v3+fastconformer+xlsr+w2vbert+hubert,5,fastconformer,3282,106,0.032297379646556976
whisper_v3+fastconformer+xlsr+w2vbert+hubert,5,xlsr,3282,2820,0.8592321755027422
whisper_v3+fastconformer+xlsr+w2vbert+hubert,5,w2vbert,3282,1722,0.5246800731261426
whisper_v3+fastconformer+xlsr+w2vbert+hubert,5,hubert,3282,588,0.17915904936014626
whisper_v3+fastconformer+xlsr+w2vbert+wav2vec_sb,5,whisper_v3,3282,92,0.028031687995124923
whisper_v3+fastconformer+xlsr+w2vbert+wav2vec_sb,5,fastconformer,3282,98,0.029859841560024376
whisper_v3+fastconformer+xlsr+w2vbert+wav2vec_sb,5,xlsr,3282,2376,0.7239488117001828
whisper_v3+fastconformer+xlsr+w2vbert+wav2vec_sb,5,w2vbert,3282,1697,0.5170627666057283
whisper_v3+fastconformer+xlsr+w2vbert+wav2vec_sb,5,wav2vec_sb,3282,2698,0.8220597196831201
whisper_v3+fastconformer+xlsr+w2vbert+cohere,5,whisper_v3,3282,64,0.019500304692260818
whisper_v3+fastconformer+xlsr+w2vbert+cohere,5,fastconformer,3282,57,0.01736745886654479
whisper_v3+fastconformer+xlsr+w2vbert+cohere,5,xlsr,3282,3053,0.9302254722730042
whisper_v3+fastconformer+xlsr+w2vbert+cohere,5,w2vbert,3282,2123,0.6468616697135893
whisper_v3+fastconformer+xlsr+w2vbert+cohere,5,cohere,3282,79,0.024070688604509446
whisper_v3+fastconformer+xlsr+hubert+wav2vec_sb,5,whisper_v3,3282,103,0.03138330286410725
whisper_v3+fastconformer+xlsr+hubert+wav2vec_sb,5,fastconformer,3282,91,0.027726995734308348
whisper_v3+fastconformer+xlsr+hubert+wav2vec_sb,5,xlsr,3282,2485,0.7571602681291896
whisper_v3+fastconformer+xlsr+hubert+wav2vec_sb,5,hubert,3282,576,0.17550274223034734
whisper_v3+fastconformer+xlsr+hubert+wav2vec_sb,5,wav2vec_sb,3282,2822,0.8598415600243754
whisper_v3+fastconformer+xlsr+hubert+cohere,5,whisper_v3,3282,56,0.017062766605728214
whisper_v3+fastconformer+xlsr+hubert+cohere,5,fastconformer,3282,57,0.01736745886654479
whisper_v3+fastconformer+xlsr+hubert+cohere,5,xlsr,3282,3128,0.9530773918342474
whisper_v3+fastconformer+xlsr+hubert+cohere,5,hubert,3282,870,0.26508226691042047
whisper_v3+fastconformer+xlsr+hubert+cohere,5,cohere,3282,74,0.02254722730042657
whisper_v3+fastconformer+xlsr+wav2vec_sb+cohere,5,whisper_v3,3282,55,0.01675807434491164
whisper_v3+fastconformer+xlsr+wav2vec_sb+cohere,5,fastconformer,3282,54,0.016453382084095063
whisper_v3+fastconformer+xlsr+wav2vec_sb+cohere,5,xlsr,3282,2869,0.8741620962827544
whisper_v3+fastconformer+xlsr+wav2vec_sb+cohere,5,wav2vec_sb,3282,3070,0.935405240706886
whisper_v3+fastconformer+xlsr+wav2vec_sb+cohere,5,cohere,3282,82,0.024984765386959172
whisper_v3+fastconformer+w2vbert+hubert+wav2vec_sb,5,whisper_v3,3282,85,0.0258988421694089
whisper_v3+fastconformer+w2vbert+hubert+wav2vec_sb,5,fastconformer,3282,76,0.02315661182205972
whisper_v3+fastconformer+w2vbert+hubert+wav2vec_sb,5,w2vbert,3282,1536,0.4680073126142596
whisper_v3+fastconformer+w2vbert+hubert+wav2vec_sb,5,hubert,3282,504,0.15356489945155394
whisper_v3+fastconformer+w2vbert+hubert+wav2vec_sb,5,wav2vec_sb,3282,2921,0.8900060938452163
whisper_v3+fastconformer+w2vbert+hubert+cohere,5,whisper_v3,3282,164,0.049969530773918344
whisper_v3+fastconformer+w2vbert+hubert+cohere,5,fastconformer,3282,138,0.04204753199268738
whisper_v3+fastconformer+w2vbert+hubert+cohere,5,w2vbert,3282,2857,0.8705057891529555
whisper_v3+fastconformer+w2vbert+hubert+cohere,5,hubert,3282,1466,0.4466788543570993
whisper_v3+fastconformer+w2vbert+hubert+cohere,5,cohere,3282,165,0.050274223034734916
whisper_v3+fastconformer+w2vbert+wav2vec_sb+cohere,5,whisper_v3,3282,57,0.01736745886654479
whisper_v3+fastconformer+w2vbert+wav2vec_sb+cohere,5,fastconformer,3282,52,0.015843997562461912
whisper_v3+fastconformer+w2vbert+wav2vec_sb+cohere,5,w2vbert,3282,1997,0.6084704448507008
whisper_v3+fastconformer+w2vbert+wav2vec_sb+cohere,5,wav2vec_sb,3282,3115,0.9491163924436319
whisper_v3+fastconformer+w2vbert+wav2vec_sb+cohere,5,cohere,3282,76,0.02315661182205972
whisper_v3+fastconformer+hubert+wav2vec_sb+cohere,5,whisper_v3,3282,58,0.017672151127361365
whisper_v3+fastconformer+hubert+wav2vec_sb+cohere,5,fastconformer,3282,44,0.01340645947592931
whisper_v3+fastconformer+hubert+wav2vec_sb+cohere,5,hubert,3282,759,0.2312614259597806
whisper_v3+fastconformer+hubert+wav2vec_sb+cohere,5,wav2vec_sb,3282,3164,0.9640463132236441
whisper_v3+fastconformer+hubert+wav2vec_sb+cohere,5,cohere,3282,65,0.019804996953077393
whisper_v3+xlsr+w2vbert+hubert+wav2vec_sb,5,whisper_v3,3282,331,0.1008531383302864
whisper_v3+xlsr+w2vbert+hubert+wav2vec_sb,5,xlsr,3282,1939,0.5907982937233395
whisper_v3+xlsr+w2vbert+hubert+wav2vec_sb,5,w2vbert,3282,1300,0.39609993906154783
whisper_v3+xlsr+w2vbert+hubert+wav2vec_sb,5,hubert,3282,307,0.09354052407068861
whisper_v3+xlsr+w2vbert+hubert+wav2vec_sb,5,wav2vec_sb,3282,2408,0.7336989640463132
whisper_v3+xlsr+w2vbert+hubert+cohere,5,whisper_v3,3282,75,0.022851919561243144
whisper_v3+xlsr+w2vbert+hubert+cohere,5,xlsr,3282,2819,0.8589274832419257
whisper_v3+xlsr+w2vbert+hubert+cohere,5,w2vbert,3282,1738,0.5295551492992078
whisper_v3+xlsr+w2vbert+hubert+cohere,5,hubert,3282,642,0.1956124314442413
whisper_v3+xlsr+w2vbert+hubert+cohere,5,cohere,3282,113,0.03443022547227301
whisper_v3+xlsr+w2vbert+wav2vec_sb+cohere,5,whisper_v3,3282,70,0.021328458257160267
whisper_v3+xlsr+w2vbert+wav2vec_sb+cohere,5,xlsr,3282,2437,0.7425350396099939
whisper_v3+xlsr+w2vbert+wav2vec_sb+cohere,5,w2vbert,3282,1744,0.5313833028641073
whisper_v3+xlsr+w2vbert+wav2vec_sb+cohere,5,wav2vec_sb,3282,2716,0.8275441803778184
whisper_v3+xlsr+w2vbert+wav2vec_sb+cohere,5,cohere,3282,127,0.038695917123705056
whisper_v3+xlsr+hubert+wav2vec_sb+cohere,5,whisper_v3,3282,73,0.022242535039609993
whisper_v3+xlsr+hubert+wav2vec_sb+cohere,5,xlsr,3282,2516,0.7666057282145033
whisper_v3+xlsr+hubert+wav2vec_sb+cohere,5,hubert,3282,636,0.19378427787934185
whisper_v3+xlsr+hubert+wav2vec_sb+cohere,5,wav2vec_sb,3282,2843,0.8662400975015234
whisper_v3+xlsr+hubert+wav2vec_sb+cohere,5,cohere,3282,116,0.03534430225472273
whisper_v3+w2vbert+hubert+wav2vec_sb+cohere,5,whisper_v3,3282,64,0.019500304692260818
whisper_v3+w2vbert+hubert+wav2vec_sb+cohere,5,w2vbert,3282,1561,0.47562461913467396
whisper_v3+w2vbert+hubert+wav2vec_sb+cohere,5,hubert,3282,563,0.17154174283973186
whisper_v3+w2vbert+hubert+wav2vec_sb+cohere,5,wav2vec_sb,3282,2931,0.8930530164533821
whisper_v3+w2vbert+hubert+wav2vec_sb+cohere,5,cohere,3282,92,0.028031687995124923
whisper_v2+fastconformer+xlsr+w2vbert+hubert,5,whisper_v2,3282,134,0.04082876294942109
whisper_v2+fastconformer+xlsr+w2vbert+hubert,5,fastconformer,3282,110,0.03351614868982328
whisper_v2+fastconformer+xlsr+w2vbert+hubert,5,xlsr,3282,2799,0.8528336380255942
whisper_v2+fastconformer+xlsr+w2vbert+hubert,5,w2vbert,3282,1708,0.5204143814747105
whisper_v2+fastconformer+xlsr+w2vbert+hubert,5,hubert,3282,540,0.16453382084095064
whisper_v2+fastconformer+xlsr+w2vbert+wav2vec_sb,5,whisper_v2,3282,138,0.04204753199268738
whisper_v2+fastconformer+xlsr+w2vbert+wav2vec_sb,5,fastconformer,3282,100,0.030469226081657527
whisper_v2+fastconformer+xlsr+w2vbert+wav2vec_sb,5,xlsr,3282,2331,0.7102376599634369
whisper_v2+fastconformer+xlsr+w2vbert+wav2vec_sb,5,w2vbert,3282,1649,0.5024375380865326
whisper_v2+fastconformer+xlsr+w2vbert+wav2vec_sb,5,wav2vec_sb,3282,2642,0.8049969530773918
whisper_v2+fastconformer+xlsr+w2vbert+cohere,5,whisper_v2,3282,118,0.03595368677635588
whisper_v2+fastconformer+xlsr+w2vbert+cohere,5,fastconformer,3282,64,0.019500304692260818
whisper_v2+fastconformer+xlsr+w2vbert+cohere,5,xlsr,3282,3020,0.9201706276660573
whisper_v2+fastconformer+xlsr+w2vbert+cohere,5,w2vbert,3282,2077,0.6328458257160268
whisper_v2+fastconformer+xlsr+w2vbert+cohere,5,cohere,3282,78,0.02376599634369287
whisper_v2+fastconformer+xlsr+hubert+wav2vec_sb,5,whisper_v2,3282,135,0.04113345521023766
whisper_v2+fastconformer+xlsr+hubert+wav2vec_sb,5,fastconformer,3282,103,0.03138330286410725
whisper_v2+fastconformer+xlsr+hubert+wav2vec_sb,5,xlsr,3282,2492,0.7592931139549055
whisper_v2+fastconformer+xlsr+hubert+wav2vec_sb,5,hubert,3282,541,0.16483851310176723
whisper_v2+fastconformer+xlsr+hubert+wav2vec_sb,5,wav2vec_sb,3282,2817,0.8583180987202925
whisper_v2+fastconformer+xlsr+hubert+cohere,5,whisper_v2,3282,109,0.033211456429006705
whisper_v2+fastconformer+xlsr+hubert+cohere,5,fastconformer,3282,62,0.018890920170627667
whisper_v2+fastconformer+xlsr+hubert+cohere,5,xlsr,3282,3124,0.9518586227909811
whisper_v2+fastconformer+xlsr+hubert+cohere,5,hubert,3282,820,0.2498476538695917
whisper_v2+fastconformer+xlsr+hubert+cohere,5,cohere,3282,83,0.025289457647775748
whisper_v2+fastconformer+xlsr+wav2vec_sb+cohere,5,whisper_v2,3282,113,0.03443022547227301
whisper_v2+fastconformer+xlsr+wav2vec_sb+cohere,5,fastconformer,3282,52,0.015843997562461912
whisper_v2+fastconformer+xlsr+wav2vec_sb+cohere,5,xlsr,3282,2854,0.8695917123705058
whisper_v2+fastconformer+xlsr+wav2vec_sb+cohere,5,wav2vec_sb,3282,3067,0.9344911639244363
whisper_v2+fastconformer+xlsr+wav2vec_sb+cohere,5,cohere,3282,88,0.02681291895185862
whisper_v2+fastconformer+w2vbert+hubert+wav2vec_sb,5,whisper_v2,3282,113,0.03443022547227301
whisper_v2+fastconformer+w2vbert+hubert+wav2vec_sb,5,fastconformer,3282,82,0.024984765386959172
whisper_v2+fastconformer+w2vbert+hubert+wav2vec_sb,5,w2vbert,3282,1543,0.47014015843997564
whisper_v2+fastconformer+w2vbert+hubert+wav2vec_sb,5,hubert,3282,452,0.13772090188909203
whisper_v2+fastconformer+w2vbert+hubert+wav2vec_sb,5,wav2vec_sb,3282,2929,0.8924436319317489
whisper_v2+fastconformer+w2vbert+hubert+cohere,5,whisper_v2,3282,252,0.07678244972577697
whisper_v2+fastconformer+w2vbert+hubert+cohere,5,fastconformer,3282,137,0.04174283973187081
whisper_v2+fastconformer+w2vbert+hubert+cohere,5,w2vbert,3282,2843,0.8662400975015234
whisper_v2+fastconformer+w2vbert+hubert+cohere,5,hubert,3282,1397,0.42565508836075566
whisper_v2+fastconformer+w2vbert+hubert+cohere,5,cohere,3282,159,0.048446069469835464
whisper_v2+fastconformer+w2vbert+wav2vec_sb+cohere,5,whisper_v2,3282,93,0.0283363802559415
whisper_v2+fastconformer+w2vbert+wav2vec_sb+cohere,5,fastconformer,3282,41,0.012492382693479586
whisper_v2+fastconformer+w2vbert+wav2vec_sb+cohere,5,w2vbert,3282,1958,0.5965874466788543
whisper_v2+fastconformer+w2vbert+wav2vec_sb+cohere,5,wav2vec_sb,3282,3111,0.9478976234003657
whisper_v2+fastconformer+w2vbert+wav2vec_sb+cohere,5,cohere,3282,74,0.02254722730042657
whisper_v2+fastconformer+hubert+wav2vec_sb+cohere,5,whisper_v2,3282,92,0.028031687995124923
whisper_v2+fastconformer+hubert+wav2vec_sb+cohere,5,fastconformer,3282,42,0.012797074954296161
whisper_v2+fastconformer+hubert+wav2vec_sb+cohere,5,hubert,3282,717,0.21846435100548445
whisper_v2+fastconformer+hubert+wav2vec_sb+cohere,5,wav2vec_sb,3282,3177,0.9680073126142597
whisper_v2+fastconformer+hubert+wav2vec_sb+cohere,5,cohere,3282,66,0.02010968921389397
whisper_v2+xlsr+w2vbert+hubert+wav2vec_sb,5,whisper_v2,3282,365,0.11121267519804998
whisper_v2+xlsr+w2vbert+hubert+wav2vec_sb,5,xlsr,3282,1906,0.5807434491163924
whisper_v2+xlsr+w2vbert+hubert+wav2vec_sb,5,w2vbert,3282,1287,0.3921389396709324
whisper_v2+xlsr+w2vbert+hubert+wav2vec_sb,5,hubert,3282,307,0.09354052407068861
whisper_v2+xlsr+w2vbert+hubert+wav2vec_sb,5,wav2vec_sb,3282,2371,0.7224253503960999
whisper_v2+xlsr+w2vbert+hubert+cohere,5,whisper_v2,3282,115,0.03503960999390616
whisper_v2+xlsr+w2vbert+hubert+cohere,5,xlsr,3282,2810,0.8561852528945765
whisper_v2+xlsr+w2vbert+hubert+cohere,5,w2vbert,3282,1732,0.5277269957343084
whisper_v2+xlsr+w2vbert+hubert+cohere,5,hubert,3282,604,0.18403412553321147
whisper_v2+xlsr+w2vbert+hubert+cohere,5,cohere,3282,129,0.03930530164533821
whisper_v2+xlsr+w2vbert+wav2vec_sb+cohere,5,whisper_v2,3282,123,0.037477148080438755
whisper_v2+xlsr+w2vbert+wav2vec_sb+cohere,5,xlsr,3282,2360,0.7190737355271176
whisper_v2+xlsr+w2vbert+wav2vec_sb+cohere,5,w2vbert,3282,1668,0.5082266910420475
whisper_v2+xlsr+w2vbert+wav2vec_sb+cohere,5,wav2vec_sb,3282,2674,0.8147471054235222
whisper_v2+xlsr+w2vbert+wav2vec_sb+cohere,5,cohere,3282,122,0.03717245581962218
whisper_v2+xlsr+hubert+wav2vec_sb+cohere,5,whisper_v2,3282,95,0.02894576477757465
whisper_v2+xlsr+hubert+wav2vec_sb+cohere,5,xlsr,3282,2502,0.7623400365630713
whisper_v2+xlsr+hubert+wav2vec_sb+cohere,5,hubert,3282,585,0.17824497257769653
whisper_v2+xlsr+hubert+wav2vec_sb+cohere,5,wav2vec_sb,3282,2818,0.858622790981109
whisper_v2+xlsr+hubert+wav2vec_sb+cohere,5,cohere,3282,127,0.038695917123705056
whisper_v2+w2vbert+hubert+wav2vec_sb+cohere,5,whisper_v2,3282,93,0.0283363802559415
whisper_v2+w2vbert+hubert+wav2vec_sb+cohere,5,w2vbert,3282,1551,0.4725776965265082
whisper_v2+w2vbert+hubert+wav2vec_sb+cohere,5,hubert,3282,494,0.1505179768433882
whisper_v2+w2vbert+hubert+wav2vec_sb+cohere,5,wav2vec_sb,3282,2946,0.8976234003656307
whisper_v2+w2vbert+hubert+wav2vec_sb+cohere,5,cohere,3282,106,0.032297379646556976
fastconformer+xlsr+w2vbert+hubert+wav2vec_sb,5,fastconformer,3282,359,0.10938452163315052
fastconformer+xlsr+w2vbert+hubert+wav2vec_sb,5,xlsr,3282,1961,0.597501523461304
fastconformer+xlsr+w2vbert+hubert+wav2vec_sb,5,w2vbert,3282,1297,0.39518586227909813
fastconformer+xlsr+w2vbert+hubert+wav2vec_sb,5,hubert,3282,316,0.09628275441803778
fastconformer+xlsr+w2vbert+hubert+wav2vec_sb,5,wav2vec_sb,3282,2404,0.732480195003047
fastconformer+xlsr+w2vbert+hubert+cohere,5,fastconformer,3282,76,0.02315661182205972
fastconformer+xlsr+w2vbert+hubert+cohere,5,xlsr,3282,2818,0.858622790981109
fastconformer+xlsr+w2vbert+hubert+cohere,5,w2vbert,3282,1742,0.5307739183424741
fastconformer+xlsr+w2vbert+hubert+cohere,5,hubert,3282,642,0.1956124314442413
fastconformer+xlsr+w2vbert+hubert+cohere,5,cohere,3282,119,0.03625837903717245
fastconformer+xlsr+w2vbert+wav2vec_sb+cohere,5,fastconformer,3282,63,0.019195612431444242
fastconformer+xlsr+w2vbert+wav2vec_sb+cohere,5,xlsr,3282,2413,0.7352224253503961
fastconformer+xlsr+w2vbert+wav2vec_sb+cohere,5,w2vbert,3282,1743,0.5310786106032906
fastconformer+xlsr+w2vbert+wav2vec_sb+cohere,5,wav2vec_sb,3282,2691,0.819926873857404
fastconformer+xlsr+w2vbert+wav2vec_sb+cohere,5,cohere,3282,120,0.03656307129798903
fastconformer+xlsr+hubert+wav2vec_sb+cohere,5,fastconformer,3282,61,0.01858622790981109
fastconformer+xlsr+hubert+wav2vec_sb+cohere,5,xlsr,3282,2536,0.7726995734308348
fastconformer+xlsr+hubert+wav2vec_sb+cohere,5,hubert,3282,655,0.1995734308348568
fastconformer+xlsr+hubert+wav2vec_sb+cohere,5,wav2vec_sb,3282,2843,0.8662400975015234
fastconformer+xlsr+hubert+wav2vec_sb+cohere,5,cohere,3282,116,0.03534430225472273
fastconformer+w2vbert+hubert+wav2vec_sb+cohere,5,fastconformer,3282,52,0.015843997562461912
fastconformer+w2vbert+hubert+wav2vec_sb+cohere,5,w2vbert,3282,1567,0.4774527726995734
fastconformer+w2vbert+hubert+wav2vec_sb+cohere,5,hubert,3282,558,0.170018281535649
fastconformer+w2vbert+hubert+wav2vec_sb+cohere,5,wav2vec_sb,3282,2932,0.8933577087141986
fastconformer+w2vbert+hubert+wav2vec_sb+cohere,5,cohere,3282,94,0.028641072516758074
xlsr+w2vbert+hubert+wav2vec_sb+cohere,5,xlsr,3282,1895,0.5773918342474101
xlsr+w2vbert+hubert+wav2vec_sb+cohere,5,w2vbert,3282,1252,0.3814747105423522
xlsr+w2vbert+hubert+wav2vec_sb+cohere,5,hubert,3282,289,0.08805606337599026
xlsr+w2vbert+hubert+wav2vec_sb+cohere,5,wav2vec_sb,3282,2337,0.7120658135283364
xlsr+w2vbert+hubert+wav2vec_sb+cohere,5,cohere,3282,392,0.1194393662400975
seamless_m4t+whisper_v3+whisper_v2+fastconformer+xlsr+w2vbert,6,seamless_m4t,3282,121,0.036867763558805604
seamless_m4t+whisper_v3+whisper_v2+fastconformer+xlsr+w2vbert,6,whisper_v3,3282,40,0.01218769043266301
seamless_m4t+whisper_v3+whisper_v2+fastconformer+xlsr+w2vbert,6,whisper_v2,3282,83,0.025289457647775748
seamless_m4t+whisper_v3+whisper_v2+fastconformer+xlsr+w2vbert,6,fastconformer,3282,66,0.02010968921389397
seamless_m4t+whisper_v3+whisper_v2+fastconformer+xlsr+w2vbert,6,xlsr,3282,3092,0.9421084704448507
seamless_m4t+whisper_v3+whisper_v2+fastconformer+xlsr+w2vbert,6,w2vbert,3282,2092,0.6374162096282754
seamless_m4t+whisper_v3+whisper_v2+fastconformer+xlsr+hubert,6,seamless_m4t,3282,120,0.03656307129798903
seamless_m4t+whisper_v3+whisper_v2+fastconformer+xlsr+hubert,6,whisper_v3,3282,42,0.012797074954296161
seamless_m4t+whisper_v3+whisper_v2+fastconformer+xlsr+hubert,6,whisper_v2,3282,82,0.024984765386959172
seamless_m4t+whisper_v3+whisper_v2+fastconformer+xlsr+hubert,6,fastconformer,3282,71,0.021633150517976842
seamless_m4t+whisper_v3+whisper_v2+fastconformer+xlsr+hubert,6,xlsr,3282,3202,0.975624619134674
seamless_m4t+whisper_v3+whisper_v2+fastconformer+xlsr+hubert,6,hubert,3282,804,0.2449725776965265
seamless_m4t+whisper_v3+whisper_v2+fastconformer+xlsr+wav2vec_sb,6,seamless_m4t,3282,116,0.03534430225472273
seamless_m4t+whisper_v3+whisper_v2+fastconformer+xlsr+wav2vec_sb,6,whisper_v3,3282,36,0.010968921389396709
seamless_m4t+whisper_v3+whisper_v2+fastconformer+xlsr+wav2vec_sb,6,whisper_v2,3282,77,0.023461304082876295
seamless_m4t+whisper_v3+whisper_v2+fastconformer+xlsr+wav2vec_sb,6,fastconformer,3282,56,0.017062766605728214
seamless_m4t+whisper_v3+whisper_v2+fastconformer+xlsr+wav2vec_sb,6,xlsr,3282,2892,0.8811700182815356
seamless_m4t+whisper_v3+whisper_v2+fastconformer+xlsr+wav2vec_sb,6,wav2vec_sb,3282,3105,0.9460694698354661
seamless_m4t+whisper_v3+whisper_v2+fastconformer+xlsr+cohere,6,seamless_m4t,3282,114,0.03473491773308958
seamless_m4t+whisper_v3+whisper_v2+fastconformer+xlsr+cohere,6,whisper_v3,3282,34,0.010359536867763558
seamless_m4t+whisper_v3+whisper_v2+fastconformer+xlsr+cohere,6,whisper_v2,3282,81,0.024680073126142597
seamless_m4t+whisper_v3+whisper_v2+fastconformer+xlsr+cohere,6,fastconformer,3282,59,0.01797684338817794
seamless_m4t+whisper_v3+whisper_v2+fastconformer+xlsr+cohere,6,xlsr,3282,3240,0.9872029250457038
seamless_m4t+whisper_v3+whisper_v2+fastconformer+xlsr+cohere,6,cohere,3282,64,0.019500304692260818
seamless_m4t+whisper_v3+whisper_v2+fastconformer+w2vbert+hubert,6,seamless_m4t,3282,202,0.061547836684948204
seamless_m4t+whisper_v3+whisper_v2+fastconformer+w2vbert+hubert,6,whisper_v3,3282,114,0.03473491773308958
seamless_m4t+whisper_v3+whisper_v2+fastconformer+w2vbert+hubert,6,whisper_v2,3282,202,0.061547836684948204
seamless_m4t+whisper_v3+whisper_v2+fastconformer+w2vbert+hubert,6,fastconformer,3282,138,0.04204753199268738
seamless_m4t+whisper_v3+whisper_v2+fastconformer+w2vbert+hubert,6,w2vbert,3282,2927,0.8918342474101157
seamless_m4t+whisper_v3+whisper_v2+fastconformer+w2vbert+hubert,6,hubert,3282,1384,0.42169408897014016
seamless_m4t+whisper_v3+whisper_v2+fastconformer+w2vbert+wav2vec_sb,6,seamless_m4t,3282,97,0.0295551492992078
seamless_m4t+whisper_v3+whisper_v2+fastconformer+w2vbert+wav2vec_sb,6,whisper_v3,3282,38,0.01157830591102986
seamless_m4t+whisper_v3+whisper_v2+fastconformer+w2vbert+wav2vec_sb,6,whisper_v2,3282,72,0.021937842778793418
seamless_m4t+whisper_v3+whisper_v2+fastconformer+w2vbert+wav2vec_sb,6,fastconformer,3282,50,0.015234613040828763
seamless_m4t+whisper_v3+whisper_v2+fastconformer+w2vbert+wav2vec_sb,6,w2vbert,3282,1935,0.5895795246800731
seamless_m4t+whisper_v3+whisper_v2+fastconformer+w2vbert+wav2vec_sb,6,wav2vec_sb,3282,3176,0.967702620353443
seamless_m4t+whisper_v3+whisper_v2+fastconformer+w2vbert+cohere,6,seamless_m4t,3282,196,0.05971968312004875
seamless_m4t+whisper_v3+whisper_v2+fastconformer+w2vbert+cohere,6,whisper_v3,3282,125,0.038086532602071906
seamless_m4t+whisper_v3+whisper_v2+fastconformer+w2vbert+cohere,6,whisper_v2,3282,229,0.06977452772699573
seamless_m4t+whisper_v3+whisper_v2+fastconformer+w2vbert+cohere,6,fastconformer,3282,154,0.04692260816575259
seamless_m4t+whisper_v3+whisper_v2+fastconformer+w2vbert+cohere,6,w2vbert,3282,3105,0.9460694698354661
seamless_m4t+whisper_v3+whisper_v2+fastconformer+w2vbert+cohere,6,cohere,3282,136,0.04143814747105423
seamless_m4t+whisper_v3+whisper_v2+fastconformer+hubert+wav2vec_sb,6,seamless_m4t,3282,93,0.0283363802559415
seamless_m4t+whisper_v3+whisper_v2+fastconformer+hubert+wav2vec_sb,6,whisper_v3,3282,41,0.012492382693479586
seamless_m4t+whisper_v3+whisper_v2+fastconformer+hubert+wav2vec_sb,6,whisper_v2,3282,77,0.023461304082876295
seamless_m4t+whisper_v3+whisper_v2+fastconformer+hubert+wav2vec_sb,6,fastconformer,3282,56,0.017062766605728214
seamless_m4t+whisper_v3+whisper_v2+fastconformer+hubert+wav2vec_sb,6,hubert,3282,693,0.21115173674588666
seamless_m4t+whisper_v3+whisper_v2+fastconformer+hubert+wav2vec_sb,6,wav2vec_sb,3282,3229,0.9838513101767216
seamless_m4t+whisper_v3+whisper_v2+fastconformer+hubert+cohere,6,seamless_m4t,3282,378,0.11517367458866545
seamless_m4t+whisper_v3+whisper_v2+fastconformer+hubert+cohere,6,whisper_v3,3282,242,0.07373552711761121
seamless_m4t+whisper_v3+whisper_v2+fastconformer+hubert+cohere,6,whisper_v2,3282,450,0.13711151736745886
seamless_m4t+whisper_v3+whisper_v2+fastconformer+hubert+cohere,6,fastconformer,3282,328,0.09993906154783669
seamless_m4t+whisper_v3+whisper_v2+fastconformer+hubert+cohere,6,hubert,3282,2837,0.864411943936624
seamless_m4t+whisper_v3+whisper_v2+fastconformer+hubert+cohere,6,cohere,3282,259,0.07891529555149299
seamless_m4t+whisper_v3+whisper_v2+fastconformer+wav2vec_sb+cohere,6,seamless_m4t,3282,92,0.028031687995124923
seamless_m4t+whisper_v3+whisper_v2+fastconformer+wav2vec_sb+cohere,6,whisper_v3,3282,33,0.010054844606946984
seamless_m4t+whisper_v3+whisper_v2+fastconformer+wav2vec_sb+cohere,6,whisper_v2,3282,73,0.022242535039609993
seamless_m4t+whisper_v3+whisper_v2+fastconformer+wav2vec_sb+cohere,6,fastconformer,3282,50,0.015234613040828763
seamless_m4t+whisper_v3+whisper_v2+fastconformer+wav2vec_sb+cohere,6,wav2vec_sb,3282,3252,0.9908592321755028
seamless_m4t+whisper_v3+whisper_v2+fastconformer+wav2vec_sb+cohere,6,cohere,3282,60,0.018281535648994516
seamless_m4t+whisper_v3+whisper_v2+xlsr+w2vbert+hubert,6,seamless_m4t,3282,139,0.04235222425350396
seamless_m4t+whisper_v3+whisper_v2+xlsr+w2vbert+hubert,6,whisper_v3,3282,50,0.015234613040828763
seamless_m4t+whisper_v3+whisper_v2+xlsr+w2vbert+hubert,6,whisper_v2,3282,90,0.027422303473491772
seamless_m4t+whisper_v3+whisper_v2+xlsr+w2vbert+hubert,6,xlsr,3282,2969,0.9046313223644119
seamless_m4t+whisper_v3+whisper_v2+xlsr+w2vbert+hubert,6,w2vbert,3282,1874,0.570993296770262
seamless_m4t+whisper_v3+whisper_v2+xlsr+w2vbert+hubert,6,hubert,3282,744,0.226691042047532
seamless_m4t+whisper_v3+whisper_v2+xlsr+w2vbert+wav2vec_sb,6,seamless_m4t,3282,133,0.04052407068860451
seamless_m4t+whisper_v3+whisper_v2+xlsr+w2vbert+wav2vec_sb,6,whisper_v3,3282,37,0.011273613650213284
seamless_m4t+whisper_v3+whisper_v2+xlsr+w2vbert+wav2vec_sb,6,whisper_v2,3282,83,0.025289457647775748
seamless_m4t+whisper_v3+whisper_v2+xlsr+w2vbert+wav2vec_sb,6,xlsr,3282,2649,0.8071297989031079
seamless_m4t+whisper_v3+whisper_v2+xlsr+w2vbert+wav2vec_sb,6,w2vbert,3282,1920,0.5850091407678245
seamless_m4t+whisper_v3+whisper_v2+xlsr+w2vbert+wav2vec_sb,6,wav2vec_sb,3282,2916,0.8884826325411335
seamless_m4t+whisper_v3+whisper_v2+xlsr+w2vbert+cohere,6,seamless_m4t,3282,122,0.03717245581962218
seamless_m4t+whisper_v3+whisper_v2+xlsr+w2vbert+cohere,6,whisper_v3,3282,35,0.010664229128580133
seamless_m4t+whisper_v3+whisper_v2+xlsr+w2vbert+cohere,6,whisper_v2,3282,84,0.025594149908592323
seamless_m4t+whisper_v3+whisper_v2+xlsr+w2vbert+cohere,6,xlsr,3282,3107,0.9466788543570993
seamless_m4t+whisper_v3+whisper_v2+xlsr+w2vbert+cohere,6,w2vbert,3282,2137,0.6511273613650214
seamless_m4t+whisper_v3+whisper_v2+xlsr+w2vbert+cohere,6,cohere,3282,65,0.019804996953077393
seamless_m4t+whisper_v3+whisper_v2+xlsr+hubert+wav2vec_sb,6,seamless_m4t,3282,127,0.038695917123705056
seamless_m4t+whisper_v3+whisper_v2+xlsr+hubert+wav2vec_sb,6,whisper_v3,3282,38,0.01157830591102986
seamless_m4t+whisper_v3+whisper_v2+xlsr+hubert+wav2vec_sb,6,whisper_v2,3282,74,0.02254722730042657
seamless_m4t+whisper_v3+whisper_v2+xlsr+hubert+wav2vec_sb,6,xlsr,3282,2672,0.8141377209018891
seamless_m4t+whisper_v3+whisper_v2+xlsr+hubert+wav2vec_sb,6,hubert,3282,738,0.22486288848263253
seamless_m4t+whisper_v3+whisper_v2+xlsr+hubert+wav2vec_sb,6,wav2vec_sb,3282,2979,0.9076782449725777
seamless_m4t+whisper_v3+whisper_v2+xlsr+hubert+cohere,6,seamless_m4t,3282,114,0.03473491773308958
seamless_m4t+whisper_v3+whisper_v2+xlsr+hubert+cohere,6,whisper_v3,3282,41,0.012492382693479586
seamless_m4t+whisper_v3+whisper_v2+xlsr+hubert+cohere,6,whisper_v2,3282,84,0.025594149908592323
seamless_m4t+whisper_v3+whisper_v2+xlsr+hubert+cohere,6,xlsr,3282,3201,0.9753199268738574
seamless_m4t+whisper_v3+whisper_v2+xlsr+hubert+cohere,6,hubert,3282,867,0.26416819012797077
seamless_m4t+whisper_v3+whisper_v2+xlsr+hubert+cohere,6,cohere,3282,67,0.020414381474710544
seamless_m4t+whisper_v3+whisper_v2+xlsr+wav2vec_sb+cohere,6,seamless_m4t,3282,101,0.030773918342474102
seamless_m4t+whisper_v3+whisper_v2+xlsr+wav2vec_sb+cohere,6,whisper_v3,3282,32,0.009750152346130409
seamless_m4t+whisper_v3+whisper_v2+xlsr+wav2vec_sb+cohere,6,whisper_v2,3282,72,0.021937842778793418
seamless_m4t+whisper_v3+whisper_v2+xlsr+wav2vec_sb+cohere,6,xlsr,3282,2904,0.8848263254113345
seamless_m4t+whisper_v3+whisper_v2+xlsr+wav2vec_sb+cohere,6,wav2vec_sb,3282,3100,0.9445460085313833
seamless_m4t+whisper_v3+whisper_v2+xlsr+wav2vec_sb+cohere,6,cohere,3282,64,0.019500304692260818
seamless_m4t+whisper_v3+whisper_v2+w2vbert+hubert+wav2vec_sb,6,seamless_m4t,3282,97,0.0295551492992078
seamless_m4t+whisper_v3+whisper_v2+w2vbert+hubert+wav2vec_sb,6,whisper_v3,3282,42,0.012797074954296161
seamless_m4t+whisper_v3+whisper_v2+w2vbert+hubert+wav2vec_sb,6,whisper_v2,3282,69,0.02102376599634369
seamless_m4t+whisper_v3+whisper_v2+w2vbert+hubert+wav2vec_sb,6,w2vbert,3282,1686,0.5137111517367459
seamless_m4t+whisper_v3+whisper_v2+w2vbert+hubert+wav2vec_sb,6,hubert,3282,647,0.1971358927483242
seamless_m4t+whisper_v3+whisper_v2+w2vbert+hubert+wav2vec_sb,6,wav2vec_sb,3282,3066,0.9341864716636198
seamless_m4t+whisper_v3+whisper_v2+w2vbert+hubert+cohere,6,seamless_m4t,3282,198,0.0603290676416819
seamless_m4t+whisper_v3+whisper_v2+w2vbert+hubert+cohere,6,whisper_v3,3282,113,0.03443022547227301
seamless_m4t+whisper_v3+whisper_v2+w2vbert+hubert+cohere,6,whisper_v2,3282,199,0.060633759902498474
seamless_m4t+whisper_v3+whisper_v2+w2vbert+hubert+cohere,6,w2vbert,3282,2926,0.8915295551492992
seamless_m4t+whisper_v3+whisper_v2+w2vbert+hubert+cohere,6,hubert,3282,1460,0.4448507007921999
seamless_m4t+whisper_v3+whisper_v2+w2vbert+hubert+cohere,6,cohere,3282,143,0.04357099329677026
seamless_m4t+whisper_v3+whisper_v2+w2vbert+wav2vec_sb+cohere,6,seamless_m4t,3282,85,0.0258988421694089
seamless_m4t+whisper_v3+whisper_v2+w2vbert+wav2vec_sb+cohere,6,whisper_v3,3282,30,0.009140767824497258
seamless_m4t+whisper_v3+whisper_v2+w2vbert+wav2vec_sb+cohere,6,whisper_v2,3282,69,0.02102376599634369
seamless_m4t+whisper_v3+whisper_v2+w2vbert+wav2vec_sb+cohere,6,w2vbert,3282,1981,0.6035953686776356
seamless_m4t+whisper_v3+whisper_v2+w2vbert+wav2vec_sb+cohere,6,wav2vec_sb,3282,3172,0.9664838513101767
seamless_m4t+whisper_v3+whisper_v2+w2vbert+wav2vec_sb+cohere,6,cohere,3282,54,0.016453382084095063
seamless_m4t+whisper_v3+whisper_v2+hubert+wav2vec_sb+cohere,6,seamless_m4t,3282,80,0.02437538086532602
seamless_m4t+whisper_v3+whisper_v2+hubert+wav2vec_sb+cohere,6,whisper_v3,3282,34,0.010359536867763558
seamless_m4t+whisper_v3+whisper_v2+hubert+wav2vec_sb+cohere,6,whisper_v2,3282,68,0.020719073735527116
seamless_m4t+whisper_v3+whisper_v2+hubert+wav2vec_sb+cohere,6,hubert,3282,723,0.2202925045703839
seamless_m4t+whisper_v3+whisper_v2+hubert+wav2vec_sb+cohere,6,wav2vec_sb,3282,3226,0.9829372333942717
seamless_m4t+whisper_v3+whisper_v2+hubert+wav2vec_sb+cohere,6,cohere,3282,50,0.015234613040828763
seamless_m4t+whisper_v3+fastconformer+xlsr+w2vbert+hubert,6,seamless_m4t,3282,125,0.038086532602071906
seamless_m4t+whisper_v3+fastconformer+xlsr+w2vbert+hubert,6,whisper_v3,3282,72,0.021937842778793418
seamless_m4t+whisper_v3+fastconformer+xlsr+w2vbert+hubert,6,fastconformer,3282,75,0.022851919561243144
seamless_m4t+whisper_v3+fastconformer+xlsr+w2vbert+hubert,6,xlsr,3282,2970,0.9049360146252285
seamless_m4t+whisper_v3+fastconformer+xlsr+w2vbert+hubert,6,w2vbert,3282,1859,0.5664229128580134
seamless_m4t+whisper_v3+fastconformer+xlsr+w2vbert+hubert,6,hubert,3282,727,0.22151127361365022
seamless_m4t+whisper_v3+fastconformer+xlsr+w2vbert+wav2vec_sb,6,seamless_m4t,3282,116,0.03534430225472273
seamless_m4t+whisper_v3+fastconformer+xlsr+w2vbert+wav2vec_sb,6,whisper_v3,3282,68,0.020719073735527116
seamless_m4t+whisper_v3+fastconformer+xlsr+w2vbert+wav2vec_sb,6,fastconformer,3282,64,0.019500304692260818
seamless_m4t+whisper_v3+fastconformer+xlsr+w2vbert+wav2vec_sb,6,xlsr,3282,2661,0.8107861060329068
seamless_m4t+whisper_v3+fastconformer+xlsr+w2vbert+wav2vec_sb,6,w2vbert,3282,1902,0.5795246800731262
seamless_m4t+whisper_v3+fastconformer+xlsr+w2vbert+wav2vec_sb,6,wav2vec_sb,3282,2922,0.8903107861060329
seamless_m4t+whisper_v3+fastconformer+xlsr+w2vbert+cohere,6,seamless_m4t,3282,122,0.03717245581962218
seamless_m4t+whisper_v3+fastconformer+xlsr+w2vbert+cohere,6,whisper_v3,3282,67,0.020414381474710544
seamless_m4t+whisper_v3+fastconformer+xlsr+w2vbert+cohere,6,fastconformer,3282,63,0.019195612431444242
seamless_m4t+whisper_v3+fastconformer+xlsr+w2vbert+cohere,6,xlsr,3282,3118,0.9500304692260817
seamless_m4t+whisper_v3+fastconformer+xlsr+w2vbert+cohere,6,w2vbert,3282,2130,0.6489945155393053
seamless_m4t+whisper_v3+fastconformer+xlsr+w2vbert+cohere,6,cohere,3282,66,0.02010968921389397
seamless_m4t+whisper_v3+fastconformer+xlsr+hubert+wav2vec_sb,6,seamless_m4t,3282,101,0.030773918342474102
seamless_m4t+whisper_v3+fastconformer+xlsr+hubert+wav2vec_sb,6,whisper_v3,3282,67,0.020414381474710544
seamless_m4t+whisper_v3+fastconformer+xlsr+hubert+wav2vec_sb,6,fastconformer,3282,63,0.019195612431444242
seamless_m4t+whisper_v3+fastconformer+xlsr+hubert+wav2vec_sb,6,xlsr,3282,2694,0.8208409506398537
seamless_m4t+whisper_v3+fastconformer+xlsr+hubert+wav2vec_sb,6,hubert,3282,718,0.21876904326630103
seamless_m4t+whisper_v3+fastconformer+xlsr+hubert+wav2vec_sb,6,wav2vec_sb,3282,2987,0.9101157830591103
seamless_m4t+whisper_v3+fastconformer+xlsr+hubert+cohere,6,seamless_m4t,3282,117,0.0356489945155393
seamless_m4t+whisper_v3+fastconformer+xlsr+hubert+cohere,6,whisper_v3,3282,69,0.02102376599634369
seamless_m4t+whisper_v3+fastconformer+xlsr+hubert+cohere,6,fastconformer,3282,71,0.021633150517976842
seamless_m4t+whisper_v3+fastconformer+xlsr+hubert+cohere,6,xlsr,3282,3202,0.975624619134674
seamless_m4t+whisper_v3+fastconformer+xlsr+hubert+cohere,6,hubert,3282,855,0.26051188299817185
seamless_m4t+whisper_v3+fastconformer+xlsr+hubert+cohere,6,cohere,3282,66,0.02010968921389397
seamless_m4t+whisper_v3+fastconformer+xlsr+wav2vec_sb+cohere,6,seamless_m4t,3282,103,0.03138330286410725
seamless_m4t+whisper_v3+fastconformer+xlsr+wav2vec_sb+cohere,6,whisper_v3,3282,60,0.018281535648994516
seamless_m4t+whisper_v3+fastconformer+xlsr+wav2vec_sb+cohere,6,fastconformer,3282,51,0.015539305301645339
seamless_m4t+whisper_v3+fastconformer+xlsr+wav2vec_sb+cohere,6,xlsr,3282,2911,0.8869591712370506
seamless_m4t+whisper_v3+fastconformer+xlsr+wav2vec_sb+cohere,6,wav2vec_sb,3282,3114,0.9488117001828154
seamless_m4t+whisper_v3+fastconformer+xlsr+wav2vec_sb+cohere,6,cohere,3282,60,0.018281535648994516
seamless_m4t+whisper_v3+fastconformer+w2vbert+hubert+wav2vec_sb,6,seamless_m4t,3282,89,0.027117611212675197
seamless_m4t+whisper_v3+fastconformer+w2vbert+hubert+wav2vec_sb,6,whisper_v3,3282,62,0.018890920170627667
seamless_m4t+whisper_v3+fastconformer+w2vbert+hubert+wav2vec_sb,6,fastconformer,3282,55,0.01675807434491164
seamless_m4t+whisper_v3+fastconformer+w2vbert+hubert+wav2vec_sb,6,w2vbert,3282,1674,0.5100548446069469
seamless_m4t+whisper_v3+fastconformer+w2vbert+hubert+wav2vec_sb,6,hubert,3282,643,0.1959171237050579
seamless_m4t+whisper_v3+fastconformer+w2vbert+hubert+wav2vec_sb,6,wav2vec_sb,3282,3077,0.9375380865326021
seamless_m4t+whisper_v3+fastconformer+w2vbert+hubert+cohere,6,seamless_m4t,3282,189,0.05758683729433273
seamless_m4t+whisper_v3+fastconformer+w2vbert+hubert+cohere,6,whisper_v3,3282,166,0.050578915295551495
seamless_m4t+whisper_v3+fastconformer+w2vbert+hubert+cohere,6,fastconformer,3282,132,0.04021937842778794
seamless_m4t+whisper_v3+fastconformer+w2vbert+hubert+cohere,6,w2vbert,3282,2952,0.8994515539305301
seamless_m4t+whisper_v3+fastconformer+w2vbert+hubert+cohere,6,hubert,3282,1473,0.44881170018281535
seamless_m4t+whisper_v3+fastconformer+w2vbert+hubert+cohere,6,cohere,3282,131,0.03991468616697136
seamless_m4t+whisper_v3+fastconformer+w2vbert+wav2vec_sb+cohere,6,seamless_m4t,3282,93,0.0283363802559415
seamless_m4t+whisper_v3+fastconformer+w2vbert+wav2vec_sb+cohere,6,whisper_v3,3282,61,0.01858622790981109
seamless_m4t+whisper_v3+fastconformer+w2vbert+wav2vec_sb+cohere,6,fastconformer,3282,44,0.01340645947592931
seamless_m4t+whisper_v3+fastconformer+w2vbert+wav2vec_sb+cohere,6,w2vbert,3282,1984,0.6045094454600853
seamless_m4t+whisper_v3+fastconformer+w2vbert+wav2vec_sb+cohere,6,wav2vec_sb,3282,3177,0.9680073126142597
seamless_m4t+whisper_v3+fastconformer+w2vbert+wav2vec_sb+cohere,6,cohere,3282,59,0.01797684338817794
seamless_m4t+whisper_v3+fastconformer+hubert+wav2vec_sb+cohere,6,seamless_m4t,3282,77,0.023461304082876295
seamless_m4t+whisper_v3+fastconformer+hubert+wav2vec_sb+cohere,6,whisper_v3,3282,60,0.018281535648994516
seamless_m4t+whisper_v3+fastconformer+hubert+wav2vec_sb+cohere,6,fastconformer,3282,50,0.015234613040828763
seamless_m4t+whisper_v3+fastconformer+hubert+wav2vec_sb+cohere,6,hubert,3282,728,0.22181596587446678
seamless_m4t+whisper_v3+fastconformer+hubert+wav2vec_sb+cohere,6,wav2vec_sb,3282,3216,0.979890310786106
seamless_m4t+whisper_v3+fastconformer+hubert+wav2vec_sb+cohere,6,cohere,3282,58,0.017672151127361365
seamless_m4t+whisper_v3+xlsr+w2vbert+hubert+wav2vec_sb,6,seamless_m4t,3282,138,0.04204753199268738
seamless_m4t+whisper_v3+xlsr+w2vbert+hubert+wav2vec_sb,6,whisper_v3,3282,81,0.024680073126142597
seamless_m4t+whisper_v3+xlsr+w2vbert+hubert+wav2vec_sb,6,xlsr,3282,2333,0.7108470444850701
seamless_m4t+whisper_v3+xlsr+w2vbert+hubert+wav2vec_sb,6,w2vbert,3282,1550,0.47227300426569163
seamless_m4t+whisper_v3+xlsr+w2vbert+hubert+wav2vec_sb,6,hubert,3282,524,0.15965874466788543
seamless_m4t+whisper_v3+xlsr+w2vbert+hubert+wav2vec_sb,6,wav2vec_sb,3282,2703,0.823583180987203
seamless_m4t+whisper_v3+xlsr+w2vbert+hubert+cohere,6,seamless_m4t,3282,114,0.03473491773308958
seamless_m4t+whisper_v3+xlsr+w2vbert+hubert+cohere,6,whisper_v3,3282,59,0.01797684338817794
seamless_m4t+whisper_v3+xlsr+w2vbert+hubert+cohere,6,xlsr,3282,2967,0.9040219378427788
seamless_m4t+whisper_v3+xlsr+w2vbert+hubert+cohere,6,w2vbert,3282,1893,0.576782449725777
seamless_m4t+whisper_v3+xlsr+w2vbert+hubert+cohere,6,hubert,3282,808,0.24619134673979282
seamless_m4t+whisper_v3+xlsr+w2vbert+hubert+cohere,6,cohere,3282,67,0.020414381474710544
seamless_m4t+whisper_v3+xlsr+w2vbert+wav2vec_sb+cohere,6,seamless_m4t,3282,97,0.0295551492992078
seamless_m4t+whisper_v3+xlsr+w2vbert+wav2vec_sb+cohere,6,whisper_v3,3282,59,0.01797684338817794
seamless_m4t+whisper_v3+xlsr+w2vbert+wav2vec_sb+cohere,6,xlsr,3282,2688,0.8190127970749543
seamless_m4t+whisper_v3+xlsr+w2vbert+wav2vec_sb+cohere,6,w2vbert,3282,1954,0.5953686776355881
seamless_m4t+whisper_v3+xlsr+w2vbert+wav2vec_sb+cohere,6,wav2vec_sb,3282,2940,0.8957952468007313
seamless_m4t+whisper_v3+xlsr+w2vbert+wav2vec_sb+cohere,6,cohere,3282,65,0.019804996953077393
seamless_m4t+whisper_v3+xlsr+hubert+wav2vec_sb+cohere,6,seamless_m4t,3282,95,0.02894576477757465
seamless_m4t+whisper_v3+xlsr+hubert+wav2vec_sb+cohere,6,whisper_v3,3282,69,0.02102376599634369
seamless_m4t+whisper_v3+xlsr+hubert+wav2vec_sb+cohere,6,xlsr,3282,2714,0.8269347958561852
seamless_m4t+whisper_v3+xlsr+hubert+wav2vec_sb+cohere,6,hubert,3282,788,0.2400975015234613
seamless_m4t+whisper_v3+xlsr+hubert+wav2vec_sb+cohere,6,wav2vec_sb,3282,2995,0.9125533211456429
seamless_m4t+whisper_v3+xlsr+hubert+wav2vec_sb+cohere,6,cohere,3282,66,0.02010968921389397
seamless_m4t+whisper_v3+w2vbert+hubert+wav2vec_sb+cohere,6,seamless_m4t,3282,80,0.02437538086532602
seamless_m4t+whisper_v3+w2vbert+hubert+wav2vec_sb+cohere,6,whisper_v3,3282,60,0.018281535648994516
seamless_m4t+whisper_v3+w2vbert+hubert+wav2vec_sb+cohere,6,w2vbert,3282,1719,0.5237659963436929
seamless_m4t+whisper_v3+w2vbert+hubert+wav2vec_sb+cohere,6,hubert,3282,722,0.21998781230956735
seamless_m4t+whisper_v3+w2vbert+hubert+wav2vec_sb+cohere,6,wav2vec_sb,3282,3087,0.9405850091407678
seamless_m4t+whisper_v3+w2vbert+hubert+wav2vec_sb+cohere,6,cohere,3282,62,0.018890920170627667
seamless_m4t+whisper_v2+fastconformer+xlsr+w2vbert+hubert,6,seamless_m4t,3282,115,0.03503960999390616
seamless_m4t+whisper_v2+fastconformer+xlsr+w2vbert+hubert,6,whisper_v2,3282,111,0.033820840950639856
seamless_m4t+whisper_v2+fastconformer+xlsr+w2vbert+hubert,6,fastconformer,3282,78,0.02376599634369287
seamless_m4t+whisper_v2+fastconformer+xlsr+w2vbert+hubert,6,xlsr,3282,2967,0.9040219378427788
seamless_m4t+whisper_v2+fastconformer+xlsr+w2vbert+hubert,6,w2vbert,3282,1855,0.5652041438147472
seamless_m4t+whisper_v2+fastconformer+xlsr+w2vbert+hubert,6,hubert,3282,682,0.20780012187690433
seamless_m4t+whisper_v2+fastconformer+xlsr+w2vbert+wav2vec_sb,6,seamless_m4t,3282,105,0.031992687385740404
seamless_m4t+whisper_v2+fastconformer+xlsr+w2vbert+wav2vec_sb,6,whisper_v2,3282,114,0.03473491773308958
seamless_m4t+whisper_v2+fastconformer+xlsr+w2vbert+wav2vec_sb,6,fastconformer,3282,58,0.017672151127361365
seamless_m4t+whisper_v2+fastconformer+xlsr+w2vbert+wav2vec_sb,6,xlsr,3282,2626,0.8001218769043267
seamless_m4t+whisper_v2+fastconformer+xlsr+w2vbert+wav2vec_sb,6,w2vbert,3282,1856,0.5655088360755637
seamless_m4t+whisper_v2+fastconformer+xlsr+w2vbert+wav2vec_sb,6,wav2vec_sb,3282,2890,0.8805606337599025
seamless_m4t+whisper_v2+fastconformer+xlsr+w2vbert+cohere,6,seamless_m4t,3282,115,0.03503960999390616
seamless_m4t+whisper_v2+fastconformer+xlsr+w2vbert+cohere,6,whisper_v2,3282,119,0.03625837903717245
seamless_m4t+whisper_v2+fastconformer+xlsr+w2vbert+cohere,6,fastconformer,3282,63,0.019195612431444242
seamless_m4t+whisper_v2+fastconformer+xlsr+w2vbert+cohere,6,xlsr,3282,3099,0.9442413162705667
seamless_m4t+whisper_v2+fastconformer+xlsr+w2vbert+cohere,6,w2vbert,3282,2104,0.6410725167580743
seamless_m4t+whisper_v2+fastconformer+xlsr+w2vbert+cohere,6,cohere,3282,63,0.019195612431444242
seamless_m4t+whisper_v2+fastconformer+xlsr+hubert+wav2vec_sb,6,seamless_m4t,3282,104,0.031687995124923825
seamless_m4t+whisper_v2+fastconformer+xlsr+hubert+wav2vec_sb,6,whisper_v2,3282,111,0.033820840950639856
seamless_m4t+whisper_v2+fastconformer+xlsr+hubert+wav2vec_sb,6,fastconformer,3282,62,0.018890920170627667
seamless_m4t+whisper_v2+fastconformer+xlsr+hubert+wav2vec_sb,6,xlsr,3282,2681,0.8168799512492383
seamless_m4t+whisper_v2+fastconformer+xlsr+hubert+wav2vec_sb,6,hubert,3282,676,0.20597196831200487
seamless_m4t+whisper_v2+fastconformer+xlsr+hubert+wav2vec_sb,6,wav2vec_sb,3282,2981,0.9082876294942108
seamless_m4t+whisper_v2+fastconformer+xlsr+hubert+cohere,6,seamless_m4t,3282,106,0.032297379646556976
seamless_m4t+whisper_v2+fastconformer+xlsr+hubert+cohere,6,whisper_v2,3282,122,0.03717245581962218
seamless_m4t+whisper_v2+fastconformer+xlsr+hubert+cohere,6,fastconformer,3282,68,0.020719073735527116
seamless_m4t+whisper_v2+fastconformer+xlsr+hubert+cohere,6,xlsr,3282,3198,0.9744058500914077
seamless_m4t+whisper_v2+fastconformer+xlsr+hubert+cohere,6,hubert,3282,820,0.2498476538695917
seamless_m4t+whisper_v2+fastconformer+xlsr+hubert+cohere,6,cohere,3282,69,0.02102376599634369
seamless_m4t+whisper_v2+fastconformer+xlsr+wav2vec_sb+cohere,6,seamless_m4t,3282,102,0.031078610603290677
seamless_m4t+whisper_v2+fastconformer+xlsr+wav2vec_sb+cohere,6,whisper_v2,3282,113,0.03443022547227301
seamless_m4t+whisper_v2+fastconformer+xlsr+wav2vec_sb+cohere,6,fastconformer,3282,51,0.015539305301645339
seamless_m4t+whisper_v2+fastconformer+xlsr+wav2vec_sb+cohere,6,xlsr,3282,2907,0.8857404021937842
seamless_m4t+whisper_v2+fastconformer+xlsr+wav2vec_sb+cohere,6,wav2vec_sb,3282,3104,0.9457647775746496
seamless_m4t+whisper_v2+fastconformer+xlsr+wav2vec_sb+cohere,6,cohere,3282,69,0.02102376599634369
seamless_m4t+whisper_v2+fastconformer+w2vbert+hubert+wav2vec_sb,6,seamless_m4t,3282,82,0.024984765386959172
seamless_m4t+whisper_v2+fastconformer+w2vbert+hubert+wav2vec_sb,6,whisper_v2,3282,98,0.029859841560024376
seamless_m4t+whisper_v2+fastconformer+w2vbert+hubert+wav2vec_sb,6,fastconformer,3282,50,0.015234613040828763
seamless_m4t+whisper_v2+fastconformer+w2vbert+hubert+wav2vec_sb,6,w2vbert,3282,1655,0.5042656916514321
seamless_m4t+whisper_v2+fastconformer+w2vbert+hubert+wav2vec_sb,6,hubert,3282,599,0.18251066422912857
seamless_m4t+whisper_v2+fastconformer+w2vbert+hubert+wav2vec_sb,6,wav2vec_sb,3282,3072,0.9360146252285192
seamless_m4t+whisper_v2+fastconformer+w2vbert+hubert+cohere,6,seamless_m4t,3282,175,0.05332114564290067
seamless_m4t+whisper_v2+fastconformer+w2vbert+hubert+cohere,6,whisper_v2,3282,260,0.07921998781230957
seamless_m4t+whisper_v2+fastconformer+w2vbert+hubert+cohere,6,fastconformer,3282,133,0.04052407068860451
seamless_m4t+whisper_v2+fastconformer+w2vbert+hubert+cohere,6,w2vbert,3282,2934,0.8939670932358318
seamless_m4t+whisper_v2+fastconformer+w2vbert+hubert+cohere,6,hubert,3282,1412,0.4302254722730043
seamless_m4t+whisper_v2+fastconformer+w2vbert+hubert+cohere,6,cohere,3282,121,0.036867763558805604
seamless_m4t+whisper_v2+fastconformer+w2vbert+wav2vec_sb+cohere,6,seamless_m4t,3282,86,0.026203534430225474
seamless_m4t+whisper_v2+fastconformer+w2vbert+wav2vec_sb+cohere,6,whisper_v2,3282,94,0.028641072516758074
seamless_m4t+whisper_v2+fastconformer+w2vbert+wav2vec_sb+cohere,6,fastconformer,3282,37,0.011273613650213284
seamless_m4t+whisper_v2+fastconformer+w2vbert+wav2vec_sb+cohere,6,w2vbert,3282,1956,0.5959780621572212
seamless_m4t+whisper_v2+fastconformer+w2vbert+wav2vec_sb+cohere,6,wav2vec_sb,3282,3161,0.9631322364411944
seamless_m4t+whisper_v2+fastconformer+w2vbert+wav2vec_sb+cohere,6,cohere,3282,59,0.01797684338817794
seamless_m4t+whisper_v2+fastconformer+hubert+wav2vec_sb+cohere,6,seamless_m4t,3282,82,0.024984765386959172
seamless_m4t+whisper_v2+fastconformer+hubert+wav2vec_sb+cohere,6,whisper_v2,3282,96,0.029250457038391225
seamless_m4t+whisper_v2+fastconformer+hubert+wav2vec_sb+cohere,6,fastconformer,3282,50,0.015234613040828763
seamless_m4t+whisper_v2+fastconformer+hubert+wav2vec_sb+cohere,6,hubert,3282,701,0.21358927483241927
seamless_m4t+whisper_v2+fastconformer+hubert+wav2vec_sb+cohere,6,wav2vec_sb,3282,3231,0.9844606946983546
seamless_m4t+whisper_v2+fastconformer+hubert+wav2vec_sb+cohere,6,cohere,3282,57,0.01736745886654479
seamless_m4t+whisper_v2+xlsr+w2vbert+hubert+wav2vec_sb,6,seamless_m4t,3282,129,0.03930530164533821
seamless_m4t+whisper_v2+xlsr+w2vbert+hubert+wav2vec_sb,6,whisper_v2,3282,111,0.033820840950639856
seamless_m4t+whisper_v2+xlsr+w2vbert+hubert+wav2vec_sb,6,xlsr,3282,2314,0.7050578915295551
seamless_m4t+whisper_v2+xlsr+w2vbert+hubert+wav2vec_sb,6,w2vbert,3282,1533,0.4670932358318099
seamless_m4t+whisper_v2+xlsr+w2vbert+hubert+wav2vec_sb,6,hubert,3282,475,0.14472882388787325
seamless_m4t+whisper_v2+xlsr+w2vbert+hubert+wav2vec_sb,6,wav2vec_sb,3282,2691,0.819926873857404
seamless_m4t+whisper_v2+xlsr+w2vbert+hubert+cohere,6,seamless_m4t,3282,115,0.03503960999390616
seamless_m4t+whisper_v2+xlsr+w2vbert+hubert+cohere,6,whisper_v2,3282,110,0.03351614868982328
seamless_m4t+whisper_v2+xlsr+w2vbert+hubert+cohere,6,xlsr,3282,2963,0.9028031687995125
seamless_m4t+whisper_v2+xlsr+w2vbert+hubert+cohere,6,w2vbert,3282,1877,0.5719073735527117
seamless_m4t+whisper_v2+xlsr+w2vbert+hubert+cohere,6,hubert,3282,753,0.22943327239488118
seamless_m4t+whisper_v2+xlsr+w2vbert+hubert+cohere,6,cohere,3282,85,0.0258988421694089
seamless_m4t+whisper_v2+xlsr+w2vbert+wav2vec_sb+cohere,6,seamless_m4t,3282,85,0.0258988421694089
seamless_m4t+whisper_v2+xlsr+w2vbert+wav2vec_sb+cohere,6,whisper_v2,3282,112,0.03412553321145643
seamless_m4t+whisper_v2+xlsr+w2vbert+wav2vec_sb+cohere,6,xlsr,3282,2646,0.8062157221206582
seamless_m4t+whisper_v2+xlsr+w2vbert+wav2vec_sb+cohere,6,w2vbert,3282,1905,0.5804387568555759
seamless_m4t+whisper_v2+xlsr+w2vbert+wav2vec_sb+cohere,6,wav2vec_sb,3282,2909,0.8863497867154174
seamless_m4t+whisper_v2+xlsr+w2vbert+wav2vec_sb+cohere,6,cohere,3282,71,0.021633150517976842
seamless_m4t+whisper_v2+xlsr+hubert+wav2vec_sb+cohere,6,seamless_m4t,3282,93,0.0283363802559415
seamless_m4t+whisper_v2+xlsr+hubert+wav2vec_sb+cohere,6,whisper_v2,3282,100,0.030469226081657527
seamless_m4t+whisper_v2+xlsr+hubert+wav2vec_sb+cohere,6,xlsr,3282,2708,0.8251066422912858
seamless_m4t+whisper_v2+xlsr+hubert+wav2vec_sb+cohere,6,hubert,3282,748,0.2279098110907983
seamless_m4t+whisper_v2+xlsr+hubert+wav2vec_sb+cohere,6,wav2vec_sb,3282,2993,0.9119439366240097
seamless_m4t+whisper_v2+xlsr+hubert+wav2vec_sb+cohere,6,cohere,3282,70,0.021328458257160267
seamless_m4t+whisper_v2+w2vbert+hubert+wav2vec_sb+cohere,6,seamless_m4t,3282,74,0.02254722730042657
seamless_m4t+whisper_v2+w2vbert+hubert+wav2vec_sb+cohere,6,whisper_v2,3282,97,0.0295551492992078
seamless_m4t+whisper_v2+w2vbert+hubert+wav2vec_sb+cohere,6,w2vbert,3282,1692,0.5155393053016454
seamless_m4t+whisper_v2+w2vbert+hubert+wav2vec_sb+cohere,6,hubert,3282,658,0.20048750761730652
seamless_m4t+whisper_v2+w2vbert+hubert+wav2vec_sb+cohere,6,wav2vec_sb,3282,3081,0.9387568555758684
seamless_m4t+whisper_v2+w2vbert+hubert+wav2vec_sb+cohere,6,cohere,3282,70,0.021328458257160267
seamless_m4t+fastconformer+xlsr+w2vbert+hubert+wav2vec_sb,6,seamless_m4t,3282,134,0.04082876294942109
seamless_m4t+fastconformer+xlsr+w2vbert+hubert+wav2vec_sb,6,fastconformer,3282,74,0.02254722730042657
seamless_m4t+fastconformer+xlsr+w2vbert+hubert+wav2vec_sb,6,xlsr,3282,2329,0.7096282754418037
seamless_m4t+fastconformer+xlsr+w2vbert+hubert+wav2vec_sb,6,w2vbert,3282,1561,0.47562461913467396
seamless_m4t+fastconformer+xlsr+w2vbert+hubert+wav2vec_sb,6,hubert,3282,511,0.15569774527726996
seamless_m4t+fastconformer+xlsr+w2vbert+hubert+wav2vec_sb,6,wav2vec_sb,3282,2686,0.8184034125533212
seamless_m4t+fastconformer+xlsr+w2vbert+hubert+cohere,6,seamless_m4t,3282,103,0.03138330286410725
seamless_m4t+fastconformer+xlsr+w2vbert+hubert+cohere,6,fastconformer,3282,71,0.021633150517976842
seamless_m4t+fastconformer+xlsr+w2vbert+hubert+cohere,6,xlsr,3282,2971,0.9052407068860451
seamless_m4t+fastconformer+xlsr+w2vbert+hubert+cohere,6,w2vbert,3282,1885,0.5743449116392444
seamless_m4t+fastconformer+xlsr+w2vbert+hubert+cohere,6,hubert,3282,795,0.24223034734917734
seamless_m4t+fastconformer+xlsr+w2vbert+hubert+cohere,6,cohere,3282,79,0.024070688604509446
seamless_m4t+fastconformer+xlsr+w2vbert+wav2vec_sb+cohere,6,seamless_m4t,3282,106,0.032297379646556976
seamless_m4t+fastconformer+xlsr+w2vbert+wav2vec_sb+cohere,6,fastconformer,3282,57,0.01736745886654479
seamless_m4t+fastconformer+xlsr+w2vbert+wav2vec_sb+cohere,6,xlsr,3282,2710,0.825716026812919
seamless_m4t+fastconformer+xlsr+w2vbert+wav2vec_sb+cohere,6,w2vbert,3282,1960,0.5971968312004875
seamless_m4t+fastconformer+xlsr+w2vbert+wav2vec_sb+cohere,6,wav2vec_sb,3282,2946,0.8976234003656307
seamless_m4t+fastconformer+xlsr+w2vbert+wav2vec_sb+cohere,6,cohere,3282,84,0.025594149908592323
seamless_m4t+fastconformer+xlsr+hubert+wav2vec_sb+cohere,6,seamless_m4t,3282,99,0.03016453382084095
seamless_m4t+fastconformer+xlsr+hubert+wav2vec_sb+cohere,6,fastconformer,3282,55,0.01675807434491164
seamless_m4t+fastconformer+xlsr+hubert+wav2vec_sb+cohere,6,xlsr,3282,2727,0.8308957952468007
seamless_m4t+fastconformer+xlsr+hubert+wav2vec_sb+cohere,6,hubert,3282,796,0.2425350396099939
seamless_m4t+fastconformer+xlsr+hubert+wav2vec_sb+cohere,6,wav2vec_sb,3282,3004,0.9152955514929921
seamless_m4t+fastconformer+xlsr+hubert+wav2vec_sb+cohere,6,cohere,3282,72,0.021937842778793418
seamless_m4t+fastconformer+w2vbert+hubert+wav2vec_sb+cohere,6,seamless_m4t,3282,74,0.02254722730042657
seamless_m4t+fastconformer+w2vbert+hubert+wav2vec_sb+cohere,6,fastconformer,3282,54,0.016453382084095063
seamless_m4t+fastconformer+w2vbert+hubert+wav2vec_sb+cohere,6,w2vbert,3282,1725,0.5255941499085923
seamless_m4t+fastconformer+w2vbert+hubert+wav2vec_sb+cohere,6,hubert,3282,715,0.2178549664838513
seamless_m4t+fastconformer+w2vbert+hubert+wav2vec_sb+cohere,6,wav2vec_sb,3282,3089,0.941194393662401
seamless_m4t+fastconformer+w2vbert+hubert+wav2vec_sb+cohere,6,cohere,3282,70,0.021328458257160267
seamless_m4t+xlsr+w2vbert+hubert+wav2vec_sb+cohere,6,seamless_m4t,3282,104,0.031687995124923825
seamless_m4t+xlsr+w2vbert+hubert+wav2vec_sb+cohere,6,xlsr,3282,2383,0.7260816575258988
seamless_m4t+xlsr+w2vbert+hubert+wav2vec_sb+cohere,6,w2vbert,3282,1603,0.4884216940889701
seamless_m4t+xlsr+w2vbert+hubert+wav2vec_sb+cohere,6,hubert,3282,592,0.18037781840341255
seamless_m4t+xlsr+w2vbert+hubert+wav2vec_sb+cohere,6,wav2vec_sb,3282,2732,0.8324192565508836
seamless_m4t+xlsr+w2vbert+hubert+wav2vec_sb+cohere,6,cohere,3282,105,0.031992687385740404
whisper_v3+whisper_v2+fastconformer+xlsr+w2vbert+hubert,6,whisper_v3,3282,55,0.01675807434491164
whisper_v3+whisper_v2+fastconformer+xlsr+w2vbert+hubert,6,whisper_v2,3282,90,0.027422303473491772
whisper_v3+whisper_v2+fastconformer+xlsr+w2vbert+hubert,6,fastconformer,3282,101,0.030773918342474102
whisper_v3+whisper_v2+fastconformer+xlsr+w2vbert+hubert,6,xlsr,3282,2975,0.9064594759293114
whisper_v3+whisper_v2+fastconformer+xlsr+w2vbert+hubert,6,w2vbert,3282,1875,0.5712979890310786
whisper_v3+whisper_v2+fastconformer+xlsr+w2vbert+hubert,6,hubert,3282,724,0.2205971968312005
whisper_v3+whisper_v2+fastconformer+xlsr+w2vbert+wav2vec_sb,6,whisper_v3,3282,41,0.012492382693479586
whisper_v3+whisper_v2+fastconformer+xlsr+w2vbert+wav2vec_sb,6,whisper_v2,3282,91,0.027726995734308348
whisper_v3+whisper_v2+fastconformer+xlsr+w2vbert+wav2vec_sb,6,fastconformer,3282,89,0.027117611212675197
whisper_v3+whisper_v2+fastconformer+xlsr+w2vbert+wav2vec_sb,6,xlsr,3282,2659,0.8101767215112736
whisper_v3+whisper_v2+fastconformer+xlsr+w2vbert+wav2vec_sb,6,w2vbert,3282,1923,0.5859232175502742
whisper_v3+whisper_v2+fastconformer+xlsr+w2vbert+wav2vec_sb,6,wav2vec_sb,3282,2931,0.8930530164533821
whisper_v3+whisper_v2+fastconformer+xlsr+w2vbert+cohere,6,whisper_v3,3282,41,0.012492382693479586
whisper_v3+whisper_v2+fastconformer+xlsr+w2vbert+cohere,6,whisper_v2,3282,93,0.0283363802559415
whisper_v3+whisper_v2+fastconformer+xlsr+w2vbert+cohere,6,fastconformer,3282,65,0.019804996953077393
whisper_v3+whisper_v2+fastconformer+xlsr+w2vbert+cohere,6,xlsr,3282,3097,0.9436319317489336
whisper_v3+whisper_v2+fastconformer+xlsr+w2vbert+cohere,6,w2vbert,3282,2117,0.6450335161486899
whisper_v3+whisper_v2+fastconformer+xlsr+w2vbert+cohere,6,cohere,3282,70,0.021328458257160267
whisper_v3+whisper_v2+fastconformer+xlsr+hubert+wav2vec_sb,6,whisper_v3,3282,41,0.012492382693479586
whisper_v3+whisper_v2+fastconformer+xlsr+hubert+wav2vec_sb,6,whisper_v2,3282,84,0.025594149908592323
whisper_v3+whisper_v2+fastconformer+xlsr+hubert+wav2vec_sb,6,fastconformer,3282,78,0.02376599634369287
whisper_v3+whisper_v2+fastconformer+xlsr+hubert+wav2vec_sb,6,xlsr,3282,2673,0.8144424131627057
whisper_v3+whisper_v2+fastconformer+xlsr+hubert+wav2vec_sb,6,hubert,3282,709,0.21602681291895187
whisper_v3+whisper_v2+fastconformer+xlsr+hubert+wav2vec_sb,6,wav2vec_sb,3282,2994,0.9122486288848263
whisper_v3+whisper_v2+fastconformer+xlsr+hubert+cohere,6,whisper_v3,3282,46,0.014015843997562462
whisper_v3+whisper_v2+fastconformer+xlsr+hubert+cohere,6,whisper_v2,3282,84,0.025594149908592323
whisper_v3+whisper_v2+fastconformer+xlsr+hubert+cohere,6,fastconformer,3282,66,0.02010968921389397
whisper_v3+whisper_v2+fastconformer+xlsr+hubert+cohere,6,xlsr,3282,3197,0.9741011578305911
whisper_v3+whisper_v2+fastconformer+xlsr+hubert+cohere,6,hubert,3282,810,0.24680073126142596
whisper_v3+whisper_v2+fastconformer+xlsr+hubert+cohere,6,cohere,3282,80,0.02437538086532602
whisper_v3+whisper_v2+fastconformer+xlsr+wav2vec_sb+cohere,6,whisper_v3,3282,36,0.010968921389396709
whisper_v3+whisper_v2+fastconformer+xlsr+wav2vec_sb+cohere,6,whisper_v2,3282,77,0.023461304082876295
whisper_v3+whisper_v2+fastconformer+xlsr+wav2vec_sb+cohere,6,fastconformer,3282,54,0.016453382084095063
whisper_v3+whisper_v2+fastconformer+xlsr+wav2vec_sb+cohere,6,xlsr,3282,2906,0.8854357099329677
whisper_v3+whisper_v2+fastconformer+xlsr+wav2vec_sb+cohere,6,wav2vec_sb,3282,3115,0.9491163924436319
whisper_v3+whisper_v2+fastconformer+xlsr+wav2vec_sb+cohere,6,cohere,3282,74,0.02254722730042657
whisper_v3+whisper_v2+fastconformer+w2vbert+hubert+wav2vec_sb,6,whisper_v3,3282,45,0.013711151736745886
whisper_v3+whisper_v2+fastconformer+w2vbert+hubert+wav2vec_sb,6,whisper_v2,3282,77,0.023461304082876295
whisper_v3+whisper_v2+fastconformer+w2vbert+hubert+wav2vec_sb,6,fastconformer,3282,65,0.019804996953077393
whisper_v3+whisper_v2+fastconformer+w2vbert+hubert+wav2vec_sb,6,w2vbert,3282,1683,0.5127970749542962
whisper_v3+whisper_v2+fastconformer+w2vbert+hubert+wav2vec_sb,6,hubert,3282,642,0.1956124314442413
whisper_v3+whisper_v2+fastconformer+w2vbert+hubert+wav2vec_sb,6,wav2vec_sb,3282,3085,0.9399756246191346
whisper_v3+whisper_v2+fastconformer+w2vbert+hubert+cohere,6,whisper_v3,3282,113,0.03443022547227301
whisper_v3+whisper_v2+fastconformer+w2vbert+hubert+cohere,6,whisper_v2,3282,202,0.061547836684948204
whisper_v3+whisper_v2+fastconformer+w2vbert+hubert+cohere,6,fastconformer,3282,147,0.044789762340036565
whisper_v3+whisper_v2+fastconformer+w2vbert+hubert+cohere,6,w2vbert,3282,2933,0.8936624009750153
whisper_v3+whisper_v2+fastconformer+w2vbert+hubert+cohere,6,hubert,3282,1431,0.4360146252285192
whisper_v3+whisper_v2+fastconformer+w2vbert+hubert+cohere,6,cohere,3282,160,0.04875076173065204
whisper_v3+whisper_v2+fastconformer+w2vbert+wav2vec_sb+cohere,6,whisper_v3,3282,34,0.010359536867763558
whisper_v3+whisper_v2+fastconformer+w2vbert+wav2vec_sb+cohere,6,whisper_v2,3282,71,0.021633150517976842
whisper_v3+whisper_v2+fastconformer+w2vbert+wav2vec_sb+cohere,6,fastconformer,3282,45,0.013711151736745886
whisper_v3+whisper_v2+fastconformer+w2vbert+wav2vec_sb+cohere,6,w2vbert,3282,1964,0.5984156002437538
whisper_v3+whisper_v2+fastconformer+w2vbert+wav2vec_sb+cohere,6,wav2vec_sb,3282,3173,0.9667885435709933
whisper_v3+whisper_v2+fastconformer+w2vbert+wav2vec_sb+cohere,6,cohere,3282,68,0.020719073735527116
whisper_v3+whisper_v2+fastconformer+hubert+wav2vec_sb+cohere,6,whisper_v3,3282,37,0.011273613650213284
whisper_v3+whisper_v2+fastconformer+hubert+wav2vec_sb+cohere,6,whisper_v2,3282,73,0.022242535039609993
whisper_v3+whisper_v2+fastconformer+hubert+wav2vec_sb+cohere,6,fastconformer,3282,51,0.015539305301645339
whisper_v3+whisper_v2+fastconformer+hubert+wav2vec_sb+cohere,6,hubert,3282,710,0.21633150517976843
whisper_v3+whisper_v2+fastconformer+hubert+wav2vec_sb+cohere,6,wav2vec_sb,3282,3228,0.9835466179159049
whisper_v3+whisper_v2+fastconformer+hubert+wav2vec_sb+cohere,6,cohere,3282,61,0.01858622790981109
whisper_v3+whisper_v2+xlsr+w2vbert+hubert+wav2vec_sb,6,whisper_v3,3282,60,0.018281535648994516
whisper_v3+whisper_v2+xlsr+w2vbert+hubert+wav2vec_sb,6,whisper_v2,3282,89,0.027117611212675197
whisper_v3+whisper_v2+xlsr+w2vbert+hubert+wav2vec_sb,6,xlsr,3282,2347,0.7151127361365022
whisper_v3+whisper_v2+xlsr+w2vbert+hubert+wav2vec_sb,6,w2vbert,3282,1595,0.48598415600243755
whisper_v3+whisper_v2+xlsr+w2vbert+hubert+wav2vec_sb,6,hubert,3282,571,0.17397928092626447
whisper_v3+whisper_v2+xlsr+w2vbert+hubert+wav2vec_sb,6,wav2vec_sb,3282,2719,0.8284582571602681
whisper_v3+whisper_v2+xlsr+w2vbert+hubert+cohere,6,whisper_v3,3282,49,0.014929920780012188
whisper_v3+whisper_v2+xlsr+w2vbert+hubert+cohere,6,whisper_v2,3282,89,0.027117611212675197
whisper_v3+whisper_v2+xlsr+w2vbert+hubert+cohere,6,xlsr,3282,2993,0.9119439366240097
whisper_v3+whisper_v2+xlsr+w2vbert+hubert+cohere,6,w2vbert,3282,1913,0.5828762949421085
whisper_v3+whisper_v2+xlsr+w2vbert+hubert+cohere,6,hubert,3282,794,0.24192565508836075
whisper_v3+whisper_v2+xlsr+w2vbert+hubert+cohere,6,cohere,3282,105,0.031992687385740404
whisper_v3+whisper_v2+xlsr+w2vbert+wav2vec_sb+cohere,6,whisper_v3,3282,34,0.010359536867763558
whisper_v3+whisper_v2+xlsr+w2vbert+wav2vec_sb+cohere,6,whisper_v2,3282,80,0.02437538086532602
whisper_v3+whisper_v2+xlsr+w2vbert+wav2vec_sb+cohere,6,xlsr,3282,2676,0.8153564899451554
whisper_v3+whisper_v2+xlsr+w2vbert+wav2vec_sb+cohere,6,w2vbert,3282,1942,0.5917123705057892
whisper_v3+whisper_v2+xlsr+w2vbert+wav2vec_sb+cohere,6,wav2vec_sb,3282,2944,0.8970140158439975
whisper_v3+whisper_v2+xlsr+w2vbert+wav2vec_sb+cohere,6,cohere,3282,111,0.033820840950639856
whisper_v3+whisper_v2+xlsr+hubert+wav2vec_sb+cohere,6,whisper_v3,3282,29,0.008836075563680683
whisper_v3+whisper_v2+xlsr+hubert+wav2vec_sb+cohere,6,whisper_v2,3282,78,0.02376599634369287
whisper_v3+whisper_v2+xlsr+hubert+wav2vec_sb+cohere,6,xlsr,3282,2700,0.8226691042047533
whisper_v3+whisper_v2+xlsr+hubert+wav2vec_sb+cohere,6,hubert,3282,758,0.23095673369896405
whisper_v3+whisper_v2+xlsr+hubert+wav2vec_sb+cohere,6,wav2vec_sb,3282,2994,0.9122486288848263
whisper_v3+whisper_v2+xlsr+hubert+wav2vec_sb+cohere,6,cohere,3282,106,0.032297379646556976
whisper_v3+whisper_v2+w2vbert+hubert+wav2vec_sb+cohere,6,whisper_v3,3282,40,0.01218769043266301
whisper_v3+whisper_v2+w2vbert+hubert+wav2vec_sb+cohere,6,whisper_v2,3282,75,0.022851919561243144
whisper_v3+whisper_v2+w2vbert+hubert+wav2vec_sb+cohere,6,w2vbert,3282,1709,0.5207190737355272
whisper_v3+whisper_v2+w2vbert+hubert+wav2vec_sb+cohere,6,hubert,3282,686,0.20901889092017062
whisper_v3+whisper_v2+w2vbert+hubert+wav2vec_sb+cohere,6,wav2vec_sb,3282,3093,0.9424131627056673
whisper_v3+whisper_v2+w2vbert+hubert+wav2vec_sb+cohere,6,cohere,3282,81,0.024680073126142597
whisper_v3+fastconformer+xlsr+w2vbert+hubert+wav2vec_sb,6,whisper_v3,3282,96,0.029250457038391225
whisper_v3+fastconformer+xlsr+w2vbert+hubert+wav2vec_sb,6,fastconformer,3282,91,0.027726995734308348
whisper_v3+fastconformer+xlsr+w2vbert+hubert+wav2vec_sb,6,xlsr,3282,2336,0.7117611212675198
whisper_v3+fastconformer+xlsr+w2vbert+hubert+wav2vec_sb,6,w2vbert,3282,1553,0.4731870810481414
whisper_v3+fastconformer+xlsr+w2vbert+hubert+wav2vec_sb,6,hubert,3282,504,0.15356489945155394
whisper_v3+fastconformer+xlsr+w2vbert+hubert+wav2vec_sb,6,wav2vec_sb,3282,2707,0.8248019500304692
whisper_v3+fastconformer+xlsr+w2vbert+hubert+cohere,6,whisper_v3,3282,69,0.02102376599634369
whisper_v3+fastconformer+xlsr+w2vbert+hubert+cohere,6,fastconformer,3282,68,0.020719073735527116
whisper_v3+fastconformer+xlsr+w2vbert+hubert+cohere,6,xlsr,3282,2967,0.9040219378427788
whisper_v3+fastconformer+xlsr+w2vbert+hubert+cohere,6,w2vbert,3282,1879,0.5725167580743449
whisper_v3+fastconformer+xlsr+w2vbert+hubert+cohere,6,hubert,3282,762,0.23217550274223034
whisper_v3+fastconformer+xlsr+w2vbert+hubert+cohere,6,cohere,3282,83,0.025289457647775748
whisper_v3+fastconformer+xlsr+w2vbert+wav2vec_sb+cohere,6,whisper_v3,3282,66,0.02010968921389397
whisper_v3+fastconformer+xlsr+w2vbert+wav2vec_sb+cohere,6,fastconformer,3282,55,0.01675807434491164
whisper_v3+fastconformer+xlsr+w2vbert+wav2vec_sb+cohere,6,xlsr,3282,2674,0.8147471054235222
whisper_v3+fastconformer+xlsr+w2vbert+wav2vec_sb+cohere,6,w2vbert,3282,1932,0.5886654478976234
whisper_v3+fastconformer+xlsr+w2vbert+wav2vec_sb+cohere,6,wav2vec_sb,3282,2937,0.8948811700182815
whisper_v3+fastconformer+xlsr+w2vbert+wav2vec_sb+cohere,6,cohere,3282,90,0.027422303473491772
whisper_v3+fastconformer+xlsr+hubert+wav2vec_sb+cohere,6,whisper_v3,3282,60,0.018281535648994516
whisper_v3+fastconformer+xlsr+hubert+wav2vec_sb+cohere,6,fastconformer,3282,55,0.01675807434491164
whisper_v3+fastconformer+xlsr+hubert+wav2vec_sb+cohere,6,xlsr,3282,2710,0.825716026812919
whisper_v3+fastconformer+xlsr+hubert+wav2vec_sb+cohere,6,hubert,3282,743,0.22638634978671543
whisper_v3+fastconformer+xlsr+hubert+wav2vec_sb+cohere,6,wav2vec_sb,3282,2998,0.9134673979280926
whisper_v3+fastconformer+xlsr+hubert+wav2vec_sb+cohere,6,cohere,3282,76,0.02315661182205972
whisper_v3+fastconformer+w2vbert+hubert+wav2vec_sb+cohere,6,whisper_v3,3282,62,0.018890920170627667
whisper_v3+fastconformer+w2vbert+hubert+wav2vec_sb+cohere,6,fastconformer,3282,55,0.01675807434491164
whisper_v3+fastconformer+w2vbert+hubert+wav2vec_sb+cohere,6,w2vbert,3282,1708,0.5204143814747105
whisper_v3+fastconformer+w2vbert+hubert+wav2vec_sb+cohere,6,hubert,3282,694,0.21145642900670322
whisper_v3+fastconformer+w2vbert+hubert+wav2vec_sb+cohere,6,wav2vec_sb,3282,3086,0.9402803168799513
whisper_v3+fastconformer+w2vbert+hubert+wav2vec_sb+cohere,6,cohere,3282,73,0.022242535039609993
whisper_v3+xlsr+w2vbert+hubert+wav2vec_sb+cohere,6,whisper_v3,3282,77,0.023461304082876295
whisper_v3+xlsr+w2vbert+hubert+wav2vec_sb+cohere,6,xlsr,3282,2341,0.7132845825716027
whisper_v3+xlsr+w2vbert+hubert+wav2vec_sb+cohere,6,w2vbert,3282,1563,0.47623400365630714
whisper_v3+xlsr+w2vbert+hubert+wav2vec_sb+cohere,6,hubert,3282,545,0.1660572821450335
whisper_v3+xlsr+w2vbert+hubert+wav2vec_sb+cohere,6,wav2vec_sb,3282,2701,0.8229737964655698
whisper_v3+xlsr+w2vbert+hubert+wav2vec_sb+cohere,6,cohere,3282,115,0.03503960999390616
whisper_v2+fastconformer+xlsr+w2vbert+hubert+wav2vec_sb,6,whisper_v2,3282,125,0.038086532602071906
whisper_v2+fastconformer+xlsr+w2vbert+hubert+wav2vec_sb,6,fastconformer,3282,86,0.026203534430225474
whisper_v2+fastconformer+xlsr+w2vbert+hubert+wav2vec_sb,6,xlsr,3282,2315,0.7053625837903718
whisper_v2+fastconformer+xlsr+w2vbert+hubert+wav2vec_sb,6,w2vbert,3282,1538,0.46861669713589277
whisper_v2+fastconformer+xlsr+w2vbert+hubert+wav2vec_sb,6,hubert,3282,460,0.14015843997562463
whisper_v2+fastconformer+xlsr+w2vbert+hubert+wav2vec_sb,6,wav2vec_sb,3282,2698,0.8220597196831201
whisper_v2+fastconformer+xlsr+w2vbert+hubert+cohere,6,whisper_v2,3282,110,0.03351614868982328
whisper_v2+fastconformer+xlsr+w2vbert+hubert+cohere,6,fastconformer,3282,64,0.019500304692260818
whisper_v2+fastconformer+xlsr+w2vbert+hubert+cohere,6,xlsr,3282,2958,0.9012797074954296
whisper_v2+fastconformer+xlsr+w2vbert+hubert+cohere,6,w2vbert,3282,1863,0.5676416819012797
whisper_v2+fastconformer+xlsr+w2vbert+hubert+cohere,6,hubert,3282,727,0.22151127361365022
whisper_v2+fastconformer+xlsr+w2vbert+hubert+cohere,6,cohere,3282,84,0.025594149908592323
whisper_v2+fastconformer+xlsr+w2vbert+wav2vec_sb+cohere,6,whisper_v2,3282,119,0.03625837903717245
whisper_v2+fastconformer+xlsr+w2vbert+wav2vec_sb+cohere,6,fastconformer,3282,50,0.015234613040828763
whisper_v2+fastconformer+xlsr+w2vbert+wav2vec_sb+cohere,6,xlsr,3282,2655,0.8089579524680073
whisper_v2+fastconformer+xlsr+w2vbert+wav2vec_sb+cohere,6,w2vbert,3282,1895,0.5773918342474101
whisper_v2+fastconformer+xlsr+w2vbert+wav2vec_sb+cohere,6,wav2vec_sb,3282,2921,0.8900060938452163
whisper_v2+fastconformer+xlsr+w2vbert+wav2vec_sb+cohere,6,cohere,3282,88,0.02681291895185862
whisper_v2+fastconformer+xlsr+hubert+wav2vec_sb+cohere,6,whisper_v2,3282,111,0.033820840950639856
whisper_v2+fastconformer+xlsr+hubert+wav2vec_sb+cohere,6,fastconformer,3282,52,0.015843997562461912
whisper_v2+fastconformer+xlsr+hubert+wav2vec_sb+cohere,6,xlsr,3282,2690,0.8196221815965874
whisper_v2+fastconformer+xlsr+hubert+wav2vec_sb+cohere,6,hubert,3282,709,0.21602681291895187
whisper_v2+fastconformer+xlsr+hubert+wav2vec_sb+cohere,6,wav2vec_sb,3282,2989,0.9107251675807434
whisper_v2+fastconformer+xlsr+hubert+wav2vec_sb+cohere,6,cohere,3282,85,0.0258988421694089
whisper_v2+fastconformer+w2vbert+hubert+wav2vec_sb+cohere,6,whisper_v2,3282,100,0.030469226081657527
whisper_v2+fastconformer+w2vbert+hubert+wav2vec_sb+cohere,6,fastconformer,3282,46,0.014015843997562462
whisper_v2+fastconformer+w2vbert+hubert+wav2vec_sb+cohere,6,w2vbert,3282,1686,0.5137111517367459
whisper_v2+fastconformer+w2vbert+hubert+wav2vec_sb+cohere,6,hubert,3282,643,0.1959171237050579
whisper_v2+fastconformer+w2vbert+hubert+wav2vec_sb+cohere,6,wav2vec_sb,3282,3081,0.9387568555758684
whisper_v2+fastconformer+w2vbert+hubert+wav2vec_sb+cohere,6,cohere,3282,73,0.022242535039609993
whisper_v2+xlsr+w2vbert+hubert+wav2vec_sb+cohere,6,whisper_v2,3282,116,0.03534430225472273
whisper_v2+xlsr+w2vbert+hubert+wav2vec_sb+cohere,6,xlsr,3282,2336,0.7117611212675198
whisper_v2+xlsr+w2vbert+hubert+wav2vec_sb+cohere,6,w2vbert,3282,1532,0.4667885435709933
whisper_v2+xlsr+w2vbert+hubert+wav2vec_sb+cohere,6,hubert,3282,514,0.15661182205971969
whisper_v2+xlsr+w2vbert+hubert+wav2vec_sb+cohere,6,wav2vec_sb,3282,2705,0.8241925655088361
whisper_v2+xlsr+w2vbert+hubert+wav2vec_sb+cohere,6,cohere,3282,118,0.03595368677635588
fastconformer+xlsr+w2vbert+hubert+wav2vec_sb+cohere,6,fastconformer,3282,57,0.01736745886654479
fastconformer+xlsr+w2vbert+hubert+wav2vec_sb+cohere,6,xlsr,3282,2359,0.7187690432663011
fastconformer+xlsr+w2vbert+hubert+wav2vec_sb+cohere,6,w2vbert,3282,1592,0.4850700792199878
fastconformer+xlsr+w2vbert+hubert+wav2vec_sb+cohere,6,hubert,3282,559,0.17032297379646558
fastconformer+xlsr+w2vbert+hubert+wav2vec_sb+cohere,6,wav2vec_sb,3282,2714,0.8269347958561852
fastconformer+xlsr+w2vbert+hubert+wav2vec_sb+cohere,6,cohere,3282,112,0.03412553321145643
seamless_m4t+whisper_v3+whisper_v2+fastconformer+xlsr+w2vbert+hubert,7,seamless_m4t,3282,105,0.031992687385740404
seamless_m4t+whisper_v3+whisper_v2+fastconformer+xlsr+w2vbert+hubert,7,whisper_v3,3282,45,0.013711151736745886
seamless_m4t+whisper_v3+whisper_v2+fastconformer+xlsr+w2vbert+hubert,7,whisper_v2,3282,79,0.024070688604509446
seamless_m4t+whisper_v3+whisper_v2+fastconformer+xlsr+w2vbert+hubert,7,fastconformer,3282,63,0.019195612431444242
seamless_m4t+whisper_v3+whisper_v2+fastconformer+xlsr+w2vbert+hubert,7,xlsr,3282,3013,0.9180377818403412
seamless_m4t+whisper_v3+whisper_v2+fastconformer+xlsr+w2vbert+hubert,7,w2vbert,3282,1856,0.5655088360755637
seamless_m4t+whisper_v3+whisper_v2+fastconformer+xlsr+w2vbert+hubert,7,hubert,3282,709,0.21602681291895187
seamless_m4t+whisper_v3+whisper_v2+fastconformer+xlsr+w2vbert+wav2vec_sb,7,seamless_m4t,3282,102,0.031078610603290677
seamless_m4t+whisper_v3+whisper_v2+fastconformer+xlsr+w2vbert+wav2vec_sb,7,whisper_v3,3282,38,0.01157830591102986
seamless_m4t+whisper_v3+whisper_v2+fastconformer+xlsr+w2vbert+wav2vec_sb,7,whisper_v2,3282,71,0.021633150517976842
seamless_m4t+whisper_v3+whisper_v2+fastconformer+xlsr+w2vbert+wav2vec_sb,7,fastconformer,3282,58,0.017672151127361365
seamless_m4t+whisper_v3+whisper_v2+fastconformer+xlsr+w2vbert+wav2vec_sb,7,xlsr,3282,2699,0.8223644119439366
seamless_m4t+whisper_v3+whisper_v2+fastconformer+xlsr+w2vbert+wav2vec_sb,7,w2vbert,3282,1901,0.5792199878123095
seamless_m4t+whisper_v3+whisper_v2+fastconformer+xlsr+w2vbert+wav2vec_sb,7,wav2vec_sb,3282,2958,0.9012797074954296
seamless_m4t+whisper_v3+whisper_v2+fastconformer+xlsr+w2vbert+cohere,7,seamless_m4t,3282,109,0.033211456429006705
seamless_m4t+whisper_v3+whisper_v2+fastconformer+xlsr+w2vbert+cohere,7,whisper_v3,3282,40,0.01218769043266301
seamless_m4t+whisper_v3+whisper_v2+fastconformer+xlsr+w2vbert+cohere,7,whisper_v2,3282,79,0.024070688604509446
seamless_m4t+whisper_v3+whisper_v2+fastconformer+xlsr+w2vbert+cohere,7,fastconformer,3282,56,0.017062766605728214
seamless_m4t+whisper_v3+whisper_v2+fastconformer+xlsr+w2vbert+cohere,7,xlsr,3282,3093,0.9424131627056673
seamless_m4t+whisper_v3+whisper_v2+fastconformer+xlsr+w2vbert+cohere,7,w2vbert,3282,2060,0.6276660572821451
seamless_m4t+whisper_v3+whisper_v2+fastconformer+xlsr+w2vbert+cohere,7,cohere,3282,58,0.017672151127361365
seamless_m4t+whisper_v3+whisper_v2+fastconformer+xlsr+hubert+wav2vec_sb,7,seamless_m4t,3282,100,0.030469226081657527
seamless_m4t+whisper_v3+whisper_v2+fastconformer+xlsr+hubert+wav2vec_sb,7,whisper_v3,3282,38,0.01157830591102986
seamless_m4t+whisper_v3+whisper_v2+fastconformer+xlsr+hubert+wav2vec_sb,7,whisper_v2,3282,82,0.024984765386959172
seamless_m4t+whisper_v3+whisper_v2+fastconformer+xlsr+hubert+wav2vec_sb,7,fastconformer,3282,55,0.01675807434491164
seamless_m4t+whisper_v3+whisper_v2+fastconformer+xlsr+hubert+wav2vec_sb,7,xlsr,3282,2709,0.8254113345521024
seamless_m4t+whisper_v3+whisper_v2+fastconformer+xlsr+hubert+wav2vec_sb,7,hubert,3282,692,0.21084704448507008
seamless_m4t+whisper_v3+whisper_v2+fastconformer+xlsr+hubert+wav2vec_sb,7,wav2vec_sb,3282,3025,0.9216940889701402
seamless_m4t+whisper_v3+whisper_v2+fastconformer+xlsr+hubert+cohere,7,seamless_m4t,3282,112,0.03412553321145643
seamless_m4t+whisper_v3+whisper_v2+fastconformer+xlsr+hubert+cohere,7,whisper_v3,3282,50,0.015234613040828763
seamless_m4t+whisper_v3+whisper_v2+fastconformer+xlsr+hubert+cohere,7,whisper_v2,3282,81,0.024680073126142597
seamless_m4t+whisper_v3+whisper_v2+fastconformer+xlsr+hubert+cohere,7,fastconformer,3282,62,0.018890920170627667
seamless_m4t+whisper_v3+whisper_v2+fastconformer+xlsr+hubert+cohere,7,xlsr,3282,3206,0.9768433881779403
seamless_m4t+whisper_v3+whisper_v2+fastconformer+xlsr+hubert+cohere,7,hubert,3282,762,0.23217550274223034
seamless_m4t+whisper_v3+whisper_v2+fastconformer+xlsr+hubert+cohere,7,cohere,3282,65,0.019804996953077393
seamless_m4t+whisper_v3+whisper_v2+fastconformer+xlsr+wav2vec_sb+cohere,7,seamless_m4t,3282,93,0.0283363802559415
seamless_m4t+whisper_v3+whisper_v2+fastconformer+xlsr+wav2vec_sb+cohere,7,whisper_v3,3282,35,0.010664229128580133
seamless_m4t+whisper_v3+whisper_v2+fastconformer+xlsr+wav2vec_sb+cohere,7,whisper_v2,3282,73,0.022242535039609993
seamless_m4t+whisper_v3+whisper_v2+fastconformer+xlsr+wav2vec_sb+cohere,7,fastconformer,3282,45,0.013711151736745886
seamless_m4t+whisper_v3+whisper_v2+fastconformer+xlsr+wav2vec_sb+cohere,7,xlsr,3282,2886,0.8793418647166362
seamless_m4t+whisper_v3+whisper_v2+fastconformer+xlsr+wav2vec_sb+cohere,7,wav2vec_sb,3282,3099,0.9442413162705667
seamless_m4t+whisper_v3+whisper_v2+fastconformer+xlsr+wav2vec_sb+cohere,7,cohere,3282,62,0.018890920170627667
seamless_m4t+whisper_v3+whisper_v2+fastconformer+w2vbert+hubert+wav2vec_sb,7,seamless_m4t,3282,83,0.025289457647775748
seamless_m4t+whisper_v3+whisper_v2+fastconformer+w2vbert+hubert+wav2vec_sb,7,whisper_v3,3282,37,0.011273613650213284
seamless_m4t+whisper_v3+whisper_v2+fastconformer+w2vbert+hubert+wav2vec_sb,7,whisper_v2,3282,71,0.021633150517976842
seamless_m4t+whisper_v3+whisper_v2+fastconformer+w2vbert+hubert+wav2vec_sb,7,fastconformer,3282,49,0.014929920780012188
seamless_m4t+whisper_v3+whisper_v2+fastconformer+w2vbert+hubert+wav2vec_sb,7,w2vbert,3282,1666,0.5076173065204144
seamless_m4t+whisper_v3+whisper_v2+fastconformer+w2vbert+hubert+wav2vec_sb,7,hubert,3282,624,0.19012797074954296
seamless_m4t+whisper_v3+whisper_v2+fastconformer+w2vbert+hubert+wav2vec_sb,7,wav2vec_sb,3282,3107,0.9466788543570993
seamless_m4t+whisper_v3+whisper_v2+fastconformer+w2vbert+hubert+cohere,7,seamless_m4t,3282,171,0.05210237659963437
seamless_m4t+whisper_v3+whisper_v2+fastconformer+w2vbert+hubert+cohere,7,whisper_v3,3282,113,0.03443022547227301
seamless_m4t+whisper_v3+whisper_v2+fastconformer+w2vbert+hubert+cohere,7,whisper_v2,3282,200,0.06093845216331505
seamless_m4t+whisper_v3+whisper_v2+fastconformer+w2vbert+hubert+cohere,7,fastconformer,3282,116,0.03534430225472273
seamless_m4t+whisper_v3+whisper_v2+fastconformer+w2vbert+hubert+cohere,7,w2vbert,3282,2933,0.8936624009750153
seamless_m4t+whisper_v3+whisper_v2+fastconformer+w2vbert+hubert+cohere,7,hubert,3282,1369,0.41712370505789154
seamless_m4t+whisper_v3+whisper_v2+fastconformer+w2vbert+hubert+cohere,7,cohere,3282,124,0.037781840341255334
seamless_m4t+whisper_v3+whisper_v2+fastconformer+w2vbert+wav2vec_sb+cohere,7,seamless_m4t,3282,93,0.0283363802559415
seamless_m4t+whisper_v3+whisper_v2+fastconformer+w2vbert+wav2vec_sb+cohere,7,whisper_v3,3282,34,0.010359536867763558
seamless_m4t+whisper_v3+whisper_v2+fastconformer+w2vbert+wav2vec_sb+cohere,7,whisper_v2,3282,72,0.021937842778793418
seamless_m4t+whisper_v3+whisper_v2+fastconformer+w2vbert+wav2vec_sb+cohere,7,fastconformer,3282,40,0.01218769043266301
seamless_m4t+whisper_v3+whisper_v2+fastconformer+w2vbert+wav2vec_sb+cohere,7,w2vbert,3282,1888,0.5752589884216941
seamless_m4t+whisper_v3+whisper_v2+fastconformer+w2vbert+wav2vec_sb+cohere,7,wav2vec_sb,3282,3176,0.967702620353443
seamless_m4t+whisper_v3+whisper_v2+fastconformer+w2vbert+wav2vec_sb+cohere,7,cohere,3282,61,0.01858622790981109
seamless_m4t+whisper_v3+whisper_v2+fastconformer+hubert+wav2vec_sb+cohere,7,seamless_m4t,3282,81,0.024680073126142597
seamless_m4t+whisper_v3+whisper_v2+fastconformer+hubert+wav2vec_sb+cohere,7,whisper_v3,3282,38,0.01157830591102986
seamless_m4t+whisper_v3+whisper_v2+fastconformer+hubert+wav2vec_sb+cohere,7,whisper_v2,3282,69,0.02102376599634369
seamless_m4t+whisper_v3+whisper_v2+fastconformer+hubert+wav2vec_sb+cohere,7,fastconformer,3282,43,0.013101767215112737
seamless_m4t+whisper_v3+whisper_v2+fastconformer+hubert+wav2vec_sb+cohere,7,hubert,3282,649,0.19774527726995733
seamless_m4t+whisper_v3+whisper_v2+fastconformer+hubert+wav2vec_sb+cohere,7,wav2vec_sb,3282,3237,0.9862888482632541
seamless_m4t+whisper_v3+whisper_v2+fastconformer+hubert+wav2vec_sb+cohere,7,cohere,3282,53,0.016148689823278488
seamless_m4t+whisper_v3+whisper_v2+xlsr+w2vbert+hubert+wav2vec_sb,7,seamless_m4t,3282,116,0.03534430225472273
seamless_m4t+whisper_v3+whisper_v2+xlsr+w2vbert+hubert+wav2vec_sb,7,whisper_v3,3282,40,0.01218769043266301
seamless_m4t+whisper_v3+whisper_v2+xlsr+w2vbert+hubert+wav2vec_sb,7,whisper_v2,3282,76,0.02315661182205972
seamless_m4t+whisper_v3+whisper_v2+xlsr+w2vbert+hubert+wav2vec_sb,7,xlsr,3282,2468,0.7519804996953078
seamless_m4t+whisper_v3+whisper_v2+xlsr+w2vbert+hubert+wav2vec_sb,7,w2vbert,3282,1670,0.5088360755636807
seamless_m4t+whisper_v3+whisper_v2+xlsr+w2vbert+hubert+wav2vec_sb,7,hubert,3282,636,0.19378427787934185
seamless_m4t+whisper_v3+whisper_v2+xlsr+w2vbert+hubert+wav2vec_sb,7,wav2vec_sb,3282,2820,0.8592321755027422
seamless_m4t+whisper_v3+whisper_v2+xlsr+w2vbert+hubert+cohere,7,seamless_m4t,3282,105,0.031992687385740404
seamless_m4t+whisper_v3+whisper_v2+xlsr+w2vbert+hubert+cohere,7,whisper_v3,3282,39,0.011882998171846435
seamless_m4t+whisper_v3+whisper_v2+xlsr+w2vbert+hubert+cohere,7,whisper_v2,3282,83,0.025289457647775748
seamless_m4t+whisper_v3+whisper_v2+xlsr+w2vbert+hubert+cohere,7,xlsr,3282,3015,0.9186471663619744
seamless_m4t+whisper_v3+whisper_v2+xlsr+w2vbert+hubert+cohere,7,w2vbert,3282,1871,0.5700792199878123
seamless_m4t+whisper_v3+whisper_v2+xlsr+w2vbert+hubert+cohere,7,hubert,3282,766,0.23339427178549665
seamless_m4t+whisper_v3+whisper_v2+xlsr+w2vbert+hubert+cohere,7,cohere,3282,63,0.019195612431444242
seamless_m4t+whisper_v3+whisper_v2+xlsr+w2vbert+wav2vec_sb+cohere,7,seamless_m4t,3282,94,0.028641072516758074
seamless_m4t+whisper_v3+whisper_v2+xlsr+w2vbert+wav2vec_sb+cohere,7,whisper_v3,3282,32,0.009750152346130409
seamless_m4t+whisper_v3+whisper_v2+xlsr+w2vbert+wav2vec_sb+cohere,7,whisper_v2,3282,71,0.021633150517976842
seamless_m4t+whisper_v3+whisper_v2+xlsr+w2vbert+wav2vec_sb+cohere,7,xlsr,3282,2711,0.8260207190737355
seamless_m4t+whisper_v3+whisper_v2+xlsr+w2vbert+wav2vec_sb+cohere,7,w2vbert,3282,1921,0.585313833028641
seamless_m4t+whisper_v3+whisper_v2+xlsr+w2vbert+wav2vec_sb+cohere,7,wav2vec_sb,3282,2966,0.9037172455819622
seamless_m4t+whisper_v3+whisper_v2+xlsr+w2vbert+wav2vec_sb+cohere,7,cohere,3282,66,0.02010968921389397
seamless_m4t+whisper_v3+whisper_v2+xlsr+hubert+wav2vec_sb+cohere,7,seamless_m4t,3282,92,0.028031687995124923
seamless_m4t+whisper_v3+whisper_v2+xlsr+hubert+wav2vec_sb+cohere,7,whisper_v3,3282,34,0.010359536867763558
seamless_m4t+whisper_v3+whisper_v2+xlsr+hubert+wav2vec_sb+cohere,7,whisper_v2,3282,70,0.021328458257160267
seamless_m4t+whisper_v3+whisper_v2+xlsr+hubert+wav2vec_sb+cohere,7,xlsr,3282,2727,0.8308957952468007
seamless_m4t+whisper_v3+whisper_v2+xlsr+hubert+wav2vec_sb+cohere,7,hubert,3282,727,0.22151127361365022
seamless_m4t+whisper_v3+whisper_v2+xlsr+hubert+wav2vec_sb+cohere,7,wav2vec_sb,3282,3023,0.921084704448507
seamless_m4t+whisper_v3+whisper_v2+xlsr+hubert+wav2vec_sb+cohere,7,cohere,3282,61,0.01858622790981109
seamless_m4t+whisper_v3+whisper_v2+w2vbert+hubert+wav2vec_sb+cohere,7,seamless_m4t,3282,79,0.024070688604509446
seamless_m4t+whisper_v3+whisper_v2+w2vbert+hubert+wav2vec_sb+cohere,7,whisper_v3,3282,41,0.012492382693479586
seamless_m4t+whisper_v3+whisper_v2+w2vbert+hubert+wav2vec_sb+cohere,7,whisper_v2,3282,71,0.021633150517976842
seamless_m4t+whisper_v3+whisper_v2+w2vbert+hubert+wav2vec_sb+cohere,7,w2vbert,3282,1709,0.5207190737355272
seamless_m4t+whisper_v3+whisper_v2+w2vbert+hubert+wav2vec_sb+cohere,7,hubert,3282,697,0.21237050578915295
seamless_m4t+whisper_v3+whisper_v2+w2vbert+hubert+wav2vec_sb+cohere,7,wav2vec_sb,3282,3124,0.9518586227909811
seamless_m4t+whisper_v3+whisper_v2+w2vbert+hubert+wav2vec_sb+cohere,7,cohere,3282,66,0.02010968921389397
seamless_m4t+whisper_v3+fastconformer+xlsr+w2vbert+hubert+wav2vec_sb,7,seamless_m4t,3282,104,0.031687995124923825
seamless_m4t+whisper_v3+fastconformer+xlsr+w2vbert+hubert+wav2vec_sb,7,whisper_v3,3282,68,0.020719073735527116
seamless_m4t+whisper_v3+fastconformer+xlsr+w2vbert+hubert+wav2vec_sb,7,fastconformer,3282,55,0.01675807434491164
seamless_m4t+whisper_v3+fastconformer+xlsr+w2vbert+hubert+wav2vec_sb,7,xlsr,3282,2486,0.7574649603900061
seamless_m4t+whisper_v3+fastconformer+xlsr+w2vbert+hubert+wav2vec_sb,7,w2vbert,3282,1666,0.5076173065204144
seamless_m4t+whisper_v3+fastconformer+xlsr+w2vbert+hubert+wav2vec_sb,7,hubert,3282,617,0.18799512492382695
seamless_m4t+whisper_v3+fastconformer+xlsr+w2vbert+hubert+wav2vec_sb,7,wav2vec_sb,3282,2840,0.8653260207190737
seamless_m4t+whisper_v3+fastconformer+xlsr+w2vbert+hubert+cohere,7,seamless_m4t,3282,104,0.031687995124923825
seamless_m4t+whisper_v3+fastconformer+xlsr+w2vbert+hubert+cohere,7,whisper_v3,3282,60,0.018281535648994516
seamless_m4t+whisper_v3+fastconformer+xlsr+w2vbert+hubert+cohere,7,fastconformer,3282,61,0.01858622790981109
seamless_m4t+whisper_v3+fastconformer+xlsr+w2vbert+hubert+cohere,7,xlsr,3282,3015,0.9186471663619744
seamless_m4t+whisper_v3+fastconformer+xlsr+w2vbert+hubert+cohere,7,w2vbert,3282,1879,0.5725167580743449
seamless_m4t+whisper_v3+fastconformer+xlsr+w2vbert+hubert+cohere,7,hubert,3282,770,0.23461304082876294
seamless_m4t+whisper_v3+fastconformer+xlsr+w2vbert+hubert+cohere,7,cohere,3282,64,0.019500304692260818
seamless_m4t+whisper_v3+fastconformer+xlsr+w2vbert+wav2vec_sb+cohere,7,seamless_m4t,3282,99,0.03016453382084095
seamless_m4t+whisper_v3+fastconformer+xlsr+w2vbert+wav2vec_sb+cohere,7,whisper_v3,3282,58,0.017672151127361365
seamless_m4t+whisper_v3+fastconformer+xlsr+w2vbert+wav2vec_sb+cohere,7,fastconformer,3282,48,0.014625228519195612
seamless_m4t+whisper_v3+fastconformer+xlsr+w2vbert+wav2vec_sb+cohere,7,xlsr,3282,2730,0.8318098720292505
seamless_m4t+whisper_v3+fastconformer+xlsr+w2vbert+wav2vec_sb+cohere,7,w2vbert,3282,1936,0.5898842169408897
seamless_m4t+whisper_v3+fastconformer+xlsr+w2vbert+wav2vec_sb+cohere,7,wav2vec_sb,3282,2987,0.9101157830591103
seamless_m4t+whisper_v3+fastconformer+xlsr+w2vbert+wav2vec_sb+cohere,7,cohere,3282,67,0.020414381474710544
seamless_m4t+whisper_v3+fastconformer+xlsr+hubert+wav2vec_sb+cohere,7,seamless_m4t,3282,86,0.026203534430225474
seamless_m4t+whisper_v3+fastconformer+xlsr+hubert+wav2vec_sb+cohere,7,whisper_v3,3282,56,0.017062766605728214
seamless_m4t+whisper_v3+fastconformer+xlsr+hubert+wav2vec_sb+cohere,7,fastconformer,3282,48,0.014625228519195612
seamless_m4t+whisper_v3+fastconformer+xlsr+hubert+wav2vec_sb+cohere,7,xlsr,3282,2734,0.8330286410725167
seamless_m4t+whisper_v3+fastconformer+xlsr+hubert+wav2vec_sb+cohere,7,hubert,3282,729,0.22212065813528337
seamless_m4t+whisper_v3+fastconformer+xlsr+hubert+wav2vec_sb+cohere,7,wav2vec_sb,3282,3029,0.9229128580134065
seamless_m4t+whisper_v3+fastconformer+xlsr+hubert+wav2vec_sb+cohere,7,cohere,3282,60,0.018281535648994516
seamless_m4t+whisper_v3+fastconformer+w2vbert+hubert+wav2vec_sb+cohere,7,seamless_m4t,3282,78,0.02376599634369287
seamless_m4t+whisper_v3+fastconformer+w2vbert+hubert+wav2vec_sb+cohere,7,whisper_v3,3282,53,0.016148689823278488
seamless_m4t+whisper_v3+fastconformer+w2vbert+hubert+wav2vec_sb+cohere,7,fastconformer,3282,45,0.013711151736745886
seamless_m4t+whisper_v3+fastconformer+w2vbert+hubert+wav2vec_sb+cohere,7,w2vbert,3282,1714,0.52224253503961
seamless_m4t+whisper_v3+fastconformer+w2vbert+hubert+wav2vec_sb+cohere,7,hubert,3282,707,0.2154174283973187
seamless_m4t+whisper_v3+fastconformer+w2vbert+hubert+wav2vec_sb+cohere,7,wav2vec_sb,3282,3119,0.9503351614868982
seamless_m4t+whisper_v3+fastconformer+w2vbert+hubert+wav2vec_sb+cohere,7,cohere,3282,60,0.018281535648994516
seamless_m4t+whisper_v3+xlsr+w2vbert+hubert+wav2vec_sb+cohere,7,seamless_m4t,3282,95,0.02894576477757465
seamless_m4t+whisper_v3+xlsr+w2vbert+hubert+wav2vec_sb+cohere,7,whisper_v3,3282,61,0.01858622790981109
seamless_m4t+whisper_v3+xlsr+w2vbert+hubert+wav2vec_sb+cohere,7,xlsr,3282,2515,0.7663010359536868
seamless_m4t+whisper_v3+xlsr+w2vbert+hubert+wav2vec_sb+cohere,7,w2vbert,3282,1703,0.5188909201706277
seamless_m4t+whisper_v3+xlsr+w2vbert+hubert+wav2vec_sb+cohere,7,hubert,3282,695,0.2117611212675198
seamless_m4t+whisper_v3+xlsr+w2vbert+hubert+wav2vec_sb+cohere,7,wav2vec_sb,3282,2853,0.8692870201096892
seamless_m4t+whisper_v3+xlsr+w2vbert+hubert+wav2vec_sb+cohere,7,cohere,3282,68,0.020719073735527116
seamless_m4t+whisper_v2+fastconformer+xlsr+w2vbert+hubert+wav2vec_sb,7,seamless_m4t,3282,99,0.03016453382084095
seamless_m4t+whisper_v2+fastconformer+xlsr+w2vbert+hubert+wav2vec_sb,7,whisper_v2,3282,111,0.033820840950639856
seamless_m4t+whisper_v2+fastconformer+xlsr+w2vbert+hubert+wav2vec_sb,7,fastconformer,3282,48,0.014625228519195612
seamless_m4t+whisper_v2+fastconformer+xlsr+w2vbert+hubert+wav2vec_sb,7,xlsr,3282,2465,0.751066422912858
seamless_m4t+whisper_v2+fastconformer+xlsr+w2vbert+hubert+wav2vec_sb,7,w2vbert,3282,1641,0.5
seamless_m4t+whisper_v2+fastconformer+xlsr+w2vbert+hubert+wav2vec_sb,7,hubert,3282,577,0.17580743449116393
seamless_m4t+whisper_v2+fastconformer+xlsr+w2vbert+hubert+wav2vec_sb,7,wav2vec_sb,3282,2818,0.858622790981109
seamless_m4t+whisper_v2+fastconformer+xlsr+w2vbert+hubert+cohere,7,seamless_m4t,3282,100,0.030469226081657527
seamless_m4t+whisper_v2+fastconformer+xlsr+w2vbert+hubert+cohere,7,whisper_v2,3282,107,0.032602071907373555
seamless_m4t+whisper_v2+fastconformer+xlsr+w2vbert+hubert+cohere,7,fastconformer,3282,60,0.018281535648994516
seamless_m4t+whisper_v2+fastconformer+xlsr+w2vbert+hubert+cohere,7,xlsr,3282,2997,0.9131627056672761
seamless_m4t+whisper_v2+fastconformer+xlsr+w2vbert+hubert+cohere,7,w2vbert,3282,1873,0.5706886045094455
seamless_m4t+whisper_v2+fastconformer+xlsr+w2vbert+hubert+cohere,7,hubert,3282,727,0.22151127361365022
seamless_m4t+whisper_v2+fastconformer+xlsr+w2vbert+hubert+cohere,7,cohere,3282,66,0.02010968921389397
seamless_m4t+whisper_v2+fastconformer+xlsr+w2vbert+wav2vec_sb+cohere,7,seamless_m4t,3282,91,0.027726995734308348
seamless_m4t+whisper_v2+fastconformer+xlsr+w2vbert+wav2vec_sb+cohere,7,whisper_v2,3282,93,0.0283363802559415
seamless_m4t+whisper_v2+fastconformer+xlsr+w2vbert+wav2vec_sb+cohere,7,fastconformer,3282,46,0.014015843997562462
seamless_m4t+whisper_v2+fastconformer+xlsr+w2vbert+wav2vec_sb+cohere,7,xlsr,3282,2725,0.8302864107251676
seamless_m4t+whisper_v2+fastconformer+xlsr+w2vbert+wav2vec_sb+cohere,7,w2vbert,3282,1910,0.5819622181596588
seamless_m4t+whisper_v2+fastconformer+xlsr+w2vbert+wav2vec_sb+cohere,7,wav2vec_sb,3282,2975,0.9064594759293114
seamless_m4t+whisper_v2+fastconformer+xlsr+w2vbert+wav2vec_sb+cohere,7,cohere,3282,69,0.02102376599634369
seamless_m4t+whisper_v2+fastconformer+xlsr+hubert+wav2vec_sb+cohere,7,seamless_m4t,3282,87,0.026508226691042046
seamless_m4t+whisper_v2+fastconformer+xlsr+hubert+wav2vec_sb+cohere,7,whisper_v2,3282,101,0.030773918342474102
seamless_m4t+whisper_v2+fastconformer+xlsr+hubert+wav2vec_sb+cohere,7,fastconformer,3282,48,0.014625228519195612
seamless_m4t+whisper_v2+fastconformer+xlsr+hubert+wav2vec_sb+cohere,7,xlsr,3282,2729,0.8315051797684339
seamless_m4t+whisper_v2+fastconformer+xlsr+hubert+wav2vec_sb+cohere,7,hubert,3282,703,0.2141986593540524
seamless_m4t+whisper_v2+fastconformer+xlsr+hubert+wav2vec_sb+cohere,7,wav2vec_sb,3282,3036,0.9250457038391224
seamless_m4t+whisper_v2+fastconformer+xlsr+hubert+wav2vec_sb+cohere,7,cohere,3282,63,0.019195612431444242
seamless_m4t+whisper_v2+fastconformer+w2vbert+hubert+wav2vec_sb+cohere,7,seamless_m4t,3282,74,0.02254722730042657
seamless_m4t+whisper_v2+fastconformer+w2vbert+hubert+wav2vec_sb+cohere,7,whisper_v2,3282,98,0.029859841560024376
seamless_m4t+whisper_v2+fastconformer+w2vbert+hubert+wav2vec_sb+cohere,7,fastconformer,3282,43,0.013101767215112737
seamless_m4t+whisper_v2+fastconformer+w2vbert+hubert+wav2vec_sb+cohere,7,w2vbert,3282,1690,0.5149299207800122
seamless_m4t+whisper_v2+fastconformer+w2vbert+hubert+wav2vec_sb+cohere,7,hubert,3282,643,0.1959171237050579
seamless_m4t+whisper_v2+fastconformer+w2vbert+hubert+wav2vec_sb+cohere,7,wav2vec_sb,3282,3109,0.9472882388787325
seamless_m4t+whisper_v2+fastconformer+w2vbert+hubert+wav2vec_sb+cohere,7,cohere,3282,66,0.02010968921389397
seamless_m4t+whisper_v2+xlsr+w2vbert+hubert+wav2vec_sb+cohere,7,seamless_m4t,3282,99,0.03016453382084095
seamless_m4t+whisper_v2+xlsr+w2vbert+hubert+wav2vec_sb+cohere,7,whisper_v2,3282,99,0.03016453382084095
seamless_m4t+whisper_v2+xlsr+w2vbert+hubert+wav2vec_sb+cohere,7,xlsr,3282,2493,0.7595978062157221
seamless_m4t+whisper_v2+xlsr+w2vbert+hubert+wav2vec_sb+cohere,7,w2vbert,3282,1671,0.5091407678244972
seamless_m4t+whisper_v2+xlsr+w2vbert+hubert+wav2vec_sb+cohere,7,hubert,3282,625,0.19043266301035955
seamless_m4t+whisper_v2+xlsr+w2vbert+hubert+wav2vec_sb+cohere,7,wav2vec_sb,3282,2834,0.8634978671541743
seamless_m4t+whisper_v2+xlsr+w2vbert+hubert+wav2vec_sb+cohere,7,cohere,3282,80,0.02437538086532602
seamless_m4t+fastconformer+xlsr+w2vbert+hubert+wav2vec_sb+cohere,7,seamless_m4t,3282,100,0.030469226081657527
seamless_m4t+fastconformer+xlsr+w2vbert+hubert+wav2vec_sb+cohere,7,fastconformer,3282,52,0.015843997562461912
seamless_m4t+fastconformer+xlsr+w2vbert+hubert+wav2vec_sb+cohere,7,xlsr,3282,2513,0.7656916514320536
seamless_m4t+fastconformer+xlsr+w2vbert+hubert+wav2vec_sb+cohere,7,w2vbert,3282,1699,0.5176721511273613
seamless_m4t+fastconformer+xlsr+w2vbert+hubert+wav2vec_sb+cohere,7,hubert,3282,683,0.2081048141377209
seamless_m4t+fastconformer+xlsr+w2vbert+hubert+wav2vec_sb+cohere,7,wav2vec_sb,3282,2864,0.8726386349786716
seamless_m4t+fastconformer+xlsr+w2vbert+hubert+wav2vec_sb+cohere,7,cohere,3282,79,0.024070688604509446
whisper_v3+whisper_v2+fastconformer+xlsr+w2vbert+hubert+wav2vec_sb,7,whisper_v3,3282,44,0.01340645947592931
whisper_v3+whisper_v2+fastconformer+xlsr+w2vbert+hubert+wav2vec_sb,7,whisper_v2,3282,86,0.026203534430225474
whisper_v3+whisper_v2+fastconformer+xlsr+w2vbert+hubert+wav2vec_sb,7,fastconformer,3282,67,0.020414381474710544
whisper_v3+whisper_v2+fastconformer+xlsr+w2vbert+hubert+wav2vec_sb,7,xlsr,3282,2485,0.7571602681291896
whisper_v3+whisper_v2+fastconformer+xlsr+w2vbert+hubert+wav2vec_sb,7,w2vbert,3282,1657,0.5048750761730652
whisper_v3+whisper_v2+fastconformer+xlsr+w2vbert+hubert+wav2vec_sb,7,hubert,3282,591,0.180073126142596
whisper_v3+whisper_v2+fastconformer+xlsr+w2vbert+hubert+wav2vec_sb,7,wav2vec_sb,3282,2837,0.864411943936624
whisper_v3+whisper_v2+fastconformer+xlsr+w2vbert+hubert+cohere,7,whisper_v3,3282,47,0.014320536258379037
whisper_v3+whisper_v2+fastconformer+xlsr+w2vbert+hubert+cohere,7,whisper_v2,3282,86,0.026203534430225474
whisper_v3+whisper_v2+fastconformer+xlsr+w2vbert+hubert+cohere,7,fastconformer,3282,66,0.02010968921389397
whisper_v3+whisper_v2+fastconformer+xlsr+w2vbert+hubert+cohere,7,xlsr,3282,3011,0.9174283973187081
whisper_v3+whisper_v2+fastconformer+xlsr+w2vbert+hubert+cohere,7,w2vbert,3282,1860,0.56672760511883
whisper_v3+whisper_v2+fastconformer+xlsr+w2vbert+hubert+cohere,7,hubert,3282,735,0.22394881170018283
whisper_v3+whisper_v2+fastconformer+xlsr+w2vbert+hubert+cohere,7,cohere,3282,76,0.02315661182205972
whisper_v3+whisper_v2+fastconformer+xlsr+w2vbert+wav2vec_sb+cohere,7,whisper_v3,3282,42,0.012797074954296161
whisper_v3+whisper_v2+fastconformer+xlsr+w2vbert+wav2vec_sb+cohere,7,whisper_v2,3282,77,0.023461304082876295
whisper_v3+whisper_v2+fastconformer+xlsr+w2vbert+wav2vec_sb+cohere,7,fastconformer,3282,52,0.015843997562461912
whisper_v3+whisper_v2+fastconformer+xlsr+w2vbert+wav2vec_sb+cohere,7,xlsr,3282,2714,0.8269347958561852
whisper_v3+whisper_v2+fastconformer+xlsr+w2vbert+wav2vec_sb+cohere,7,w2vbert,3282,1923,0.5859232175502742
whisper_v3+whisper_v2+fastconformer+xlsr+w2vbert+wav2vec_sb+cohere,7,wav2vec_sb,3282,2981,0.9082876294942108
whisper_v3+whisper_v2+fastconformer+xlsr+w2vbert+wav2vec_sb+cohere,7,cohere,3282,79,0.024070688604509446
whisper_v3+whisper_v2+fastconformer+xlsr+hubert+wav2vec_sb+cohere,7,whisper_v3,3282,40,0.01218769043266301
whisper_v3+whisper_v2+fastconformer+xlsr+hubert+wav2vec_sb+cohere,7,whisper_v2,3282,81,0.024680073126142597
whisper_v3+whisper_v2+fastconformer+xlsr+hubert+wav2vec_sb+cohere,7,fastconformer,3282,62,0.018890920170627667
whisper_v3+whisper_v2+fastconformer+xlsr+hubert+wav2vec_sb+cohere,7,xlsr,3282,2726,0.8305911029859842
whisper_v3+whisper_v2+fastconformer+xlsr+hubert+wav2vec_sb+cohere,7,hubert,3282,709,0.21602681291895187
whisper_v3+whisper_v2+fastconformer+xlsr+hubert+wav2vec_sb+cohere,7,wav2vec_sb,3282,3036,0.9250457038391224
whisper_v3+whisper_v2+fastconformer+xlsr+hubert+wav2vec_sb+cohere,7,cohere,3282,78,0.02376599634369287
whisper_v3+whisper_v2+fastconformer+w2vbert+hubert+wav2vec_sb+cohere,7,whisper_v3,3282,40,0.01218769043266301
whisper_v3+whisper_v2+fastconformer+w2vbert+hubert+wav2vec_sb+cohere,7,whisper_v2,3282,70,0.021328458257160267
whisper_v3+whisper_v2+fastconformer+w2vbert+hubert+wav2vec_sb+cohere,7,fastconformer,3282,50,0.015234613040828763
whisper_v3+whisper_v2+fastconformer+w2vbert+hubert+wav2vec_sb+cohere,7,w2vbert,3282,1696,0.5167580743449116
whisper_v3+whisper_v2+fastconformer+w2vbert+hubert+wav2vec_sb+cohere,7,hubert,3282,668,0.20353443022547227
whisper_v3+whisper_v2+fastconformer+w2vbert+hubert+wav2vec_sb+cohere,7,wav2vec_sb,3282,3120,0.9506398537477148
whisper_v3+whisper_v2+fastconformer+w2vbert+hubert+wav2vec_sb+cohere,7,cohere,3282,70,0.021328458257160267
whisper_v3+whisper_v2+xlsr+w2vbert+hubert+wav2vec_sb+cohere,7,whisper_v3,3282,36,0.010968921389396709
whisper_v3+whisper_v2+xlsr+w2vbert+hubert+wav2vec_sb+cohere,7,whisper_v2,3282,74,0.02254722730042657
whisper_v3+whisper_v2+xlsr+w2vbert+hubert+wav2vec_sb+cohere,7,xlsr,3282,2495,0.7602071907373553
whisper_v3+whisper_v2+xlsr+w2vbert+hubert+wav2vec_sb+cohere,7,w2vbert,3282,1681,0.512187690432663
whisper_v3+whisper_v2+xlsr+w2vbert+hubert+wav2vec_sb+cohere,7,hubert,3282,647,0.1971358927483242
whisper_v3+whisper_v2+xlsr+w2vbert+hubert+wav2vec_sb+cohere,7,wav2vec_sb,3282,2830,0.862279098110908
whisper_v3+whisper_v2+xlsr+w2vbert+hubert+wav2vec_sb+cohere,7,cohere,3282,97,0.0295551492992078
whisper_v3+fastconformer+xlsr+w2vbert+hubert+wav2vec_sb+cohere,7,whisper_v3,3282,61,0.01858622790981109
whisper_v3+fastconformer+xlsr+w2vbert+hubert+wav2vec_sb+cohere,7,fastconformer,3282,52,0.015843997562461912
whisper_v3+fastconformer+xlsr+w2vbert+hubert+wav2vec_sb+cohere,7,xlsr,3282,2503,0.7626447288238879
whisper_v3+fastconformer+xlsr+w2vbert+hubert+wav2vec_sb+cohere,7,w2vbert,3282,1671,0.5091407678244972
whisper_v3+fastconformer+xlsr+w2vbert+hubert+wav2vec_sb+cohere,7,hubert,3282,642,0.1956124314442413
whisper_v3+fastconformer+xlsr+w2vbert+hubert+wav2vec_sb+cohere,7,wav2vec_sb,3282,2845,0.8668494820231566
whisper_v3+fastconformer+xlsr+w2vbert+hubert+wav2vec_sb+cohere,7,cohere,3282,77,0.023461304082876295
whisper_v2+fastconformer+xlsr+w2vbert+hubert+wav2vec_sb+cohere,7,whisper_v2,3282,101,0.030773918342474102
whisper_v2+fastconformer+xlsr+w2vbert+hubert+wav2vec_sb+cohere,7,fastconformer,3282,50,0.015234613040828763
whisper_v2+fastconformer+xlsr+w2vbert+hubert+wav2vec_sb+cohere,7,xlsr,3282,2479,0.7553321145642901
whisper_v2+fastconformer+xlsr+w2vbert+hubert+wav2vec_sb+cohere,7,w2vbert,3282,1636,0.4984765386959171
whisper_v2+fastconformer+xlsr+w2vbert+hubert+wav2vec_sb+cohere,7,hubert,3282,591,0.180073126142596
whisper_v2+fastconformer+xlsr+w2vbert+hubert+wav2vec_sb+cohere,7,wav2vec_sb,3282,2838,0.8647166361974405
whisper_v2+fastconformer+xlsr+w2vbert+hubert+wav2vec_sb+cohere,7,cohere,3282,85,0.0258988421694089
seamless_m4t+whisper_v3+whisper_v2+fastconformer+xlsr+w2vbert+hubert+wav2vec_sb,8,seamless_m4t,3282,85,0.0258988421694089
seamless_m4t+whisper_v3+whisper_v2+fastconformer+xlsr+w2vbert+hubert+wav2vec_sb,8,whisper_v3,3282,33,0.010054844606946984
seamless_m4t+whisper_v3+whisper_v2+fastconformer+xlsr+w2vbert+hubert+wav2vec_sb,8,whisper_v2,3282,70,0.021328458257160267
seamless_m4t+whisper_v3+whisper_v2+fastconformer+xlsr+w2vbert+hubert+wav2vec_sb,8,fastconformer,3282,49,0.014929920780012188
seamless_m4t+whisper_v3+whisper_v2+fastconformer+xlsr+w2vbert+hubert+wav2vec_sb,8,xlsr,3282,2497,0.7608165752589884
seamless_m4t+whisper_v3+whisper_v2+fastconformer+xlsr+w2vbert+hubert+wav2vec_sb,8,w2vbert,3282,1626,0.4954296160877514
seamless_m4t+whisper_v3+whisper_v2+fastconformer+xlsr+w2vbert+hubert+wav2vec_sb,8,hubert,3282,599,0.18251066422912857
seamless_m4t+whisper_v3+whisper_v2+fastconformer+xlsr+w2vbert+hubert+wav2vec_sb,8,wav2vec_sb,3282,2851,0.8686776355880561
seamless_m4t+whisper_v3+whisper_v2+fastconformer+xlsr+w2vbert+hubert+cohere,8,seamless_m4t,3282,97,0.0295551492992078
seamless_m4t+whisper_v3+whisper_v2+fastconformer+xlsr+w2vbert+hubert+cohere,8,whisper_v3,3282,40,0.01218769043266301
seamless_m4t+whisper_v3+whisper_v2+fastconformer+xlsr+w2vbert+hubert+cohere,8,whisper_v2,3282,79,0.024070688604509446
seamless_m4t+whisper_v3+whisper_v2+fastconformer+xlsr+w2vbert+hubert+cohere,8,fastconformer,3282,51,0.015539305301645339
seamless_m4t+whisper_v3+whisper_v2+fastconformer+xlsr+w2vbert+hubert+cohere,8,xlsr,3282,3007,0.9162096282754418
seamless_m4t+whisper_v3+whisper_v2+fastconformer+xlsr+w2vbert+hubert+cohere,8,w2vbert,3282,1826,0.5563680682510664
seamless_m4t+whisper_v3+whisper_v2+fastconformer+xlsr+w2vbert+hubert+cohere,8,hubert,3282,685,0.20871419865935406
seamless_m4t+whisper_v3+whisper_v2+fastconformer+xlsr+w2vbert+hubert+cohere,8,cohere,3282,62,0.018890920170627667
seamless_m4t+whisper_v3+whisper_v2+fastconformer+xlsr+w2vbert+wav2vec_sb+cohere,8,seamless_m4t,3282,90,0.027422303473491772
seamless_m4t+whisper_v3+whisper_v2+fastconformer+xlsr+w2vbert+wav2vec_sb+cohere,8,whisper_v3,3282,38,0.01157830591102986
seamless_m4t+whisper_v3+whisper_v2+fastconformer+xlsr+w2vbert+wav2vec_sb+cohere,8,whisper_v2,3282,67,0.020414381474710544
seamless_m4t+whisper_v3+whisper_v2+fastconformer+xlsr+w2vbert+wav2vec_sb+cohere,8,fastconformer,3282,43,0.013101767215112737
seamless_m4t+whisper_v3+whisper_v2+fastconformer+xlsr+w2vbert+wav2vec_sb+cohere,8,xlsr,3282,2691,0.819926873857404
seamless_m4t+whisper_v3+whisper_v2+fastconformer+xlsr+w2vbert+wav2vec_sb+cohere,8,w2vbert,3282,1849,0.5633759902498476
seamless_m4t+whisper_v3+whisper_v2+fastconformer+xlsr+w2vbert+wav2vec_sb+cohere,8,wav2vec_sb,3282,2970,0.9049360146252285
seamless_m4t+whisper_v3+whisper_v2+fastconformer+xlsr+w2vbert+wav2vec_sb+cohere,8,cohere,3282,58,0.017672151127361365
seamless_m4t+whisper_v3+whisper_v2+fastconformer+xlsr+hubert+wav2vec_sb+cohere,8,seamless_m4t,3282,84,0.025594149908592323
seamless_m4t+whisper_v3+whisper_v2+fastconformer+xlsr+hubert+wav2vec_sb+cohere,8,whisper_v3,3282,39,0.011882998171846435
seamless_m4t+whisper_v3+whisper_v2+fastconformer+xlsr+hubert+wav2vec_sb+cohere,8,whisper_v2,3282,69,0.02102376599634369
seamless_m4t+whisper_v3+whisper_v2+fastconformer+xlsr+hubert+wav2vec_sb+cohere,8,fastconformer,3282,45,0.013711151736745886
seamless_m4t+whisper_v3+whisper_v2+fastconformer+xlsr+hubert+wav2vec_sb+cohere,8,xlsr,3282,2703,0.823583180987203
seamless_m4t+whisper_v3+whisper_v2+fastconformer+xlsr+hubert+wav2vec_sb+cohere,8,hubert,3282,645,0.19652650822669104
seamless_m4t+whisper_v3+whisper_v2+fastconformer+xlsr+hubert+wav2vec_sb+cohere,8,wav2vec_sb,3282,3022,0.9207800121876905
seamless_m4t+whisper_v3+whisper_v2+fastconformer+xlsr+hubert+wav2vec_sb+cohere,8,cohere,3282,56,0.017062766605728214
seamless_m4t+whisper_v3+whisper_v2+fastconformer+w2vbert+hubert+wav2vec_sb+cohere,8,seamless_m4t,3282,74,0.02254722730042657
seamless_m4t+whisper_v3+whisper_v2+fastconformer+w2vbert+hubert+wav2vec_sb+cohere,8,whisper_v3,3282,38,0.01157830591102986
seamless_m4t+whisper_v3+whisper_v2+fastconformer+w2vbert+hubert+wav2vec_sb+cohere,8,whisper_v2,3282,71,0.021633150517976842
seamless_m4t+whisper_v3+whisper_v2+fastconformer+w2vbert+hubert+wav2vec_sb+cohere,8,fastconformer,3282,38,0.01157830591102986
seamless_m4t+whisper_v3+whisper_v2+fastconformer+w2vbert+hubert+wav2vec_sb+cohere,8,w2vbert,3282,1643,0.5006093845216332
seamless_m4t+whisper_v3+whisper_v2+fastconformer+w2vbert+hubert+wav2vec_sb+cohere,8,hubert,3282,614,0.18708104814137722
seamless_m4t+whisper_v3+whisper_v2+fastconformer+w2vbert+hubert+wav2vec_sb+cohere,8,wav2vec_sb,3282,3103,0.9454600853138331
seamless_m4t+whisper_v3+whisper_v2+fastconformer+w2vbert+hubert+wav2vec_sb+cohere,8,cohere,3282,57,0.01736745886654479
seamless_m4t+whisper_v3+whisper_v2+xlsr+w2vbert+hubert+wav2vec_sb+cohere,8,seamless_m4t,3282,77,0.023461304082876295
seamless_m4t+whisper_v3+whisper_v2+xlsr+w2vbert+hubert+wav2vec_sb+cohere,8,whisper_v3,3282,29,0.008836075563680683
seamless_m4t+whisper_v3+whisper_v2+xlsr+w2vbert+hubert+wav2vec_sb+cohere,8,whisper_v2,3282,68,0.020719073735527116
seamless_m4t+whisper_v3+whisper_v2+xlsr+w2vbert+hubert+wav2vec_sb+cohere,8,xlsr,3282,2524,0.7690432663010359
seamless_m4t+whisper_v3+whisper_v2+xlsr+w2vbert+hubert+wav2vec_sb+cohere,8,w2vbert,3282,1657,0.5048750761730652
seamless_m4t+whisper_v3+whisper_v2+xlsr+w2vbert+hubert+wav2vec_sb+cohere,8,hubert,3282,649,0.19774527726995733
seamless_m4t+whisper_v3+whisper_v2+xlsr+w2vbert+hubert+wav2vec_sb+cohere,8,wav2vec_sb,3282,2868,0.8738574040219378
seamless_m4t+whisper_v3+whisper_v2+xlsr+w2vbert+hubert+wav2vec_sb+cohere,8,cohere,3282,64,0.019500304692260818
seamless_m4t+whisper_v3+fastconformer+xlsr+w2vbert+hubert+wav2vec_sb+cohere,8,seamless_m4t,3282,75,0.022851919561243144
seamless_m4t+whisper_v3+fastconformer+xlsr+w2vbert+hubert+wav2vec_sb+cohere,8,whisper_v3,3282,52,0.015843997562461912
seamless_m4t+whisper_v3+fastconformer+xlsr+w2vbert+hubert+wav2vec_sb+cohere,8,fastconformer,3282,45,0.013711151736745886
seamless_m4t+whisper_v3+fastconformer+xlsr+w2vbert+hubert+wav2vec_sb+cohere,8,xlsr,3282,2530,0.7708714198659354
seamless_m4t+whisper_v3+fastconformer+xlsr+w2vbert+hubert+wav2vec_sb+cohere,8,w2vbert,3282,1668,0.5082266910420475
seamless_m4t+whisper_v3+fastconformer+xlsr+w2vbert+hubert+wav2vec_sb+cohere,8,hubert,3282,651,0.1983546617915905
seamless_m4t+whisper_v3+fastconformer+xlsr+w2vbert+hubert+wav2vec_sb+cohere,8,wav2vec_sb,3282,2874,0.8756855575868373
seamless_m4t+whisper_v3+fastconformer+xlsr+w2vbert+hubert+wav2vec_sb+cohere,8,cohere,3282,56,0.017062766605728214
seamless_m4t+whisper_v2+fastconformer+xlsr+w2vbert+hubert+wav2vec_sb+cohere,8,seamless_m4t,3282,73,0.022242535039609993
seamless_m4t+whisper_v2+fastconformer+xlsr+w2vbert+hubert+wav2vec_sb+cohere,8,whisper_v2,3282,91,0.027726995734308348
seamless_m4t+whisper_v2+fastconformer+xlsr+w2vbert+hubert+wav2vec_sb+cohere,8,fastconformer,3282,50,0.015234613040828763
seamless_m4t+whisper_v2+fastconformer+xlsr+w2vbert+hubert+wav2vec_sb+cohere,8,xlsr,3282,2514,0.7659963436928702
seamless_m4t+whisper_v2+fastconformer+xlsr+w2vbert+hubert+wav2vec_sb+cohere,8,w2vbert,3282,1639,0.49939061547836683
seamless_m4t+whisper_v2+fastconformer+xlsr+w2vbert+hubert+wav2vec_sb+cohere,8,hubert,3282,599,0.18251066422912857
seamless_m4t+whisper_v2+fastconformer+xlsr+w2vbert+hubert+wav2vec_sb+cohere,8,wav2vec_sb,3282,2857,0.8705057891529555
seamless_m4t+whisper_v2+fastconformer+xlsr+w2vbert+hubert+wav2vec_sb+cohere,8,cohere,3282,61,0.01858622790981109
whisper_v3+whisper_v2+fastconformer+xlsr+w2vbert+hubert+wav2vec_sb+cohere,8,whisper_v3,3282,36,0.010968921389396709
whisper_v3+whisper_v2+fastconformer+xlsr+w2vbert+hubert+wav2vec_sb+cohere,8,whisper_v2,3282,68,0.020719073735527116
whisper_v3+whisper_v2+fastconformer+xlsr+w2vbert+hubert+wav2vec_sb+cohere,8,fastconformer,3282,53,0.016148689823278488
whisper_v3+whisper_v2+fastconformer+xlsr+w2vbert+hubert+wav2vec_sb+cohere,8,xlsr,3282,2513,0.7656916514320536
whisper_v3+whisper_v2+fastconformer+xlsr+w2vbert+hubert+wav2vec_sb+cohere,8,w2vbert,3282,1653,0.5036563071297989
whisper_v3+whisper_v2+fastconformer+xlsr+w2vbert+hubert+wav2vec_sb+cohere,8,hubert,3282,613,0.18677635588056063
whisper_v3+whisper_v2+fastconformer+xlsr+w2vbert+hubert+wav2vec_sb+cohere,8,wav2vec_sb,3282,2867,0.8735527117611213
whisper_v3+whisper_v2+fastconformer+xlsr+w2vbert+hubert+wav2vec_sb+cohere,8,cohere,3282,67,0.020414381474710544
seamless_m4t+whisper_v3+whisper_v2+fastconformer+xlsr+w2vbert+hubert+wav2vec_sb+cohere,9,seamless_m4t,3282,71,0.021633150517976842
seamless_m4t+whisper_v3+whisper_v2+fastconformer+xlsr+w2vbert+hubert+wav2vec_sb+cohere,9,whisper_v3,3282,33,0.010054844606946984
seamless_m4t+whisper_v3+whisper_v2+fastconformer+xlsr+w2vbert+hubert+wav2vec_sb+cohere,9,whisper_v2,3282,64,0.019500304692260818
seamless_m4t+whisper_v3+whisper_v2+fastconformer+xlsr+w2vbert+hubert+wav2vec_sb+cohere,9,fastconformer,3282,40,0.01218769043266301
seamless_m4t+whisper_v3+whisper_v2+fastconformer+xlsr+w2vbert+hubert+wav2vec_sb+cohere,9,xlsr,3282,2499,0.7614259597806216
seamless_m4t+whisper_v3+whisper_v2+fastconformer+xlsr+w2vbert+hubert+wav2vec_sb+cohere,9,w2vbert,3282,1597,0.48659354052407067
seamless_m4t+whisper_v3+whisper_v2+fastconformer+xlsr+w2vbert+hubert+wav2vec_sb+cohere,9,hubert,3282,589,0.17946374162096282
seamless_m4t+whisper_v3+whisper_v2+fastconformer+xlsr+w2vbert+hubert+wav2vec_sb+cohere,9,wav2vec_sb,3282,2862,0.8720292504570384
seamless_m4t+whisper_v3+whisper_v2+fastconformer+xlsr+w2vbert+hubert+wav2vec_sb+cohere,9,cohere,3282,56,0.017062766605728214
