pool,k,model,rank,count
seamless_m4t+whisper_v3+whisper_v2+fastconformer,4,seamless_m4t,5,1000
seamless_m4t+whisper_v3+whisper_v2+fastconformer,4,whisper_v3,1,49
seamless_m4t+whisper_v3+whisper_v2+fastconformer,4,whisper_v3,2,951
seamless_m4t+whisper_v3+whisper_v2+fastconformer,4,whisper_v2,3,1000
seamless_m4t+whisper_v3+whisper_v2+fastconformer,4,fastconformer,4,1000
seamless_m4t+whisper_v3+whisper_v2+fastconformer,4,xlsr,8,1000
seamless_m4t+whisper_v3+whisper_v2+fastconformer,4,w2vbert,7,1000
seamless_m4t+whisper_v3+whisper_v2+fastconformer,4,hubert,6,1000
seamless_m4t+whisper_v3+whisper_v2+fastconformer,4,wav2vec_sb,9,1000
seamless_m4t+whisper_v3+whisper_v2+fastconformer,4,cohere,1,951
seamless_m4t+whisper_v3+whisper_v2+fastconformer,4,cohere,2,49
seamless_m4t+whisper_v3+whisper_v2+xlsr,4,seamless_m4t,5,1000
seamless_m4t+whisper_v3+whisper_v2+xlsr,4,whisper_v3,2,3
seamless_m4t+whisper_v3+whisper_v2+xlsr,4,whisper_v3,3,997
seamless_m4t+whisper_v3+whisper_v2+xlsr,4,whisper_v2,4,1000
seamless_m4t+whisper_v3+whisper_v2+xlsr,4,fastconformer,2,997
seamless_m4t+whisper_v3+whisper_v2+xlsr,4,fastconformer,3,3
seamless_m4t+whisper_v3+whisper_v2+xlsr,4,xlsr,8,1000
seamless_m4t+whisper_v3+whisper_v2+xlsr,4,w2vbert,7,1000
seamless_m4t+whisper_v3+whisper_v2+xlsr,4,hubert,6,1000
seamless_m4t+whisper_v3+whisper_v2+xlsr,4,wav2vec_sb,9,1000
seamless_m4t+whisper_v3+whisper_v2+xlsr,4,cohere,1,1000
seamless_m4t+whisper_v3+whisper_v2+w2vbert,4,seamless_m4t,5,1000
seamless_m4t+whisper_v3+whisper_v2+w2vbert,4,whisper_v3,2,4
seamless_m4t+whisper_v3+whisper_v2+w2vbert,4,whisper_v3,3,996
seamless_m4t+whisper_v3+whisper_v2+w2vbert,4,whisper_v2,4,1000
seamless_m4t+whisper_v3+whisper_v2+w2vbert,4,fastconformer,2,996
seamless_m4t+whisper_v3+whisper_v2+w2vbert,4,fastconformer,3,4
seamless_m4t+whisper_v3+whisper_v2+w2vbert,4,xlsr,8,1000
seamless_m4t+whisper_v3+whisper_v2+w2vbert,4,w2vbert,7,1000
seamless_m4t+whisper_v3+whisper_v2+w2vbert,4,hubert,6,1000
seamless_m4t+whisper_v3+whisper_v2+w2vbert,4,wav2vec_sb,9,1000
seamless_m4t+whisper_v3+whisper_v2+w2vbert,4,cohere,1,1000
seamless_m4t+whisper_v3+whisper_v2+hubert,4,seamless_m4t,5,1000
seamless_m4t+whisper_v3+whisper_v2+hubert,4,whisper_v3,2,1000
seamless_m4t+whisper_v3+whisper_v2+hubert,4,whisper_v2,3,59
seamless_m4t+whisper_v3+whisper_v2+hubert,4,whisper_v2,4,941
seamless_m4t+whisper_v3+whisper_v2+hubert,4,fastconformer,3,941
seamless_m4t+whisper_v3+whisper_v2+hubert,4,fastconformer,4,59
seamless_m4t+whisper_v3+whisper_v2+hubert,4,xlsr,8,1000
seamless_m4t+whisper_v3+whisper_v2+hubert,4,w2vbert,7,1000
seamless_m4t+whisper_v3+whisper_v2+hubert,4,hubert,6,1000
seamless_m4t+whisper_v3+whisper_v2+hubert,4,wav2vec_sb,9,1000
seamless_m4t+whisper_v3+whisper_v2+hubert,4,cohere,1,1000
seamless_m4t+whisper_v3+whisper_v2+wav2vec_sb,4,seamless_m4t,5,1000
seamless_m4t+whisper_v3+whisper_v2+wav2vec_sb,4,whisper_v3,3,1000
seamless_m4t+whisper_v3+whisper_v2+wav2vec_sb,4,whisper_v2,4,1000
seamless_m4t+whisper_v3+whisper_v2+wav2vec_sb,4,fastconformer,2,1000
seamless_m4t+whisper_v3+whisper_v2+wav2vec_sb,4,xlsr,8,1000
seamless_m4t+whisper_v3+whisper_v2+wav2vec_sb,4,w2vbert,7,1000
seamless_m4t+whisper_v3+whisper_v2+wav2vec_sb,4,hubert,6,1000
seamless_m4t+whisper_v3+whisper_v2+wav2vec_sb,4,wav2vec_sb,9,1000
seamless_m4t+whisper_v3+whisper_v2+wav2vec_sb,4,cohere,1,1000
seamless_m4t+whisper_v3+whisper_v2+cohere,4,seamless_m4t,5,1000
seamless_m4t+whisper_v3+whisper_v2+cohere,4,whisper_v3,1,1000
seamless_m4t+whisper_v3+whisper_v2+cohere,4,whisper_v2,3,54
seamless_m4t+whisper_v3+whisper_v2+cohere,4,whisper_v2,4,946
seamless_m4t+whisper_v3+whisper_v2+cohere,4,fastconformer,2,23
seamless_m4t+whisper_v3+whisper_v2+cohere,4,fastconformer,3,923
seamless_m4t+whisper_v3+whisper_v2+cohere,4,fastconformer,4,54
seamless_m4t+whisper_v3+whisper_v2+cohere,4,xlsr,8,1000
seamless_m4t+whisper_v3+whisper_v2+cohere,4,w2vbert,7,1000
seamless_m4t+whisper_v3+whisper_v2+cohere,4,hubert,6,1000
seamless_m4t+whisper_v3+whisper_v2+cohere,4,wav2vec_sb,9,1000
seamless_m4t+whisper_v3+whisper_v2+cohere,4,cohere,2,977
seamless_m4t+whisper_v3+whisper_v2+cohere,4,cohere,3,23
seamless_m4t+whisper_v3+fastconformer+xlsr,4,seamless_m4t,5,1000
seamless_m4t+whisper_v3+fastconformer+xlsr,4,whisper_v3,3,958
seamless_m4t+whisper_v3+fastconformer+xlsr,4,whisper_v3,4,42
seamless_m4t+whisper_v3+fastconformer+xlsr,4,whisper_v2,2,1000
seamless_m4t+whisper_v3+fastconformer+xlsr,4,fastconformer,3,42
seamless_m4t+whisper_v3+fastconformer+xlsr,4,fastconformer,4,958
seamless_m4t+whisper_v3+fastconformer+xlsr,4,xlsr,8,1000
seamless_m4t+whisper_v3+fastconformer+xlsr,4,w2vbert,7,1000
seamless_m4t+whisper_v3+fastconformer+xlsr,4,hubert,6,1000
seamless_m4t+whisper_v3+fastconformer+xlsr,4,wav2vec_sb,9,1000
seamless_m4t+whisper_v3+fastconformer+xlsr,4,cohere,1,1000
seamless_m4t+whisper_v3+fastconformer+w2vbert,4,seamless_m4t,5,1000
seamless_m4t+whisper_v3+fastconformer+w2vbert,4,whisper_v3,3,826
seamless_m4t+whisper_v3+fastconformer+w2vbert,4,whisper_v3,4,174
seamless_m4t+whisper_v3+fastconformer+w2vbert,4,whisper_v2,2,1000
seamless_m4t+whisper_v3+fastconformer+w2vbert,4,fastconformer,3,174
seamless_m4t+whisper_v3+fastconformer+w2vbert,4,fastconformer,4,826
seamless_m4t+whisper_v3+fastconformer+w2vbert,4,xlsr,8,1000
seamless_m4t+whisper_v3+fastconformer+w2vbert,4,w2vbert,7,1000
seamless_m4t+whisper_v3+fastconformer+w2vbert,4,hubert,6,1000
seamless_m4t+whisper_v3+fastconformer+w2vbert,4,wav2vec_sb,9,1000
seamless_m4t+whisper_v3+fastconformer+w2vbert,4,cohere,1,1000
seamless_m4t+whisper_v3+fastconformer+hubert,4,seamless_m4t,5,1000
seamless_m4t+whisper_v3+fastconformer+hubert,4,whisper_v3,3,974
seamless_m4t+whisper_v3+fastconformer+hubert,4,whisper_v3,4,26
seamless_m4t+whisper_v3+fastconformer+hubert,4,whisper_v2,2,1000
seamless_m4t+whisper_v3+fastconformer+hubert,4,fastconformer,3,26
seamless_m4t+whisper_v3+fastconformer+hubert,4,fastconformer,4,974
seamless_m4t+whisper_v3+fastconformer+hubert,4,xlsr,8,1000
seamless_m4t+whisper_v3+fastconformer+hubert,4,w2vbert,7,1000
seamless_m4t+whisper_v3+fastconformer+hubert,4,hubert,6,1000
seamless_m4t+whisper_v3+fastconformer+hubert,4,wav2vec_sb,9,1000
seamless_m4t+whisper_v3+fastconformer+hubert,4,cohere,1,1000
seamless_m4t+whisper_v3+fastconformer+wav2vec_sb,4,seamless_m4t,5,1000
seamless_m4t+whisper_v3+fastconformer+wav2vec_sb,4,whisper_v3,3,846
seamless_m4t+whisper_v3+fastconformer+wav2vec_sb,4,whisper_v3,4,154
seamless_m4t+whisper_v3+fastconformer+wav2vec_sb,4,whisper_v2,2,1000
seamless_m4t+whisper_v3+fastconformer+wav2vec_sb,4,fastconformer,3,154
seamless_m4t+whisper_v3+fastconformer+wav2vec_sb,4,fastconformer,4,846
seamless_m4t+whisper_v3+fastconformer+wav2vec_sb,4,xlsr,8,1000
seamless_m4t+whisper_v3+fastconformer+wav2vec_sb,4,w2vbert,7,1000
seamless_m4t+whisper_v3+fastconformer+wav2vec_sb,4,hubert,6,1000
seamless_m4t+whisper_v3+fastconformer+wav2vec_sb,4,wav2vec_sb,9,1000
seamless_m4t+whisper_v3+fastconformer+wav2vec_sb,4,cohere,1,1000
seamless_m4t+whisper_v3+fastconformer+cohere,4,seamless_m4t,4,3
seamless_m4t+whisper_v3+fastconformer+cohere,4,seamless_m4t,5,997
seamless_m4t+whisper_v3+fastconformer+cohere,4,whisper_v3,2,914
seamless_m4t+whisper_v3+fastconformer+cohere,4,whisper_v3,3,86
seamless_m4t+whisper_v3+fastconformer+cohere,4,whisper_v2,4,997
seamless_m4t+whisper_v3+fastconformer+cohere,4,whisper_v2,5,3
seamless_m4t+whisper_v3+fastconformer+cohere,4,fastconformer,2,86
seamless_m4t+whisper_v3+fastconformer+cohere,4,fastconformer,3,914
seamless_m4t+whisper_v3+fastconformer+cohere,4,xlsr,8,1000
seamless_m4t+whisper_v3+fastconformer+cohere,4,w2vbert,7,1000
seamless_m4t+whisper_v3+fastconformer+cohere,4,hubert,6,1000
seamless_m4t+whisper_v3+fastconformer+cohere,4,wav2vec_sb,9,1000
seamless_m4t+whisper_v3+fastconformer+cohere,4,cohere,1,1000
seamless_m4t+whisper_v3+xlsr+w2vbert,4,seamless_m4t,6,1000
seamless_m4t+whisper_v3+xlsr+w2vbert,4,whisper_v3,5,1000
seamless_m4t+whisper_v3+xlsr+w2vbert,4,whisper_v2,2,999
seamless_m4t+whisper_v3+xlsr+w2vbert,4,whisper_v2,3,1
seamless_m4t+whisper_v3+xlsr+w2vbert,4,fastconformer,2,1
seamless_m4t+whisper_v3+xlsr+w2vbert,4,fastconformer,3,999
seamless_m4t+whisper_v3+xlsr+w2vbert,4,xlsr,8,1000
seamless_m4t+whisper_v3+xlsr+w2vbert,4,w2vbert,7,1000
seamless_m4t+whisper_v3+xlsr+w2vbert,4,hubert,4,1000
seamless_m4t+whisper_v3+xlsr+w2vbert,4,wav2vec_sb,9,1000
seamless_m4t+whisper_v3+xlsr+w2vbert,4,cohere,1,1000
seamless_m4t+whisper_v3+xlsr+hubert,4,seamless_m4t,5,1000
seamless_m4t+whisper_v3+xlsr+hubert,4,whisper_v3,4,1000
seamless_m4t+whisper_v3+xlsr+hubert,4,whisper_v2,2,990
seamless_m4t+whisper_v3+xlsr+hubert,4,whisper_v2,3,10
seamless_m4t+whisper_v3+xlsr+hubert,4,fastconformer,2,10
seamless_m4t+whisper_v3+xlsr+hubert,4,fastconformer,3,990
seamless_m4t+whisper_v3+xlsr+hubert,4,xlsr,8,1000
seamless_m4t+whisper_v3+xlsr+hubert,4,w2vbert,7,1000
seamless_m4t+whisper_v3+xlsr+hubert,4,hubert,6,1000
seamless_m4t+whisper_v3+xlsr+hubert,4,wav2vec_sb,9,1000
seamless_m4t+whisper_v3+xlsr+hubert,4,cohere,1,1000
seamless_m4t+whisper_v3+xlsr+wav2vec_sb,4,seamless_m4t,7,1000
seamless_m4t+whisper_v3+xlsr+wav2vec_sb,4,whisper_v3,6,1000
seamless_m4t+whisper_v3+xlsr+wav2vec_sb,4,whisper_v2,2,999
seamless_m4t+whisper_v3+xlsr+wav2vec_sb,4,whisper_v2,3,1
seamless_m4t+whisper_v3+xlsr+wav2vec_sb,4,fastconformer,2,1
seamless_m4t+whisper_v3+xlsr+wav2vec_sb,4,fastconformer,3,999
seamless_m4t+whisper_v3+xlsr+wav2vec_sb,4,xlsr,8,1000
seamless_m4t+whisper_v3+xlsr+wav2vec_sb,4,w2vbert,5,1000
seamless_m4t+whisper_v3+xlsr+wav2vec_sb,4,hubert,4,1000
seamless_m4t+whisper_v3+xlsr+wav2vec_sb,4,wav2vec_sb,9,1000
seamless_m4t+whisper_v3+xlsr+wav2vec_sb,4,cohere,1,1000
seamless_m4t+whisper_v3+xlsr+cohere,4,seamless_m4t,5,1000
seamless_m4t+whisper_v3+xlsr+cohere,4,whisper_v3,3,154
seamless_m4t+whisper_v3+xlsr+cohere,4,whisper_v3,4,846
seamless_m4t+whisper_v3+xlsr+cohere,4,whisper_v2,2,1000
seamless_m4t+whisper_v3+xlsr+cohere,4,fastconformer,1,1000
seamless_m4t+whisper_v3+xlsr+cohere,4,xlsr,8,1000
seamless_m4t+whisper_v3+xlsr+cohere,4,w2vbert,7,1000
seamless_m4t+whisper_v3+xlsr+cohere,4,hubert,6,1000
seamless_m4t+whisper_v3+xlsr+cohere,4,wav2vec_sb,9,1000
seamless_m4t+whisper_v3+xlsr+cohere,4,cohere,3,846
seamless_m4t+whisper_v3+xlsr+cohere,4,cohere,4,154
seamless_m4t+whisper_v3+w2vbert+hubert,4,seamless_m4t,5,1000
seamless_m4t+whisper_v3+w2vbert+hubert,4,whisper_v3,4,1000
seamless_m4t+whisper_v3+w2vbert+hubert,4,whisper_v2,2,997
seamless_m4t+whisper_v3+w2vbert+hubert,4,whisper_v2,3,3
seamless_m4t+whisper_v3+w2vbert+hubert,4,fastconformer,2,3
seamless_m4t+whisper_v3+w2vbert+hubert,4,fastconformer,3,997
seamless_m4t+whisper_v3+w2vbert+hubert,4,xlsr,8,1000
seamless_m4t+whisper_v3+w2vbert+hubert,4,w2vbert,7,1000
seamless_m4t+whisper_v3+w2vbert+hubert,4,hubert,6,1000
seamless_m4t+whisper_v3+w2vbert+hubert,4,wav2vec_sb,9,1000
seamless_m4t+whisper_v3+w2vbert+hubert,4,cohere,1,1000
seamless_m4t+whisper_v3+w2vbert+wav2vec_sb,4,seamless_m4t,6,1000
seamless_m4t+whisper_v3+w2vbert+wav2vec_sb,4,whisper_v3,5,1000
seamless_m4t+whisper_v3+w2vbert+wav2vec_sb,4,whisper_v2,2,1000
seamless_m4t+whisper_v3+w2vbert+wav2vec_sb,4,fastconformer,3,1000
seamless_m4t+whisper_v3+w2vbert+wav2vec_sb,4,xlsr,8,1000
seamless_m4t+whisper_v3+w2vbert+wav2vec_sb,4,w2vbert,7,1000
seamless_m4t+whisper_v3+w2vbert+wav2vec_sb,4,hubert,4,1000
seamless_m4t+whisper_v3+w2vbert+wav2vec_sb,4,wav2vec_sb,9,1000
seamless_m4t+whisper_v3+w2vbert+wav2vec_sb,4,cohere,1,1000
seamless_m4t+whisper_v3+w2vbert+cohere,4,seamless_m4t,5,1000
seamless_m4t+whisper_v3+w2vbert+cohere,4,whisper_v3,3,1
seamless_m4t+whisper_v3+w2vbert+cohere,4,whisper_v3,4,999
seamless_m4t+whisper_v3+w2vbert+cohere,4,whisper_v2,1,1
seamless_m4t+whisper_v3+w2vbert+cohere,4,whisper_v2,2,999
seamless_m4t+whisper_v3+w2vbert+cohere,4,fastconformer,1,999
seamless_m4t+whisper_v3+w2vbert+cohere,4,fastconformer,2,1
seamless_m4t+whisper_v3+w2vbert+cohere,4,xlsr,8,1000
seamless_m4t+whisper_v3+w2vbert+cohere,4,w2vbert,7,1000
seamless_m4t+whisper_v3+w2vbert+cohere,4,hubert,6,1000
seamless_m4t+whisper_v3+w2vbert+cohere,4,wav2vec_sb,9,1000
seamless_m4t+whisper_v3+w2vbert+cohere,4,cohere,3,999
seamless_m4t+whisper_v3+w2vbert+cohere,4,cohere,4,1
seamless_m4t+whisper_v3+hubert+wav2vec_sb,4,seamless_m4t,5,1000
seamless_m4t+whisper_v3+hubert+wav2vec_sb,4,whisper_v3,4,1000
seamless_m4t+whisper_v3+hubert+wav2vec_sb,4,whisper_v2,2,994
seamless_m4t+whisper_v3+hubert+wav2vec_sb,4,whisper_v2,3,6
seamless_m4t+whisper_v3+hubert+wav2vec_sb,4,fastconformer,2,6
seamless_m4t+whisper_v3+hubert+wav2vec_sb,4,fastconformer,3,994
seamless_m4t+whisper_v3+hubert+wav2vec_sb,4,xlsr,8,1000
seamless_m4t+whisper_v3+hubert+wav2vec_sb,4,w2vbert,7,1000
seamless_m4t+whisper_v3+hubert+wav2vec_sb,4,hubert,6,1000
seamless_m4t+whisper_v3+hubert+wav2vec_sb,4,wav2vec_sb,9,1000
seamless_m4t+whisper_v3+hubert+wav2vec_sb,4,cohere,1,1000
seamless_m4t+whisper_v3+hubert+cohere,4,seamless_m4t,5,1000
seamless_m4t+whisper_v3+hubert+cohere,4,whisper_v3,3,369
seamless_m4t+whisper_v3+hubert+cohere,4,whisper_v3,4,631
seamless_m4t+whisper_v3+hubert+cohere,4,whisper_v2,2,997
seamless_m4t+whisper_v3+hubert+cohere,4,whisper_v2,3,3
seamless_m4t+whisper_v3+hubert+cohere,4,fastconformer,1,1000
seamless_m4t+whisper_v3+hubert+cohere,4,xlsr,8,1000
seamless_m4t+whisper_v3+hubert+cohere,4,w2vbert,7,1000
seamless_m4t+whisper_v3+hubert+cohere,4,hubert,6,1000
seamless_m4t+whisper_v3+hubert+cohere,4,wav2vec_sb,9,1000
seamless_m4t+whisper_v3+hubert+cohere,4,cohere,2,3
seamless_m4t+whisper_v3+hubert+cohere,4,cohere,3,628
seamless_m4t+whisper_v3+hubert+cohere,4,cohere,4,369
seamless_m4t+whisper_v3+wav2vec_sb+cohere,4,seamless_m4t,5,1000
seamless_m4t+whisper_v3+wav2vec_sb+cohere,4,whisper_v3,3,70
seamless_m4t+whisper_v3+wav2vec_sb+cohere,4,whisper_v3,4,930
seamless_m4t+whisper_v3+wav2vec_sb+cohere,4,whisper_v2,2,1000
seamless_m4t+whisper_v3+wav2vec_sb+cohere,4,fastconformer,1,1000
seamless_m4t+whisper_v3+wav2vec_sb+cohere,4,xlsr,8,1000
seamless_m4t+whisper_v3+wav2vec_sb+cohere,4,w2vbert,7,1000
seamless_m4t+whisper_v3+wav2vec_sb+cohere,4,hubert,6,1000
seamless_m4t+whisper_v3+wav2vec_sb+cohere,4,wav2vec_sb,9,1000
seamless_m4t+whisper_v3+wav2vec_sb+cohere,4,cohere,3,930
seamless_m4t+whisper_v3+wav2vec_sb+cohere,4,cohere,4,70
seamless_m4t+whisper_v2+fastconformer+xlsr,4,seamless_m4t,5,1000
seamless_m4t+whisper_v2+fastconformer+xlsr,4,whisper_v3,1,64
seamless_m4t+whisper_v2+fastconformer+xlsr,4,whisper_v3,2,936
seamless_m4t+whisper_v2+fastconformer+xlsr,4,whisper_v2,4,1000
seamless_m4t+whisper_v2+fastconformer+xlsr,4,fastconformer,3,1000
seamless_m4t+whisper_v2+fastconformer+xlsr,4,xlsr,8,1000
seamless_m4t+whisper_v2+fastconformer+xlsr,4,w2vbert,7,1000
seamless_m4t+whisper_v2+fastconformer+xlsr,4,hubert,6,1000
seamless_m4t+whisper_v2+fastconformer+xlsr,4,wav2vec_sb,9,1000
seamless_m4t+whisper_v2+fastconformer+xlsr,4,cohere,1,936
seamless_m4t+whisper_v2+fastconformer+xlsr,4,cohere,2,64
seamless_m4t+whisper_v2+fastconformer+w2vbert,4,seamless_m4t,4,15
seamless_m4t+whisper_v2+fastconformer+w2vbert,4,seamless_m4t,5,985
seamless_m4t+whisper_v2+fastconformer+w2vbert,4,whisper_v3,1,121
seamless_m4t+whisper_v2+fastconformer+w2vbert,4,whisper_v3,2,879
seamless_m4t+whisper_v2+fastconformer+w2vbert,4,whisper_v2,4,985
seamless_m4t+whisper_v2+fastconformer+w2vbert,4,whisper_v2,5,15
seamless_m4t+whisper_v2+fastconformer+w2vbert,4,fastconformer,3,1000
seamless_m4t+whisper_v2+fastconformer+w2vbert,4,xlsr,8,1000
seamless_m4t+whisper_v2+fastconformer+w2vbert,4,w2vbert,7,1000
seamless_m4t+whisper_v2+fastconformer+w2vbert,4,hubert,6,1000
seamless_m4t+whisper_v2+fastconformer+w2vbert,4,wav2vec_sb,9,1000
seamless_m4t+whisper_v2+fastconformer+w2vbert,4,cohere,1,879
seamless_m4t+whisper_v2+fastconformer+w2vbert,4,cohere,2,121
seamless_m4t+whisper_v2+fastconformer+hubert,4,seamless_m4t,5,1000
seamless_m4t+whisper_v2+fastconformer+hubert,4,whisper_v3,1,106
seamless_m4t+whisper_v2+fastconformer+hubert,4,whisper_v3,2,894
seamless_m4t+whisper_v2+fastconformer+hubert,4,whisper_v2,4,1000
seamless_m4t+whisper_v2+fastconformer+hubert,4,fastconformer,3,1000
seamless_m4t+whisper_v2+fastconformer+hubert,4,xlsr,8,1000
seamless_m4t+whisper_v2+fastconformer+hubert,4,w2vbert,7,1000
seamless_m4t+whisper_v2+fastconformer+hubert,4,hubert,6,1000
seamless_m4t+whisper_v2+fastconformer+hubert,4,wav2vec_sb,9,1000
seamless_m4t+whisper_v2+fastconformer+hubert,4,cohere,1,894
seamless_m4t+whisper_v2+fastconformer+hubert,4,cohere,2,106
seamless_m4t+whisper_v2+fastconformer+wav2vec_sb,4,seamless_m4t,4,25
seamless_m4t+whisper_v2+fastconformer+wav2vec_sb,4,seamless_m4t,5,975
seamless_m4t+whisper_v2+fastconformer+wav2vec_sb,4,whisper_v3,1,94
seamless_m4t+whisper_v2+fastconformer+wav2vec_sb,4,whisper_v3,2,906
seamless_m4t+whisper_v2+fastconformer+wav2vec_sb,4,whisper_v2,4,975
seamless_m4t+whisper_v2+fastconformer+wav2vec_sb,4,whisper_v2,5,25
seamless_m4t+whisper_v2+fastconformer+wav2vec_sb,4,fastconformer,3,1000
seamless_m4t+whisper_v2+fastconformer+wav2vec_sb,4,xlsr,8,1000
seamless_m4t+whisper_v2+fastconformer+wav2vec_sb,4,w2vbert,7,1000
seamless_m4t+whisper_v2+fastconformer+wav2vec_sb,4,hubert,6,1000
seamless_m4t+whisper_v2+fastconformer+wav2vec_sb,4,wav2vec_sb,9,1000
seamless_m4t+whisper_v2+fastconformer+wav2vec_sb,4,cohere,1,906
seamless_m4t+whisper_v2+fastconformer+wav2vec_sb,4,cohere,2,94
seamless_m4t+whisper_v2+fastconformer+cohere,4,seamless_m4t,4,330
seamless_m4t+whisper_v2+fastconformer+cohere,4,seamless_m4t,5,670
seamless_m4t+whisper_v2+fastconformer+cohere,4,whisper_v3,1,738
seamless_m4t+whisper_v2+fastconformer+cohere,4,whisper_v3,2,262
seamless_m4t+whisper_v2+fastconformer+cohere,4,whisper_v2,4,670
seamless_m4t+whisper_v2+fastconformer+cohere,4,whisper_v2,5,330
seamless_m4t+whisper_v2+fastconformer+cohere,4,fastconformer,3,1000
seamless_m4t+whisper_v2+fastconformer+cohere,4,xlsr,8,1000
seamless_m4t+whisper_v2+fastconformer+cohere,4,w2vbert,7,1000
seamless_m4t+whisper_v2+fastconformer+cohere,4,hubert,6,1000
seamless_m4t+whisper_v2+fastconformer+cohere,4,wav2vec_sb,9,1000
seamless_m4t+whisper_v2+fastconformer+cohere,4,cohere,1,262
seamless_m4t+whisper_v2+fastconformer+cohere,4,cohere,2,738
seamless_m4t+whisper_v2+xlsr+w2vbert,4,seamless_m4t,5,2
seamless_m4t+whisper_v2+xlsr+w2vbert,4,seamless_m4t,6,998
seamless_m4t+whisper_v2+xlsr+w2vbert,4,whisper_v3,1,1000
seamless_m4t+whisper_v2+xlsr+w2vbert,4,whisper_v2,5,998
seamless_m4t+whisper_v2+xlsr+w2vbert,4,whisper_v2,6,2
seamless_m4t+whisper_v2+xlsr+w2vbert,4,fastconformer,3,1000
seamless_m4t+whisper_v2+xlsr+w2vbert,4,xlsr,8,1000
seamless_m4t+whisper_v2+xlsr+w2vbert,4,w2vbert,7,1000
seamless_m4t+whisper_v2+xlsr+w2vbert,4,hubert,4,1000
seamless_m4t+whisper_v2+xlsr+w2vbert,4,wav2vec_sb,9,1000
seamless_m4t+whisper_v2+xlsr+w2vbert,4,cohere,2,1000
seamless_m4t+whisper_v2+xlsr+hubert,4,seamless_m4t,5,1000
seamless_m4t+whisper_v2+xlsr+hubert,4,whisper_v3,1,1000
seamless_m4t+whisper_v2+xlsr+hubert,4,whisper_v2,4,1000
seamless_m4t+whisper_v2+xlsr+hubert,4,fastconformer,3,1000
seamless_m4t+whisper_v2+xlsr+hubert,4,xlsr,8,1000
seamless_m4t+whisper_v2+xlsr+hubert,4,w2vbert,7,1000
seamless_m4t+whisper_v2+xlsr+hubert,4,hubert,6,1000
seamless_m4t+whisper_v2+xlsr+hubert,4,wav2vec_sb,9,1000
seamless_m4t+whisper_v2+xlsr+hubert,4,cohere,2,1000
seamless_m4t+whisper_v2+xlsr+wav2vec_sb,4,seamless_m4t,6,39
seamless_m4t+whisper_v2+xlsr+wav2vec_sb,4,seamless_m4t,7,961
seamless_m4t+whisper_v2+xlsr+wav2vec_sb,4,whisper_v3,1,1000
seamless_m4t+whisper_v2+xlsr+wav2vec_sb,4,whisper_v2,6,961
seamless_m4t+whisper_v2+xlsr+wav2vec_sb,4,whisper_v2,7,39
seamless_m4t+whisper_v2+xlsr+wav2vec_sb,4,fastconformer,3,1000
seamless_m4t+whisper_v2+xlsr+wav2vec_sb,4,xlsr,8,1000
seamless_m4t+whisper_v2+xlsr+wav2vec_sb,4,w2vbert,5,1000
seamless_m4t+whisper_v2+xlsr+wav2vec_sb,4,hubert,4,1000
seamless_m4t+whisper_v2+xlsr+wav2vec_sb,4,wav2vec_sb,9,1000
seamless_m4t+whisper_v2+xlsr+wav2vec_sb,4,cohere,2,1000
seamless_m4t+whisper_v2+xlsr+cohere,4,seamless_m4t,4,45
seamless_m4t+whisper_v2+xlsr+cohere,4,seamless_m4t,5,955
seamless_m4t+whisper_v2+xlsr+cohere,4,whisper_v3,1,1000
seamless_m4t+whisper_v2+xlsr+cohere,4,whisper_v2,4,955
seamless_m4t+whisper_v2+xlsr+cohere,4,whisper_v2,5,45
seamless_m4t+whisper_v2+xlsr+cohere,4,fastconformer,2,1000
seamless_m4t+whisper_v2+xlsr+cohere,4,xlsr,8,1000
seamless_m4t+whisper_v2+xlsr+cohere,4,w2vbert,7,1000
seamless_m4t+whisper_v2+xlsr+cohere,4,hubert,6,1000
seamless_m4t+whisper_v2+xlsr+cohere,4,wav2vec_sb,9,1000
seamless_m4t+whisper_v2+xlsr+cohere,4,cohere,3,1000
seamless_m4t+whisper_v2+w2vbert+hubert,4,seamless_m4t,5,1000
seamless_m4t+whisper_v2+w2vbert+hubert,4,whisper_v3,1,1000
seamless_m4t+whisper_v2+w2vbert+hubert,4,whisper_v2,4,1000
seamless_m4t+whisper_v2+w2vbert+hubert,4,fastconformer,3,1000
seamless_m4t+whisper_v2+w2vbert+hubert,4,xlsr,8,1000
seamless_m4t+whisper_v2+w2vbert+hubert,4,w2vbert,7,1000
seamless_m4t+whisper_v2+w2vbert+hubert,4,hubert,6,1000
seamless_m4t+whisper_v2+w2vbert+hubert,4,wav2vec_sb,9,1000
seamless_m4t+whisper_v2+w2vbert+hubert,4,cohere,2,1000
seamless_m4t+whisper_v2+w2vbert+wav2vec_sb,4,seamless_m4t,5,55
seamless_m4t+whisper_v2+w2vbert+wav2vec_sb,4,seamless_m4t,6,945
seamless_m4t+whisper_v2+w2vbert+wav2vec_sb,4,whisper_v3,1,1000
seamless_m4t+whisper_v2+w2vbert+wav2vec_sb,4,whisper_v2,5,945
seamless_m4t+whisper_v2+w2vbert+wav2vec_sb,4,whisper_v2,6,55
seamless_m4t+whisper_v2+w2vbert+wav2vec_sb,4,fastconformer,3,1000
seamless_m4t+whisper_v2+w2vbert+wav2vec_sb,4,xlsr,8,1000
seamless_m4t+whisper_v2+w2vbert+wav2vec_sb,4,w2vbert,7,1000
seamless_m4t+whisper_v2+w2vbert+wav2vec_sb,4,hubert,4,1000
seamless_m4t+whisper_v2+w2vbert+wav2vec_sb,4,wav2vec_sb,9,1000
seamless_m4t+whisper_v2+w2vbert+wav2vec_sb,4,cohere,2,1000
seamless_m4t+whisper_v2+w2vbert+cohere,4,seamless_m4t,4,410
seamless_m4t+whisper_v2+w2vbert+cohere,4,seamless_m4t,5,590
seamless_m4t+whisper_v2+w2vbert+cohere,4,whisper_v3,1,1000
seamless_m4t+whisper_v2+w2vbert+cohere,4,whisper_v2,4,590
seamless_m4t+whisper_v2+w2vbert+cohere,4,whisper_v2,5,410
seamless_m4t+whisper_v2+w2vbert+cohere,4,fastconformer,2,1000
seamless_m4t+whisper_v2+w2vbert+cohere,4,xlsr,8,1000
seamless_m4t+whisper_v2+w2vbert+cohere,4,w2vbert,7,1000
seamless_m4t+whisper_v2+w2vbert+cohere,4,hubert,6,1000
seamless_m4t+whisper_v2+w2vbert+cohere,4,wav2vec_sb,9,1000
seamless_m4t+whisper_v2+w2vbert+cohere,4,cohere,3,1000
seamless_m4t+whisper_v2+hubert+wav2vec_sb,4,seamless_m4t,5,1000
seamless_m4t+whisper_v2+hubert+wav2vec_sb,4,whisper_v3,1,1000
seamless_m4t+whisper_v2+hubert+wav2vec_sb,4,whisper_v2,4,1000
seamless_m4t+whisper_v2+hubert+wav2vec_sb,4,fastconformer,3,1000
seamless_m4t+whisper_v2+hubert+wav2vec_sb,4,xlsr,8,1000
seamless_m4t+whisper_v2+hubert+wav2vec_sb,4,w2vbert,7,1000
seamless_m4t+whisper_v2+hubert+wav2vec_sb,4,hubert,6,1000
seamless_m4t+whisper_v2+hubert+wav2vec_sb,4,wav2vec_sb,9,1000
seamless_m4t+whisper_v2+hubert+wav2vec_sb,4,cohere,2,1000
seamless_m4t+whisper_v2+hubert+cohere,4,seamless_m4t,5,1000
seamless_m4t+whisper_v2+hubert+cohere,4,whisper_v3,1,1000
seamless_m4t+whisper_v2+hubert+cohere,4,whisper_v2,4,1000
seamless_m4t+whisper_v2+hubert+cohere,4,fastconformer,2,1000
seamless_m4t+whisper_v2+hubert+cohere,4,xlsr,8,1000
seamless_m4t+whisper_v2+hubert+cohere,4,w2vbert,7,1000
seamless_m4t+whisper_v2+hubert+cohere,4,hubert,6,1000
seamless_m4t+whisper_v2+hubert+cohere,4,wav2vec_sb,9,1000
seamless_m4t+whisper_v2+hubert+cohere,4,cohere,3,1000
seamless_m4t+whisper_v2+wav2vec_sb+cohere,4,seamless_m4t,4,354
seamless_m4t+whisper_v2+wav2vec_sb+cohere,4,seamless_m4t,5,646
seamless_m4t+whisper_v2+wav2vec_sb+cohere,4,whisper_v3,1,1000
seamless_m4t+whisper_v2+wav2vec_sb+cohere,4,whisper_v2,4,646
seamless_m4t+whisper_v2+wav2vec_sb+cohere,4,whisper_v2,5,354
seamless_m4t+whisper_v2+wav2vec_sb+cohere,4,fastconformer,2,1000
seamless_m4t+whisper_v2+wav2vec_sb+cohere,4,xlsr,8,1000
seamless_m4t+whisper_v2+wav2vec_sb+cohere,4,w2vbert,7,1000
seamless_m4t+whisper_v2+wav2vec_sb+cohere,4,hubert,6,1000
seamless_m4t+whisper_v2+wav2vec_sb+cohere,4,wav2vec_sb,9,1000
seamless_m4t+whisper_v2+wav2vec_sb+cohere,4,cohere,3,1000
seamless_m4t+fastconformer+xlsr+w2vbert,4,seamless_m4t,6,1000
seamless_m4t+fastconformer+xlsr+w2vbert,4,whisper_v3,2,1000
seamless_m4t+fastconformer+xlsr+w2vbert,4,whisper_v2,3,1000
seamless_m4t+fastconformer+xlsr+w2vbert,4,fastconformer,5,1000
seamless_m4t+fastconformer+xlsr+w2vbert,4,xlsr,8,1000
seamless_m4t+fastconformer+xlsr+w2vbert,4,w2vbert,7,1000
seamless_m4t+fastconformer+xlsr+w2vbert,4,hubert,4,1000
seamless_m4t+fastconformer+xlsr+w2vbert,4,wav2vec_sb,9,1000
seamless_m4t+fastconformer+xlsr+w2vbert,4,cohere,1,1000
seamless_m4t+fastconformer+xlsr+hubert,4,seamless_m4t,5,1000
seamless_m4t+fastconformer+xlsr+hubert,4,whisper_v3,2,1000
seamless_m4t+fastconformer+xlsr+hubert,4,whisper_v2,3,1000
seamless_m4t+fastconformer+xlsr+hubert,4,fastconformer,4,1000
seamless_m4t+fastconformer+xlsr+hubert,4,xlsr,8,1000
seamless_m4t+fastconformer+xlsr+hubert,4,w2vbert,7,1000
seamless_m4t+fastconformer+xlsr+hubert,4,hubert,6,1000
seamless_m4t+fastconformer+xlsr+hubert,4,wav2vec_sb,9,1000
seamless_m4t+fastconformer+xlsr+hubert,4,cohere,1,1000
seamless_m4t+fastconformer+xlsr+wav2vec_sb,4,seamless_m4t,7,1000
seamless_m4t+fastconformer+xlsr+wav2vec_sb,4,whisper_v3,2,1000
seamless_m4t+fastconformer+xlsr+wav2vec_sb,4,whisper_v2,3,1000
seamless_m4t+fastconformer+xlsr+wav2vec_sb,4,fastconformer,6,1000
seamless_m4t+fastconformer+xlsr+wav2vec_sb,4,xlsr,8,1000
seamless_m4t+fastconformer+xlsr+wav2vec_sb,4,w2vbert,5,1000
seamless_m4t+fastconformer+xlsr+wav2vec_sb,4,hubert,4,1000
seamless_m4t+fastconformer+xlsr+wav2vec_sb,4,wav2vec_sb,9,1000
seamless_m4t+fastconformer+xlsr+wav2vec_sb,4,cohere,1,1000
seamless_m4t+fastconformer+xlsr+cohere,4,seamless_m4t,5,1000
seamless_m4t+fastconformer+xlsr+cohere,4,whisper_v3,1,1000
seamless_m4t+fastconformer+xlsr+cohere,4,whisper_v2,2,1000
seamless_m4t+fastconformer+xlsr+cohere,4,fastconformer,3,7
seamless_m4t+fastconformer+xlsr+cohere,4,fastconformer,4,993
seamless_m4t+fastconformer+xlsr+cohere,4,xlsr,8,1000
seamless_m4t+fastconformer+xlsr+cohere,4,w2vbert,7,1000
seamless_m4t+fastconformer+xlsr+cohere,4,hubert,6,1000
seamless_m4t+fastconformer+xlsr+cohere,4,wav2vec_sb,9,1000
seamless_m4t+fastconformer+xlsr+cohere,4,cohere,3,993
seamless_m4t+fastconformer+xlsr+cohere,4,cohere,4,7
seamless_m4t+fastconformer+w2vbert+hubert,4,seamless_m4t,5,1000
seamless_m4t+fastconformer+w2vbert+hubert,4,whisper_v3,2,1000
seamless_m4t+fastconformer+w2vbert+hubert,4,whisper_v2,3,1000
seamless_m4t+fastconformer+w2vbert+hubert,4,fastconformer,4,1000
seamless_m4t+fastconformer+w2vbert+hubert,4,xlsr,8,1000
seamless_m4t+fastconformer+w2vbert+hubert,4,w2vbert,7,1000
seamless_m4t+fastconformer+w2vbert+hubert,4,hubert,6,1000
seamless_m4t+fastconformer+w2vbert+hubert,4,wav2vec_sb,9,1000
seamless_m4t+fastconformer+w2vbert+hubert,4,cohere,1,1000
seamless_m4t+fastconformer+w2vbert+wav2vec_sb,4,seamless_m4t,6,1000
seamless_m4t+fastconformer+w2vbert+wav2vec_sb,4,whisper_v3,2,1000
seamless_m4t+fastconformer+w2vbert+wav2vec_sb,4,whisper_v2,3,1000
seamless_m4t+fastconformer+w2vbert+wav2vec_sb,4,fastconformer,5,1000
seamless_m4t+fastconformer+w2vbert+wav2vec_sb,4,xlsr,8,1000
seamless_m4t+fastconformer+w2vbert+wav2vec_sb,4,w2vbert,7,1000
seamless_m4t+fastconformer+w2vbert+wav2vec_sb,4,hubert,4,1000
seamless_m4t+fastconformer+w2vbert+wav2vec_sb,4,wav2vec_sb,9,1000
seamless_m4t+fastconformer+w2vbert+wav2vec_sb,4,cohere,1,1000
seamless_m4t+fastconformer+w2vbert+cohere,4,seamless_m4t,5,1000
seamless_m4t+fastconformer+w2vbert+cohere,4,whisper_v3,1,1000
seamless_m4t+fastconformer+w2vbert+cohere,4,whisper_v2,2,999
seamless_m4t+fastconformer+w2vbert+cohere,4,whisper_v2,3,1
seamless_m4t+fastconformer+w2vbert+cohere,4,fastconformer,4,1000
seamless_m4t+fastconformer+w2vbert+cohere,4,xlsr,8,1000
seamless_m4t+fastconformer+w2vbert+cohere,4,w2vbert,7,1000
seamless_m4t+fastconformer+w2vbert+cohere,4,hubert,6,1000
seamless_m4t+fastconformer+w2vbert+cohere,4,wav2vec_sb,9,1000
seamless_m4t+fastconformer+w2vbert+cohere,4,cohere,2,1
seamless_m4t+fastconformer+w2vbert+cohere,4,cohere,3,999
seamless_m4t+fastconformer+hubert+wav2vec_sb,4,seamless_m4t,5,1000
seamless_m4t+fastconformer+hubert+wav2vec_sb,4,whisper_v3,2,1000
seamless_m4t+fastconformer+hubert+wav2vec_sb,4,whisper_v2,3,1000
seamless_m4t+fastconformer+hubert+wav2vec_sb,4,fastconformer,4,1000
seamless_m4t+fastconformer+hubert+wav2vec_sb,4,xlsr,8,1000
seamless_m4t+fastconformer+hubert+wav2vec_sb,4,w2vbert,7,1000
seamless_m4t+fastconformer+hubert+wav2vec_sb,4,hubert,6,1000
seamless_m4t+fastconformer+hubert+wav2vec_sb,4,wav2vec_sb,9,1000
seamless_m4t+fastconformer+hubert+wav2vec_sb,4,cohere,1,1000
seamless_m4t+fastconformer+hubert+cohere,4,seamless_m4t,5,1000
seamless_m4t+fastconformer+hubert+cohere,4,whisper_v3,1,1000
seamless_m4t+fastconformer+hubert+cohere,4,whisper_v2,2,7
seamless_m4t+fastconformer+hubert+cohere,4,whisper_v2,3,50
seamless_m4t+fastconformer+hubert+cohere,4,whisper_v2,4,943
seamless_m4t+fastconformer+hubert+cohere,4,fastconformer,2,65
seamless_m4t+fastconformer+hubert+cohere,4,fastconformer,3,880
seamless_m4t+fastconformer+hubert+cohere,4,fastconformer,4,55
seamless_m4t+fastconformer+hubert+cohere,4,xlsr,8,1000
seamless_m4t+fastconformer+hubert+cohere,4,w2vbert,7,1000
seamless_m4t+fastconformer+hubert+cohere,4,hubert,6,1000
seamless_m4t+fastconformer+hubert+cohere,4,wav2vec_sb,9,1000
seamless_m4t+fastconformer+hubert+cohere,4,cohere,2,928
seamless_m4t+fastconformer+hubert+cohere,4,cohere,3,70
seamless_m4t+fastconformer+hubert+cohere,4,cohere,4,2
seamless_m4t+fastconformer+wav2vec_sb+cohere,4,seamless_m4t,5,1000
seamless_m4t+fastconformer+wav2vec_sb+cohere,4,whisper_v3,1,1000
seamless_m4t+fastconformer+wav2vec_sb+cohere,4,whisper_v2,2,1000
seamless_m4t+fastconformer+wav2vec_sb+cohere,4,fastconformer,3,18
seamless_m4t+fastconformer+wav2vec_sb+cohere,4,fastconformer,4,982
seamless_m4t+fastconformer+wav2vec_sb+cohere,4,xlsr,8,1000
seamless_m4t+fastconformer+wav2vec_sb+cohere,4,w2vbert,7,1000
seamless_m4t+fastconformer+wav2vec_sb+cohere,4,hubert,6,1000
seamless_m4t+fastconformer+wav2vec_sb+cohere,4,wav2vec_sb,9,1000
seamless_m4t+fastconformer+wav2vec_sb+cohere,4,cohere,3,982
seamless_m4t+fastconformer+wav2vec_sb+cohere,4,cohere,4,18
seamless_m4t+xlsr+w2vbert+hubert,4,seamless_m4t,6,69
seamless_m4t+xlsr+w2vbert+hubert,4,seamless_m4t,7,931
seamless_m4t+xlsr+w2vbert+hubert,4,whisper_v3,1,872
seamless_m4t+xlsr+w2vbert+hubert,4,whisper_v3,2,114
seamless_m4t+xlsr+w2vbert+hubert,4,whisper_v3,3,14
seamless_m4t+xlsr+w2vbert+hubert,4,whisper_v2,4,1000
seamless_m4t+xlsr+w2vbert+hubert,4,fastconformer,1,106
seamless_m4t+xlsr+w2vbert+hubert,4,fastconformer,2,749
seamless_m4t+xlsr+w2vbert+hubert,4,fastconformer,3,145
seamless_m4t+xlsr+w2vbert+hubert,4,xlsr,8,1000
seamless_m4t+xlsr+w2vbert+hubert,4,w2vbert,6,931
seamless_m4t+xlsr+w2vbert+hubert,4,w2vbert,7,69
seamless_m4t+xlsr+w2vbert+hubert,4,hubert,5,1000
seamless_m4t+xlsr+w2vbert+hubert,4,wav2vec_sb,9,1000
seamless_m4t+xlsr+w2vbert+hubert,4,cohere,1,22
seamless_m4t+xlsr+w2vbert+hubert,4,cohere,2,137
seamless_m4t+xlsr+w2vbert+hubert,4,cohere,3,841
seamless_m4t+xlsr+w2vbert+wav2vec_sb,4,seamless_m4t,9,1000
seamless_m4t+xlsr+w2vbert+wav2vec_sb,4,whisper_v3,1,583
seamless_m4t+xlsr+w2vbert+wav2vec_sb,4,whisper_v3,2,394
seamless_m4t+xlsr+w2vbert+wav2vec_sb,4,whisper_v3,3,23
seamless_m4t+xlsr+w2vbert+wav2vec_sb,4,whisper_v2,4,1000
seamless_m4t+xlsr+w2vbert+wav2vec_sb,4,fastconformer,1,412
seamless_m4t+xlsr+w2vbert+wav2vec_sb,4,fastconformer,2,550
seamless_m4t+xlsr+w2vbert+wav2vec_sb,4,fastconformer,3,38
seamless_m4t+xlsr+w2vbert+wav2vec_sb,4,xlsr,6,6
seamless_m4t+xlsr+w2vbert+wav2vec_sb,4,xlsr,7,994
seamless_m4t+xlsr+w2vbert+wav2vec_sb,4,w2vbert,6,994
seamless_m4t+xlsr+w2vbert+wav2vec_sb,4,w2vbert,7,6
seamless_m4t+xlsr+w2vbert+wav2vec_sb,4,hubert,5,1000
seamless_m4t+xlsr+w2vbert+wav2vec_sb,4,wav2vec_sb,8,1000
seamless_m4t+xlsr+w2vbert+wav2vec_sb,4,cohere,1,5
seamless_m4t+xlsr+w2vbert+wav2vec_sb,4,cohere,2,56
seamless_m4t+xlsr+w2vbert+wav2vec_sb,4,cohere,3,939
seamless_m4t+xlsr+w2vbert+cohere,4,seamless_m4t,5,5
seamless_m4t+xlsr+w2vbert+cohere,4,seamless_m4t,6,995
seamless_m4t+xlsr+w2vbert+cohere,4,whisper_v3,1,990
seamless_m4t+xlsr+w2vbert+cohere,4,whisper_v3,2,10
seamless_m4t+xlsr+w2vbert+cohere,4,whisper_v2,3,1000
seamless_m4t+xlsr+w2vbert+cohere,4,fastconformer,1,10
seamless_m4t+xlsr+w2vbert+cohere,4,fastconformer,2,990
seamless_m4t+xlsr+w2vbert+cohere,4,xlsr,8,1000
seamless_m4t+xlsr+w2vbert+cohere,4,w2vbert,7,1000
seamless_m4t+xlsr+w2vbert+cohere,4,hubert,4,1000
seamless_m4t+xlsr+w2vbert+cohere,4,wav2vec_sb,9,1000
seamless_m4t+xlsr+w2vbert+cohere,4,cohere,5,995
seamless_m4t+xlsr+w2vbert+cohere,4,cohere,6,5
seamless_m4t+xlsr+hubert+wav2vec_sb,4,seamless_m4t,8,719
seamless_m4t+xlsr+hubert+wav2vec_sb,4,seamless_m4t,9,281
seamless_m4t+xlsr+hubert+wav2vec_sb,4,whisper_v3,1,950
seamless_m4t+xlsr+hubert+wav2vec_sb,4,whisper_v3,2,50
seamless_m4t+xlsr+hubert+wav2vec_sb,4,whisper_v2,3,3
seamless_m4t+xlsr+hubert+wav2vec_sb,4,whisper_v2,4,997
seamless_m4t+xlsr+hubert+wav2vec_sb,4,fastconformer,1,50
seamless_m4t+xlsr+hubert+wav2vec_sb,4,fastconformer,2,918
seamless_m4t+xlsr+hubert+wav2vec_sb,4,fastconformer,3,32
seamless_m4t+xlsr+hubert+wav2vec_sb,4,xlsr,7,1000
seamless_m4t+xlsr+hubert+wav2vec_sb,4,w2vbert,5,1000
seamless_m4t+xlsr+hubert+wav2vec_sb,4,hubert,6,1000
seamless_m4t+xlsr+hubert+wav2vec_sb,4,wav2vec_sb,8,281
seamless_m4t+xlsr+hubert+wav2vec_sb,4,wav2vec_sb,9,719
seamless_m4t+xlsr+hubert+wav2vec_sb,4,cohere,2,32
seamless_m4t+xlsr+hubert+wav2vec_sb,4,cohere,3,965
seamless_m4t+xlsr+hubert+wav2vec_sb,4,cohere,4,3
seamless_m4t+xlsr+hubert+cohere,4,seamless_m4t,5,1000
seamless_m4t+xlsr+hubert+cohere,4,whisper_v3,1,852
seamless_m4t+xlsr+hubert+cohere,4,whisper_v3,2,148
seamless_m4t+xlsr+hubert+cohere,4,whisper_v2,3,1000
seamless_m4t+xlsr+hubert+cohere,4,fastconformer,1,148
seamless_m4t+xlsr+hubert+cohere,4,fastconformer,2,852
seamless_m4t+xlsr+hubert+cohere,4,xlsr,8,1000
seamless_m4t+xlsr+hubert+cohere,4,w2vbert,7,1000
seamless_m4t+xlsr+hubert+cohere,4,hubert,6,1000
seamless_m4t+xlsr+hubert+cohere,4,wav2vec_sb,9,1000
seamless_m4t+xlsr+hubert+cohere,4,cohere,4,1000
seamless_m4t+xlsr+wav2vec_sb+cohere,4,seamless_m4t,6,9
seamless_m4t+xlsr+wav2vec_sb+cohere,4,seamless_m4t,7,991
seamless_m4t+xlsr+wav2vec_sb+cohere,4,whisper_v3,1,877
seamless_m4t+xlsr+wav2vec_sb+cohere,4,whisper_v3,2,123
seamless_m4t+xlsr+wav2vec_sb+cohere,4,whisper_v2,3,1000
seamless_m4t+xlsr+wav2vec_sb+cohere,4,fastconformer,1,123
seamless_m4t+xlsr+wav2vec_sb+cohere,4,fastconformer,2,877
seamless_m4t+xlsr+wav2vec_sb+cohere,4,xlsr,8,1000
seamless_m4t+xlsr+wav2vec_sb+cohere,4,w2vbert,5,1000
seamless_m4t+xlsr+wav2vec_sb+cohere,4,hubert,4,1000
seamless_m4t+xlsr+wav2vec_sb+cohere,4,wav2vec_sb,9,1000
seamless_m4t+xlsr+wav2vec_sb+cohere,4,cohere,6,991
seamless_m4t+xlsr+wav2vec_sb+cohere,4,cohere,7,9
seamless_m4t+w2vbert+hubert+wav2vec_sb,4,seamless_m4t,6,15
seamless_m4t+w2vbert+hubert+wav2vec_sb,4,seamless_m4t,7,985
seamless_m4t+w2vbert+hubert+wav2vec_sb,4,whisper_v3,1,816
seamless_m4t+w2vbert+hubert+wav2vec_sb,4,whisper_v3,2,153
seamless_m4t+w2vbert+hubert+wav2vec_sb,4,whisper_v3,3,31
seamless_m4t+w2vbert+hubert+wav2vec_sb,4,whisper_v2,4,1000
seamless_m4t+w2vbert+hubert+wav2vec_sb,4,fastconformer,1,139
seamless_m4t+w2vbert+hubert+wav2vec_sb,4,fastconformer,2,605
seamless_m4t+w2vbert+hubert+wav2vec_sb,4,fastconformer,3,256
seamless_m4t+w2vbert+hubert+wav2vec_sb,4,xlsr,8,1000
seamless_m4t+w2vbert+hubert+wav2vec_sb,4,w2vbert,6,985
seamless_m4t+w2vbert+hubert+wav2vec_sb,4,w2vbert,7,15
seamless_m4t+w2vbert+hubert+wav2vec_sb,4,hubert,5,1000
seamless_m4t+w2vbert+hubert+wav2vec_sb,4,wav2vec_sb,9,1000
seamless_m4t+w2vbert+hubert+wav2vec_sb,4,cohere,1,45
seamless_m4t+w2vbert+hubert+wav2vec_sb,4,cohere,2,242
seamless_m4t+w2vbert+hubert+wav2vec_sb,4,cohere,3,713
seamless_m4t+w2vbert+hubert+cohere,4,seamless_m4t,5,1000
seamless_m4t+w2vbert+hubert+cohere,4,whisper_v3,1,899
seamless_m4t+w2vbert+hubert+cohere,4,whisper_v3,2,101
seamless_m4t+w2vbert+hubert+cohere,4,whisper_v2,3,1000
seamless_m4t+w2vbert+hubert+cohere,4,fastconformer,1,101
seamless_m4t+w2vbert+hubert+cohere,4,fastconformer,2,899
seamless_m4t+w2vbert+hubert+cohere,4,xlsr,8,1000
seamless_m4t+w2vbert+hubert+cohere,4,w2vbert,7,1000
seamless_m4t+w2vbert+hubert+cohere,4,hubert,6,1000
seamless_m4t+w2vbert+hubert+cohere,4,wav2vec_sb,9,1000
seamless_m4t+w2vbert+hubert+cohere,4,cohere,4,1000
seamless_m4t+w2vbert+wav2vec_sb+cohere,4,seamless_m4t,5,13
seamless_m4t+w2vbert+wav2vec_sb+cohere,4,seamless_m4t,6,987
seamless_m4t+w2vbert+wav2vec_sb+cohere,4,whisper_v3,1,907
seamless_m4t+w2vbert+wav2vec_sb+cohere,4,whisper_v3,2,93
seamless_m4t+w2vbert+wav2vec_sb+cohere,4,whisper_v2,3,1000
seamless_m4t+w2vbert+wav2vec_sb+cohere,4,fastconformer,1,93
seamless_m4t+w2vbert+wav2vec_sb+cohere,4,fastconformer,2,907
seamless_m4t+w2vbert+wav2vec_sb+cohere,4,xlsr,8,1000
seamless_m4t+w2vbert+wav2vec_sb+cohere,4,w2vbert,7,1000
seamless_m4t+w2vbert+wav2vec_sb+cohere,4,hubert,4,1000
seamless_m4t+w2vbert+wav2vec_sb+cohere,4,wav2vec_sb,9,1000
seamless_m4t+w2vbert+wav2vec_sb+cohere,4,cohere,5,987
seamless_m4t+w2vbert+wav2vec_sb+cohere,4,cohere,6,13
seamless_m4t+hubert+wav2vec_sb+cohere,4,seamless_m4t,5,1000
seamless_m4t+hubert+wav2vec_sb+cohere,4,whisper_v3,1,919
seamless_m4t+hubert+wav2vec_sb+cohere,4,whisper_v3,2,81
seamless_m4t+hubert+wav2vec_sb+cohere,4,whisper_v2,3,1000
seamless_m4t+hubert+wav2vec_sb+cohere,4,fastconformer,1,81
seamless_m4t+hubert+wav2vec_sb+cohere,4,fastconformer,2,919
seamless_m4t+hubert+wav2vec_sb+cohere,4,xlsr,8,1000
seamless_m4t+hubert+wav2vec_sb+cohere,4,w2vbert,7,1000
seamless_m4t+hubert+wav2vec_sb+cohere,4,hubert,6,1000
seamless_m4t+hubert+wav2vec_sb+cohere,4,wav2vec_sb,9,1000
seamless_m4t+hubert+wav2vec_sb+cohere,4,cohere,4,1000
whisper_v3+whisper_v2+fastconformer+xlsr,4,seamless_m4t,3,45
whisper_v3+whisper_v2+fastconformer+xlsr,4,seamless_m4t,4,741
whisper_v3+whisper_v2+fastconformer+xlsr,4,seamless_m4t,5,214
whisper_v3+whisper_v2+fastconformer+xlsr,4,whisper_v3,2,1000
whisper_v3+whisper_v2+fastconformer+xlsr,4,whisper_v2,3,955
whisper_v3+whisper_v2+fastconformer+xlsr,4,whisper_v2,4,45
whisper_v3+whisper_v2+fastconformer+xlsr,4,fastconformer,4,214
whisper_v3+whisper_v2+fastconformer+xlsr,4,fastconformer,5,786
whisper_v3+whisper_v2+fastconformer+xlsr,4,xlsr,8,1000
whisper_v3+whisper_v2+fastconformer+xlsr,4,w2vbert,7,1000
whisper_v3+whisper_v2+fastconformer+xlsr,4,hubert,6,1000
whisper_v3+whisper_v2+fastconformer+xlsr,4,wav2vec_sb,9,1000
whisper_v3+whisper_v2+fastconformer+xlsr,4,cohere,1,1000
whisper_v3+whisper_v2+fastconformer+w2vbert,4,seamless_m4t,3,17
whisper_v3+whisper_v2+fastconformer+w2vbert,4,seamless_m4t,4,373
whisper_v3+whisper_v2+fastconformer+w2vbert,4,seamless_m4t,5,610
whisper_v3+whisper_v2+fastconformer+w2vbert,4,whisper_v3,2,1000
whisper_v3+whisper_v2+fastconformer+w2vbert,4,whisper_v2,3,983
whisper_v3+whisper_v2+fastconformer+w2vbert,4,whisper_v2,4,17
whisper_v3+whisper_v2+fastconformer+w2vbert,4,fastconformer,4,610
whisper_v3+whisper_v2+fastconformer+w2vbert,4,fastconformer,5,390
whisper_v3+whisper_v2+fastconformer+w2vbert,4,xlsr,8,1000
whisper_v3+whisper_v2+fastconformer+w2vbert,4,w2vbert,7,1000
whisper_v3+whisper_v2+fastconformer+w2vbert,4,hubert,6,1000
whisper_v3+whisper_v2+fastconformer+w2vbert,4,wav2vec_sb,9,1000
whisper_v3+whisper_v2+fastconformer+w2vbert,4,cohere,1,1000
whisper_v3+whisper_v2+fastconformer+hubert,4,seamless_m4t,4,10
whisper_v3+whisper_v2+fastconformer+hubert,4,seamless_m4t,5,990
whisper_v3+whisper_v2+fastconformer+hubert,4,whisper_v3,1,6
whisper_v3+whisper_v2+fastconformer+hubert,4,whisper_v3,2,994
whisper_v3+whisper_v2+fastconformer+hubert,4,whisper_v2,3,1000
whisper_v3+whisper_v2+fastconformer+hubert,4,fastconformer,4,990
whisper_v3+whisper_v2+fastconformer+hubert,4,fastconformer,5,10
whisper_v3+whisper_v2+fastconformer+hubert,4,xlsr,8,1000
whisper_v3+whisper_v2+fastconformer+hubert,4,w2vbert,7,1000
whisper_v3+whisper_v2+fastconformer+hubert,4,hubert,6,1000
whisper_v3+whisper_v2+fastconformer+hubert,4,wav2vec_sb,9,1000
whisper_v3+whisper_v2+fastconformer+hubert,4,cohere,1,994
whisper_v3+whisper_v2+fastconformer+hubert,4,cohere,2,6
whisper_v3+whisper_v2+fastconformer+wav2vec_sb,4,seamless_m4t,3,114
whisper_v3+whisper_v2+fastconformer+wav2vec_sb,4,seamless_m4t,4,683
whisper_v3+whisper_v2+fastconformer+wav2vec_sb,4,seamless_m4t,5,203
whisper_v3+whisper_v2+fastconformer+wav2vec_sb,4,whisper_v3,2,1000
whisper_v3+whisper_v2+fastconformer+wav2vec_sb,4,whisper_v2,3,886
whisper_v3+whisper_v2+fastconformer+wav2vec_sb,4,whisper_v2,4,114
whisper_v3+whisper_v2+fastconformer+wav2vec_sb,4,fastconformer,4,203
whisper_v3+whisper_v2+fastconformer+wav2vec_sb,4,fastconformer,5,797
whisper_v3+whisper_v2+fastconformer+wav2vec_sb,4,xlsr,8,1000
whisper_v3+whisper_v2+fastconformer+wav2vec_sb,4,w2vbert,7,1000
whisper_v3+whisper_v2+fastconformer+wav2vec_sb,4,hubert,6,1000
whisper_v3+whisper_v2+fastconformer+wav2vec_sb,4,wav2vec_sb,9,1000
whisper_v3+whisper_v2+fastconformer+wav2vec_sb,4,cohere,1,1000
whisper_v3+whisper_v2+fastconformer+cohere,4,seamless_m4t,4,3
whisper_v3+whisper_v2+fastconformer+cohere,4,seamless_m4t,5,997
whisper_v3+whisper_v2+fastconformer+cohere,4,whisper_v3,1,1000
whisper_v3+whisper_v2+fastconformer+cohere,4,whisper_v2,3,952
whisper_v3+whisper_v2+fastconformer+cohere,4,whisper_v2,4,48
whisper_v3+whisper_v2+fastconformer+cohere,4,fastconformer,3,48
whisper_v3+whisper_v2+fastconformer+cohere,4,fastconformer,4,949
whisper_v3+whisper_v2+fastconformer+cohere,4,fastconformer,5,3
whisper_v3+whisper_v2+fastconformer+cohere,4,xlsr,8,1000
whisper_v3+whisper_v2+fastconformer+cohere,4,w2vbert,7,1000
whisper_v3+whisper_v2+fastconformer+cohere,4,hubert,6,1000
whisper_v3+whisper_v2+fastconformer+cohere,4,wav2vec_sb,9,1000
whisper_v3+whisper_v2+fastconformer+cohere,4,cohere,2,1000
whisper_v3+whisper_v2+xlsr+w2vbert,4,seamless_m4t,3,1000
whisper_v3+whisper_v2+xlsr+w2vbert,4,whisper_v3,5,1000
whisper_v3+whisper_v2+xlsr+w2vbert,4,whisper_v2,6,1000
whisper_v3+whisper_v2+xlsr+w2vbert,4,fastconformer,2,1000
whisper_v3+whisper_v2+xlsr+w2vbert,4,xlsr,8,1000
whisper_v3+whisper_v2+xlsr+w2vbert,4,w2vbert,7,1000
whisper_v3+whisper_v2+xlsr+w2vbert,4,hubert,4,1000
whisper_v3+whisper_v2+xlsr+w2vbert,4,wav2vec_sb,9,1000
whisper_v3+whisper_v2+xlsr+w2vbert,4,cohere,1,1000
whisper_v3+whisper_v2+xlsr+hubert,4,seamless_m4t,3,1000
whisper_v3+whisper_v2+xlsr+hubert,4,whisper_v3,4,1000
whisper_v3+whisper_v2+xlsr+hubert,4,whisper_v2,5,1000
whisper_v3+whisper_v2+xlsr+hubert,4,fastconformer,2,1000
whisper_v3+whisper_v2+xlsr+hubert,4,xlsr,8,1000
whisper_v3+whisper_v2+xlsr+hubert,4,w2vbert,7,1000
whisper_v3+whisper_v2+xlsr+hubert,4,hubert,6,1000
whisper_v3+whisper_v2+xlsr+hubert,4,wav2vec_sb,9,1000
whisper_v3+whisper_v2+xlsr+hubert,4,cohere,1,1000
whisper_v3+whisper_v2+xlsr+wav2vec_sb,4,seamless_m4t,3,1000
whisper_v3+whisper_v2+xlsr+wav2vec_sb,4,whisper_v3,5,975
whisper_v3+whisper_v2+xlsr+wav2vec_sb,4,whisper_v3,6,25
whisper_v3+whisper_v2+xlsr+wav2vec_sb,4,whisper_v2,6,242
whisper_v3+whisper_v2+xlsr+wav2vec_sb,4,whisper_v2,7,758
whisper_v3+whisper_v2+xlsr+wav2vec_sb,4,fastconformer,2,1000
whisper_v3+whisper_v2+xlsr+wav2vec_sb,4,xlsr,8,1000
whisper_v3+whisper_v2+xlsr+wav2vec_sb,4,w2vbert,5,25
whisper_v3+whisper_v2+xlsr+wav2vec_sb,4,w2vbert,6,733
whisper_v3+whisper_v2+xlsr+wav2vec_sb,4,w2vbert,7,242
whisper_v3+whisper_v2+xlsr+wav2vec_sb,4,hubert,4,1000
whisper_v3+whisper_v2+xlsr+wav2vec_sb,4,wav2vec_sb,9,1000
whisper_v3+whisper_v2+xlsr+wav2vec_sb,4,cohere,1,1000
whisper_v3+whisper_v2+xlsr+cohere,4,seamless_m4t,3,10
whisper_v3+whisper_v2+xlsr+cohere,4,seamless_m4t,4,524
whisper_v3+whisper_v2+xlsr+cohere,4,seamless_m4t,5,466
whisper_v3+whisper_v2+xlsr+cohere,4,whisper_v3,1,966
whisper_v3+whisper_v2+xlsr+cohere,4,whisper_v3,2,34
whisper_v3+whisper_v2+xlsr+cohere,4,whisper_v2,3,990
whisper_v3+whisper_v2+xlsr+cohere,4,whisper_v2,4,10
whisper_v3+whisper_v2+xlsr+cohere,4,fastconformer,1,34
whisper_v3+whisper_v2+xlsr+cohere,4,fastconformer,2,966
whisper_v3+whisper_v2+xlsr+cohere,4,xlsr,8,1000
whisper_v3+whisper_v2+xlsr+cohere,4,w2vbert,7,1000
whisper_v3+whisper_v2+xlsr+cohere,4,hubert,6,1000
whisper_v3+whisper_v2+xlsr+cohere,4,wav2vec_sb,9,1000
whisper_v3+whisper_v2+xlsr+cohere,4,cohere,4,466
whisper_v3+whisper_v2+xlsr+cohere,4,cohere,5,534
whisper_v3+whisper_v2+w2vbert+hubert,4,seamless_m4t,3,1000
whisper_v3+whisper_v2+w2vbert+hubert,4,whisper_v3,4,1000
whisper_v3+whisper_v2+w2vbert+hubert,4,whisper_v2,5,1000
whisper_v3+whisper_v2+w2vbert+hubert,4,fastconformer,2,1000
whisper_v3+whisper_v2+w2vbert+hubert,4,xlsr,8,1000
whisper_v3+whisper_v2+w2vbert+hubert,4,w2vbert,7,1000
whisper_v3+whisper_v2+w2vbert+hubert,4,hubert,6,1000
whisper_v3+whisper_v2+w2vbert+hubert,4,wav2vec_sb,9,1000
whisper_v3+whisper_v2+w2vbert+hubert,4,cohere,1,1000
whisper_v3+whisper_v2+w2vbert+wav2vec_sb,4,seamless_m4t,3,1000
whisper_v3+whisper_v2+w2vbert+wav2vec_sb,4,whisper_v3,5,1000
whisper_v3+whisper_v2+w2vbert+wav2vec_sb,4,whisper_v2,6,1000
whisper_v3+whisper_v2+w2vbert+wav2vec_sb,4,fastconformer,2,1000
whisper_v3+whisper_v2+w2vbert+wav2vec_sb,4,xlsr,8,1000
whisper_v3+whisper_v2+w2vbert+wav2vec_sb,4,w2vbert,7,1000
whisper_v3+whisper_v2+w2vbert+wav2vec_sb,4,hubert,4,1000
whisper_v3+whisper_v2+w2vbert+wav2vec_sb,4,wav2vec_sb,9,1000
whisper_v3+whisper_v2+w2vbert+wav2vec_sb,4,cohere,1,1000
whisper_v3+whisper_v2+w2vbert+cohere,4,seamless_m4t,3,2
whisper_v3+whisper_v2+w2vbert+cohere,4,seamless_m4t,4,182
whisper_v3+whisper_v2+w2vbert+cohere,4,seamless_m4t,5,816
whisper_v3+whisper_v2+w2vbert+cohere,4,whisper_v3,1,1000
whisper_v3+whisper_v2+w2vbert+cohere,4,whisper_v2,3,998
whisper_v3+whisper_v2+w2vbert+cohere,4,whisper_v2,4,2
whisper_v3+whisper_v2+w2vbert+cohere,4,fastconformer,2,1000
whisper_v3+whisper_v2+w2vbert+cohere,4,xlsr,8,1000
whisper_v3+whisper_v2+w2vbert+cohere,4,w2vbert,7,1000
whisper_v3+whisper_v2+w2vbert+cohere,4,hubert,6,1000
whisper_v3+whisper_v2+w2vbert+cohere,4,wav2vec_sb,9,1000
whisper_v3+whisper_v2+w2vbert+cohere,4,cohere,4,816
whisper_v3+whisper_v2+w2vbert+cohere,4,cohere,5,184
whisper_v3+whisper_v2+hubert+wav2vec_sb,4,seamless_m4t,3,1000
whisper_v3+whisper_v2+hubert+wav2vec_sb,4,whisper_v3,4,1000
whisper_v3+whisper_v2+hubert+wav2vec_sb,4,whisper_v2,5,1000
whisper_v3+whisper_v2+hubert+wav2vec_sb,4,fastconformer,2,1000
whisper_v3+whisper_v2+hubert+wav2vec_sb,4,xlsr,8,1000
whisper_v3+whisper_v2+hubert+wav2vec_sb,4,w2vbert,7,1000
whisper_v3+whisper_v2+hubert+wav2vec_sb,4,hubert,6,1000
whisper_v3+whisper_v2+hubert+wav2vec_sb,4,wav2vec_sb,9,1000
whisper_v3+whisper_v2+hubert+wav2vec_sb,4,cohere,1,1000
whisper_v3+whisper_v2+hubert+cohere,4,seamless_m4t,4,14
whisper_v3+whisper_v2+hubert+cohere,4,seamless_m4t,5,986
whisper_v3+whisper_v2+hubert+cohere,4,whisper_v3,1,1000
whisper_v3+whisper_v2+hubert+cohere,4,whisper_v2,2,500
whisper_v3+whisper_v2+hubert+cohere,4,whisper_v2,3,500
whisper_v3+whisper_v2+hubert+cohere,4,fastconformer,2,500
whisper_v3+whisper_v2+hubert+cohere,4,fastconformer,3,500
whisper_v3+whisper_v2+hubert+cohere,4,xlsr,8,1000
whisper_v3+whisper_v2+hubert+cohere,4,w2vbert,7,1000
whisper_v3+whisper_v2+hubert+cohere,4,hubert,6,1000
whisper_v3+whisper_v2+hubert+cohere,4,wav2vec_sb,9,1000
whisper_v3+whisper_v2+hubert+cohere,4,cohere,4,986
whisper_v3+whisper_v2+hubert+cohere,4,cohere,5,14
whisper_v3+whisper_v2+wav2vec_sb+cohere,4,seamless_m4t,3,12
whisper_v3+whisper_v2+wav2vec_sb+cohere,4,seamless_m4t,4,487
whisper_v3+whisper_v2+wav2vec_sb+cohere,4,seamless_m4t,5,501
whisper_v3+whisper_v2+wav2vec_sb+cohere,4,whisper_v3,1,916
whisper_v3+whisper_v2+wav2vec_sb+cohere,4,whisper_v3,2,84
whisper_v3+whisper_v2+wav2vec_sb+cohere,4,whisper_v2,3,988
whisper_v3+whisper_v2+wav2vec_sb+cohere,4,whisper_v2,4,12
whisper_v3+whisper_v2+wav2vec_sb+cohere,4,fastconformer,1,84
whisper_v3+whisper_v2+wav2vec_sb+cohere,4,fastconformer,2,916
whisper_v3+whisper_v2+wav2vec_sb+cohere,4,xlsr,8,1000
whisper_v3+whisper_v2+wav2vec_sb+cohere,4,w2vbert,7,1000
whisper_v3+whisper_v2+wav2vec_sb+cohere,4,hubert,6,1000
whisper_v3+whisper_v2+wav2vec_sb+cohere,4,wav2vec_sb,9,1000
whisper_v3+whisper_v2+wav2vec_sb+cohere,4,cohere,4,501
whisper_v3+whisper_v2+wav2vec_sb+cohere,4,cohere,5,499
whisper_v3+fastconformer+xlsr+w2vbert,4,seamless_m4t,3,1000
whisper_v3+fastconformer+xlsr+w2vbert,4,whisper_v3,5,118
whisper_v3+fastconformer+xlsr+w2vbert,4,whisper_v3,6,882
whisper_v3+fastconformer+xlsr+w2vbert,4,whisper_v2,1,30
whisper_v3+fastconformer+xlsr+w2vbert,4,whisper_v2,2,970
whisper_v3+fastconformer+xlsr+w2vbert,4,fastconformer,5,882
whisper_v3+fastconformer+xlsr+w2vbert,4,fastconformer,6,118
whisper_v3+fastconformer+xlsr+w2vbert,4,xlsr,8,1000
whisper_v3+fastconformer+xlsr+w2vbert,4,w2vbert,7,1000
whisper_v3+fastconformer+xlsr+w2vbert,4,hubert,4,1000
whisper_v3+fastconformer+xlsr+w2vbert,4,wav2vec_sb,9,1000
whisper_v3+fastconformer+xlsr+w2vbert,4,cohere,1,970
whisper_v3+fastconformer+xlsr+w2vbert,4,cohere,2,30
whisper_v3+fastconformer+xlsr+hubert,4,seamless_m4t,3,1000
whisper_v3+fastconformer+xlsr+hubert,4,whisper_v3,4,713
whisper_v3+fastconformer+xlsr+hubert,4,whisper_v3,5,287
whisper_v3+fastconformer+xlsr+hubert,4,whisper_v2,1,12
whisper_v3+fastconformer+xlsr+hubert,4,whisper_v2,2,988
whisper_v3+fastconformer+xlsr+hubert,4,fastconformer,4,287
whisper_v3+fastconformer+xlsr+hubert,4,fastconformer,5,713
whisper_v3+fastconformer+xlsr+hubert,4,xlsr,8,1000
whisper_v3+fastconformer+xlsr+hubert,4,w2vbert,7,1000
whisper_v3+fastconformer+xlsr+hubert,4,hubert,6,1000
whisper_v3+fastconformer+xlsr+hubert,4,wav2vec_sb,9,1000
whisper_v3+fastconformer+xlsr+hubert,4,cohere,1,988
whisper_v3+fastconformer+xlsr+hubert,4,cohere,2,12
whisper_v3+fastconformer+xlsr+wav2vec_sb,4,seamless_m4t,3,1000
whisper_v3+fastconformer+xlsr+wav2vec_sb,4,whisper_v3,6,26
whisper_v3+fastconformer+xlsr+wav2vec_sb,4,whisper_v3,7,974
whisper_v3+fastconformer+xlsr+wav2vec_sb,4,whisper_v2,1,55
whisper_v3+fastconformer+xlsr+wav2vec_sb,4,whisper_v2,2,945
whisper_v3+fastconformer+xlsr+wav2vec_sb,4,fastconformer,5,33
whisper_v3+fastconformer+xlsr+wav2vec_sb,4,fastconformer,6,943
whisper_v3+fastconformer+xlsr+wav2vec_sb,4,fastconformer,7,24
whisper_v3+fastconformer+xlsr+wav2vec_sb,4,xlsr,8,1000
whisper_v3+fastconformer+xlsr+wav2vec_sb,4,w2vbert,5,967
whisper_v3+fastconformer+xlsr+wav2vec_sb,4,w2vbert,6,31
whisper_v3+fastconformer+xlsr+wav2vec_sb,4,w2vbert,7,2
whisper_v3+fastconformer+xlsr+wav2vec_sb,4,hubert,4,1000
whisper_v3+fastconformer+xlsr+wav2vec_sb,4,wav2vec_sb,9,1000
whisper_v3+fastconformer+xlsr+wav2vec_sb,4,cohere,1,945
whisper_v3+fastconformer+xlsr+wav2vec_sb,4,cohere,2,55
whisper_v3+fastconformer+xlsr+cohere,4,seamless_m4t,1,5
whisper_v3+fastconformer+xlsr+cohere,4,seamless_m4t,2,826
whisper_v3+fastconformer+xlsr+cohere,4,seamless_m4t,3,67
whisper_v3+fastconformer+xlsr+cohere,4,seamless_m4t,4,40
whisper_v3+fastconformer+xlsr+cohere,4,seamless_m4t,5,62
whisper_v3+fastconformer+xlsr+cohere,4,whisper_v3,2,148
whisper_v3+fastconformer+xlsr+cohere,4,whisper_v3,3,715
whisper_v3+fastconformer+xlsr+cohere,4,whisper_v3,4,126
whisper_v3+fastconformer+xlsr+cohere,4,whisper_v3,5,11
whisper_v3+fastconformer+xlsr+cohere,4,whisper_v2,1,995
whisper_v3+fastconformer+xlsr+cohere,4,whisper_v2,2,5
whisper_v3+fastconformer+xlsr+cohere,4,fastconformer,2,16
whisper_v3+fastconformer+xlsr+cohere,4,fastconformer,3,147
whisper_v3+fastconformer+xlsr+cohere,4,fastconformer,4,555
whisper_v3+fastconformer+xlsr+cohere,4,fastconformer,5,282
whisper_v3+fastconformer+xlsr+cohere,4,xlsr,8,1000
whisper_v3+fastconformer+xlsr+cohere,4,w2vbert,7,1000
whisper_v3+fastconformer+xlsr+cohere,4,hubert,6,1000
whisper_v3+fastconformer+xlsr+cohere,4,wav2vec_sb,9,1000
whisper_v3+fastconformer+xlsr+cohere,4,cohere,2,5
whisper_v3+fastconformer+xlsr+cohere,4,cohere,3,71
whisper_v3+fastconformer+xlsr+cohere,4,cohere,4,279
whisper_v3+fastconformer+xlsr+cohere,4,cohere,5,645
whisper_v3+fastconformer+w2vbert+hubert,4,seamless_m4t,3,1000
whisper_v3+fastconformer+w2vbert+hubert,4,whisper_v3,4,179
whisper_v3+fastconformer+w2vbert+hubert,4,whisper_v3,5,821
whisper_v3+fastconformer+w2vbert+hubert,4,whisper_v2,1,5
whisper_v3+fastconformer+w2vbert+hubert,4,whisper_v2,2,995
whisper_v3+fastconformer+w2vbert+hubert,4,fastconformer,4,821
whisper_v3+fastconformer+w2vbert+hubert,4,fastconformer,5,179
whisper_v3+fastconformer+w2vbert+hubert,4,xlsr,8,1000
whisper_v3+fastconformer+w2vbert+hubert,4,w2vbert,7,1000
whisper_v3+fastconformer+w2vbert+hubert,4,hubert,6,1000
whisper_v3+fastconformer+w2vbert+hubert,4,wav2vec_sb,9,1000
whisper_v3+fastconformer+w2vbert+hubert,4,cohere,1,995
whisper_v3+fastconformer+w2vbert+hubert,4,cohere,2,5
whisper_v3+fastconformer+w2vbert+wav2vec_sb,4,seamless_m4t,3,1000
whisper_v3+fastconformer+w2vbert+wav2vec_sb,4,whisper_v3,5,87
whisper_v3+fastconformer+w2vbert+wav2vec_sb,4,whisper_v3,6,913
whisper_v3+fastconformer+w2vbert+wav2vec_sb,4,whisper_v2,1,66
whisper_v3+fastconformer+w2vbert+wav2vec_sb,4,whisper_v2,2,934
whisper_v3+fastconformer+w2vbert+wav2vec_sb,4,fastconformer,5,913
whisper_v3+fastconformer+w2vbert+wav2vec_sb,4,fastconformer,6,87
whisper_v3+fastconformer+w2vbert+wav2vec_sb,4,xlsr,8,1000
whisper_v3+fastconformer+w2vbert+wav2vec_sb,4,w2vbert,7,1000
whisper_v3+fastconformer+w2vbert+wav2vec_sb,4,hubert,4,1000
whisper_v3+fastconformer+w2vbert+wav2vec_sb,4,wav2vec_sb,9,1000
whisper_v3+fastconformer+w2vbert+wav2vec_sb,4,cohere,1,934
whisper_v3+fastconformer+w2vbert+wav2vec_sb,4,cohere,2,66
whisper_v3+fastconformer+w2vbert+cohere,4,seamless_m4t,1,2
whisper_v3+fastconformer+w2vbert+cohere,4,seamless_m4t,2,578
whisper_v3+fastconformer+w2vbert+cohere,4,seamless_m4t,3,59
whisper_v3+fastconformer+w2vbert+cohere,4,seamless_m4t,4,81
whisper_v3+fastconformer+w2vbert+cohere,4,seamless_m4t,5,280
whisper_v3+fastconformer+w2vbert+cohere,4,whisper_v3,2,228
whisper_v3+fastconformer+w2vbert+cohere,4,whisper_v3,3,431
whisper_v3+fastconformer+w2vbert+cohere,4,whisper_v3,4,247
whisper_v3+fastconformer+w2vbert+cohere,4,whisper_v3,5,94
whisper_v3+fastconformer+w2vbert+cohere,4,whisper_v2,1,998
whisper_v3+fastconformer+w2vbert+cohere,4,whisper_v2,2,2
whisper_v3+fastconformer+w2vbert+cohere,4,fastconformer,2,122
whisper_v3+fastconformer+w2vbert+cohere,4,fastconformer,3,308
whisper_v3+fastconformer+w2vbert+cohere,4,fastconformer,4,356
whisper_v3+fastconformer+w2vbert+cohere,4,fastconformer,5,214
whisper_v3+fastconformer+w2vbert+cohere,4,xlsr,8,1000
whisper_v3+fastconformer+w2vbert+cohere,4,w2vbert,7,1000
whisper_v3+fastconformer+w2vbert+cohere,4,hubert,6,1000
whisper_v3+fastconformer+w2vbert+cohere,4,wav2vec_sb,9,1000
whisper_v3+fastconformer+w2vbert+cohere,4,cohere,2,70
whisper_v3+fastconformer+w2vbert+cohere,4,cohere,3,202
whisper_v3+fastconformer+w2vbert+cohere,4,cohere,4,316
whisper_v3+fastconformer+w2vbert+cohere,4,cohere,5,412
whisper_v3+fastconformer+hubert+wav2vec_sb,4,seamless_m4t,3,1000
whisper_v3+fastconformer+hubert+wav2vec_sb,4,whisper_v3,4,698
whisper_v3+fastconformer+hubert+wav2vec_sb,4,whisper_v3,5,302
whisper_v3+fastconformer+hubert+wav2vec_sb,4,whisper_v2,1,10
whisper_v3+fastconformer+hubert+wav2vec_sb,4,whisper_v2,2,990
whisper_v3+fastconformer+hubert+wav2vec_sb,4,fastconformer,4,302
whisper_v3+fastconformer+hubert+wav2vec_sb,4,fastconformer,5,698
whisper_v3+fastconformer+hubert+wav2vec_sb,4,xlsr,8,1000
whisper_v3+fastconformer+hubert+wav2vec_sb,4,w2vbert,7,1000
whisper_v3+fastconformer+hubert+wav2vec_sb,4,hubert,6,1000
whisper_v3+fastconformer+hubert+wav2vec_sb,4,wav2vec_sb,9,1000
whisper_v3+fastconformer+hubert+wav2vec_sb,4,cohere,1,990
whisper_v3+fastconformer+hubert+wav2vec_sb,4,cohere,2,10
whisper_v3+fastconformer+hubert+cohere,4,seamless_m4t,1,3
whisper_v3+fastconformer+hubert+cohere,4,seamless_m4t,2,35
whisper_v3+fastconformer+hubert+cohere,4,seamless_m4t,3,28
whisper_v3+fastconformer+hubert+cohere,4,seamless_m4t,4,85
whisper_v3+fastconformer+hubert+cohere,4,seamless_m4t,5,849
whisper_v3+fastconformer+hubert+cohere,4,whisper_v3,1,1
whisper_v3+fastconformer+hubert+cohere,4,whisper_v3,2,608
whisper_v3+fastconformer+hubert+cohere,4,whisper_v3,3,323
whisper_v3+fastconformer+hubert+cohere,4,whisper_v3,4,67
whisper_v3+fastconformer+hubert+cohere,4,whisper_v3,5,1
whisper_v3+fastconformer+hubert+cohere,4,whisper_v2,1,987
whisper_v3+fastconformer+hubert+cohere,4,whisper_v2,2,11
whisper_v3+fastconformer+hubert+cohere,4,whisper_v2,3,2
whisper_v3+fastconformer+hubert+cohere,4,fastconformer,1,9
whisper_v3+fastconformer+hubert+cohere,4,fastconformer,2,316
whisper_v3+fastconformer+hubert+cohere,4,fastconformer,3,545
whisper_v3+fastconformer+hubert+cohere,4,fastconformer,4,123
whisper_v3+fastconformer+hubert+cohere,4,fastconformer,5,7
whisper_v3+fastconformer+hubert+cohere,4,xlsr,8,1000
whisper_v3+fastconformer+hubert+cohere,4,w2vbert,7,1000
whisper_v3+fastconformer+hubert+cohere,4,hubert,6,1000
whisper_v3+fastconformer+hubert+cohere,4,wav2vec_sb,9,1000
whisper_v3+fastconformer+hubert+cohere,4,cohere,2,30
whisper_v3+fastconformer+hubert+cohere,4,cohere,3,102
whisper_v3+fastconformer+hubert+cohere,4,cohere,4,725
whisper_v3+fastconformer+hubert+cohere,4,cohere,5,143
whisper_v3+fastconformer+wav2vec_sb+cohere,4,seamless_m4t,1,9
whisper_v3+fastconformer+wav2vec_sb+cohere,4,seamless_m4t,2,883
whisper_v3+fastconformer+wav2vec_sb+cohere,4,seamless_m4t,3,42
whisper_v3+fastconformer+wav2vec_sb+cohere,4,seamless_m4t,4,19
whisper_v3+fastconformer+wav2vec_sb+cohere,4,seamless_m4t,5,47
whisper_v3+fastconformer+wav2vec_sb+cohere,4,whisper_v3,2,23
whisper_v3+fastconformer+wav2vec_sb+cohere,4,whisper_v3,3,178
whisper_v3+fastconformer+wav2vec_sb+cohere,4,whisper_v3,4,455
whisper_v3+fastconformer+wav2vec_sb+cohere,4,whisper_v3,5,344
whisper_v3+fastconformer+wav2vec_sb+cohere,4,whisper_v2,1,991
whisper_v3+fastconformer+wav2vec_sb+cohere,4,whisper_v2,2,9
whisper_v3+fastconformer+wav2vec_sb+cohere,4,fastconformer,2,79
whisper_v3+fastconformer+wav2vec_sb+cohere,4,fastconformer,3,690
whisper_v3+fastconformer+wav2vec_sb+cohere,4,fastconformer,4,188
whisper_v3+fastconformer+wav2vec_sb+cohere,4,fastconformer,5,43
whisper_v3+fastconformer+wav2vec_sb+cohere,4,xlsr,8,1000
whisper_v3+fastconformer+wav2vec_sb+cohere,4,w2vbert,7,1000
whisper_v3+fastconformer+wav2vec_sb+cohere,4,hubert,6,1000
whisper_v3+fastconformer+wav2vec_sb+cohere,4,wav2vec_sb,9,1000
whisper_v3+fastconformer+wav2vec_sb+cohere,4,cohere,2,6
whisper_v3+fastconformer+wav2vec_sb+cohere,4,cohere,3,90
whisper_v3+fastconformer+wav2vec_sb+cohere,4,cohere,4,338
whisper_v3+fastconformer+wav2vec_sb+cohere,4,cohere,5,566
whisper_v3+xlsr+w2vbert+hubert,4,seamless_m4t,4,1000
whisper_v3+xlsr+w2vbert+hubert,4,whisper_v3,6,1000
whisper_v3+xlsr+w2vbert+hubert,4,whisper_v2,1,998
whisper_v3+xlsr+w2vbert+hubert,4,whisper_v2,2,2
whisper_v3+xlsr+w2vbert+hubert,4,fastconformer,1,2
whisper_v3+xlsr+w2vbert+hubert,4,fastconformer,2,994
whisper_v3+xlsr+w2vbert+hubert,4,fastconformer,3,4
whisper_v3+xlsr+w2vbert+hubert,4,xlsr,8,1000
whisper_v3+xlsr+w2vbert+hubert,4,w2vbert,7,1000
whisper_v3+xlsr+w2vbert+hubert,4,hubert,5,1000
whisper_v3+xlsr+w2vbert+hubert,4,wav2vec_sb,9,1000
whisper_v3+xlsr+w2vbert+hubert,4,cohere,2,4
whisper_v3+xlsr+w2vbert+hubert,4,cohere,3,996
whisper_v3+xlsr+w2vbert+wav2vec_sb,4,seamless_m4t,4,1000
whisper_v3+xlsr+w2vbert+wav2vec_sb,4,whisper_v3,9,1000
whisper_v3+xlsr+w2vbert+wav2vec_sb,4,whisper_v2,1,956
whisper_v3+xlsr+w2vbert+wav2vec_sb,4,whisper_v2,2,44
whisper_v3+xlsr+w2vbert+wav2vec_sb,4,fastconformer,1,44
whisper_v3+xlsr+w2vbert+wav2vec_sb,4,fastconformer,2,954
whisper_v3+xlsr+w2vbert+wav2vec_sb,4,fastconformer,3,2
whisper_v3+xlsr+w2vbert+wav2vec_sb,4,xlsr,6,59
whisper_v3+xlsr+w2vbert+wav2vec_sb,4,xlsr,7,941
whisper_v3+xlsr+w2vbert+wav2vec_sb,4,w2vbert,6,941
whisper_v3+xlsr+w2vbert+wav2vec_sb,4,w2vbert,7,59
whisper_v3+xlsr+w2vbert+wav2vec_sb,4,hubert,5,1000
whisper_v3+xlsr+w2vbert+wav2vec_sb,4,wav2vec_sb,8,1000
whisper_v3+xlsr+w2vbert+wav2vec_sb,4,cohere,2,2
whisper_v3+xlsr+w2vbert+wav2vec_sb,4,cohere,3,998
whisper_v3+xlsr+w2vbert+cohere,4,seamless_m4t,3,1000
whisper_v3+xlsr+w2vbert+cohere,4,whisper_v3,5,1000
whisper_v3+xlsr+w2vbert+cohere,4,whisper_v2,1,990
whisper_v3+xlsr+w2vbert+cohere,4,whisper_v2,2,10
whisper_v3+xlsr+w2vbert+cohere,4,fastconformer,1,10
whisper_v3+xlsr+w2vbert+cohere,4,fastconformer,2,990
whisper_v3+xlsr+w2vbert+cohere,4,xlsr,8,1000
whisper_v3+xlsr+w2vbert+cohere,4,w2vbert,7,1000
whisper_v3+xlsr+w2vbert+cohere,4,hubert,4,1000
whisper_v3+xlsr+w2vbert+cohere,4,wav2vec_sb,9,1000
whisper_v3+xlsr+w2vbert+cohere,4,cohere,6,1000
whisper_v3+xlsr+hubert+wav2vec_sb,4,seamless_m4t,4,1000
whisper_v3+xlsr+hubert+wav2vec_sb,4,whisper_v3,7,473
whisper_v3+xlsr+hubert+wav2vec_sb,4,whisper_v3,8,527
whisper_v3+xlsr+hubert+wav2vec_sb,4,whisper_v2,1,1000
whisper_v3+xlsr+hubert+wav2vec_sb,4,fastconformer,2,986
whisper_v3+xlsr+hubert+wav2vec_sb,4,fastconformer,3,14
whisper_v3+xlsr+hubert+wav2vec_sb,4,xlsr,7,527
whisper_v3+xlsr+hubert+wav2vec_sb,4,xlsr,8,473
whisper_v3+xlsr+hubert+wav2vec_sb,4,w2vbert,5,1000
whisper_v3+xlsr+hubert+wav2vec_sb,4,hubert,6,1000
whisper_v3+xlsr+hubert+wav2vec_sb,4,wav2vec_sb,9,1000
whisper_v3+xlsr+hubert+wav2vec_sb,4,cohere,2,14
whisper_v3+xlsr+hubert+wav2vec_sb,4,cohere,3,986
whisper_v3+xlsr+hubert+cohere,4,seamless_m4t,3,1000
whisper_v3+xlsr+hubert+cohere,4,whisper_v3,4,1000
whisper_v3+xlsr+hubert+cohere,4,whisper_v2,1,845
whisper_v3+xlsr+hubert+cohere,4,whisper_v2,2,155
whisper_v3+xlsr+hubert+cohere,4,fastconformer,1,155
whisper_v3+xlsr+hubert+cohere,4,fastconformer,2,845
whisper_v3+xlsr+hubert+cohere,4,xlsr,8,1000
whisper_v3+xlsr+hubert+cohere,4,w2vbert,7,1000
whisper_v3+xlsr+hubert+cohere,4,hubert,6,1000
whisper_v3+xlsr+hubert+cohere,4,wav2vec_sb,9,1000
whisper_v3+xlsr+hubert+cohere,4,cohere,5,1000
whisper_v3+xlsr+wav2vec_sb+cohere,4,seamless_m4t,3,1000
whisper_v3+xlsr+wav2vec_sb+cohere,4,whisper_v3,5,18
whisper_v3+xlsr+wav2vec_sb+cohere,4,whisper_v3,6,981
whisper_v3+xlsr+wav2vec_sb+cohere,4,whisper_v3,7,1
whisper_v3+xlsr+wav2vec_sb+cohere,4,whisper_v2,1,999
whisper_v3+xlsr+wav2vec_sb+cohere,4,whisper_v2,2,1
whisper_v3+xlsr+wav2vec_sb+cohere,4,fastconformer,1,1
whisper_v3+xlsr+wav2vec_sb+cohere,4,fastconformer,2,999
whisper_v3+xlsr+wav2vec_sb+cohere,4,xlsr,8,1000
whisper_v3+xlsr+wav2vec_sb+cohere,4,w2vbert,5,982
whisper_v3+xlsr+wav2vec_sb+cohere,4,w2vbert,6,18
whisper_v3+xlsr+wav2vec_sb+cohere,4,hubert,4,1000
whisper_v3+xlsr+wav2vec_sb+cohere,4,wav2vec_sb,9,1000
whisper_v3+xlsr+wav2vec_sb+cohere,4,cohere,6,1
whisper_v3+xlsr+wav2vec_sb+cohere,4,cohere,7,999
whisper_v3+w2vbert+hubert+wav2vec_sb,4,seamless_m4t,4,1000
whisper_v3+w2vbert+hubert+wav2vec_sb,4,whisper_v3,6,1000
whisper_v3+w2vbert+hubert+wav2vec_sb,4,whisper_v2,1,998
whisper_v3+w2vbert+hubert+wav2vec_sb,4,whisper_v2,2,2
whisper_v3+w2vbert+hubert+wav2vec_sb,4,fastconformer,1,2
whisper_v3+w2vbert+hubert+wav2vec_sb,4,fastconformer,2,986
whisper_v3+w2vbert+hubert+wav2vec_sb,4,fastconformer,3,12
whisper_v3+w2vbert+hubert+wav2vec_sb,4,xlsr,8,1000
whisper_v3+w2vbert+hubert+wav2vec_sb,4,w2vbert,7,1000
whisper_v3+w2vbert+hubert+wav2vec_sb,4,hubert,5,1000
whisper_v3+w2vbert+hubert+wav2vec_sb,4,wav2vec_sb,9,1000
whisper_v3+w2vbert+hubert+wav2vec_sb,4,cohere,2,12
whisper_v3+w2vbert+hubert+wav2vec_sb,4,cohere,3,988
whisper_v3+w2vbert+hubert+cohere,4,seamless_m4t,3,1000
whisper_v3+w2vbert+hubert+cohere,4,whisper_v3,4,1000
whisper_v3+w2vbert+hubert+cohere,4,whisper_v2,1,966
whisper_v3+w2vbert+hubert+cohere,4,whisper_v2,2,34
whisper_v3+w2vbert+hubert+cohere,4,fastconformer,1,34
whisper_v3+w2vbert+hubert+cohere,4,fastconformer,2,966
whisper_v3+w2vbert+hubert+cohere,4,xlsr,8,1000
whisper_v3+w2vbert+hubert+cohere,4,w2vbert,7,1000
whisper_v3+w2vbert+hubert+cohere,4,hubert,6,1000
whisper_v3+w2vbert+hubert+cohere,4,wav2vec_sb,9,1000
whisper_v3+w2vbert+hubert+cohere,4,cohere,5,1000
whisper_v3+w2vbert+wav2vec_sb+cohere,4,seamless_m4t,3,1000
whisper_v3+w2vbert+wav2vec_sb+cohere,4,whisper_v3,5,998
whisper_v3+w2vbert+wav2vec_sb+cohere,4,whisper_v3,6,2
whisper_v3+w2vbert+wav2vec_sb+cohere,4,whisper_v2,1,998
whisper_v3+w2vbert+wav2vec_sb+cohere,4,whisper_v2,2,2
whisper_v3+w2vbert+wav2vec_sb+cohere,4,fastconformer,1,2
whisper_v3+w2vbert+wav2vec_sb+cohere,4,fastconformer,2,998
whisper_v3+w2vbert+wav2vec_sb+cohere,4,xlsr,8,1000
whisper_v3+w2vbert+wav2vec_sb+cohere,4,w2vbert,7,1000
whisper_v3+w2vbert+wav2vec_sb+cohere,4,hubert,4,1000
whisper_v3+w2vbert+wav2vec_sb+cohere,4,wav2vec_sb,9,1000
whisper_v3+w2vbert+wav2vec_sb+cohere,4,cohere,5,2
whisper_v3+w2vbert+wav2vec_sb+cohere,4,cohere,6,998
whisper_v3+hubert+wav2vec_sb+cohere,4,seamless_m4t,3,1000
whisper_v3+hubert+wav2vec_sb+cohere,4,whisper_v3,4,1000
whisper_v3+hubert+wav2vec_sb+cohere,4,whisper_v2,1,818
whisper_v3+hubert+wav2vec_sb+cohere,4,whisper_v2,2,182
whisper_v3+hubert+wav2vec_sb+cohere,4,fastconformer,1,182
whisper_v3+hubert+wav2vec_sb+cohere,4,fastconformer,2,818
whisper_v3+hubert+wav2vec_sb+cohere,4,xlsr,8,1000
whisper_v3+hubert+wav2vec_sb+cohere,4,w2vbert,7,1000
whisper_v3+hubert+wav2vec_sb+cohere,4,hubert,6,1000
whisper_v3+hubert+wav2vec_sb+cohere,4,wav2vec_sb,9,1000
whisper_v3+hubert+wav2vec_sb+cohere,4,cohere,5,1000
whisper_v2+fastconformer+xlsr+w2vbert,4,seamless_m4t,3,1000
whisper_v2+fastconformer+xlsr+w2vbert,4,whisper_v3,1,1000
whisper_v2+fastconformer+xlsr+w2vbert,4,whisper_v2,6,1000
whisper_v2+fastconformer+xlsr+w2vbert,4,fastconformer,5,1000
whisper_v2+fastconformer+xlsr+w2vbert,4,xlsr,8,1000
whisper_v2+fastconformer+xlsr+w2vbert,4,w2vbert,7,1000
whisper_v2+fastconformer+xlsr+w2vbert,4,hubert,4,1000
whisper_v2+fastconformer+xlsr+w2vbert,4,wav2vec_sb,9,1000
whisper_v2+fastconformer+xlsr+w2vbert,4,cohere,2,1000
whisper_v2+fastconformer+xlsr+hubert,4,seamless_m4t,3,1000
whisper_v2+fastconformer+xlsr+hubert,4,whisper_v3,1,1000
whisper_v2+fastconformer+xlsr+hubert,4,whisper_v2,5,1000
whisper_v2+fastconformer+xlsr+hubert,4,fastconformer,4,1000
whisper_v2+fastconformer+xlsr+hubert,4,xlsr,8,1000
whisper_v2+fastconformer+xlsr+hubert,4,w2vbert,7,1000
whisper_v2+fastconformer+xlsr+hubert,4,hubert,6,1000
whisper_v2+fastconformer+xlsr+hubert,4,wav2vec_sb,9,1000
whisper_v2+fastconformer+xlsr+hubert,4,cohere,2,1000
whisper_v2+fastconformer+xlsr+wav2vec_sb,4,seamless_m4t,3,1000
whisper_v2+fastconformer+xlsr+wav2vec_sb,4,whisper_v3,1,1000
whisper_v2+fastconformer+xlsr+wav2vec_sb,4,whisper_v2,7,1000
whisper_v2+fastconformer+xlsr+wav2vec_sb,4,fastconformer,6,1000
whisper_v2+fastconformer+xlsr+wav2vec_sb,4,xlsr,8,1000
whisper_v2+fastconformer+xlsr+wav2vec_sb,4,w2vbert,5,1000
whisper_v2+fastconformer+xlsr+wav2vec_sb,4,hubert,4,1000
whisper_v2+fastconformer+xlsr+wav2vec_sb,4,wav2vec_sb,9,1000
whisper_v2+fastconformer+xlsr+wav2vec_sb,4,cohere,2,1000
whisper_v2+fastconformer+xlsr+cohere,4,seamless_m4t,2,997
whisper_v2+fastconformer+xlsr+cohere,4,seamless_m4t,3,1
whisper_v2+fastconformer+xlsr+cohere,4,seamless_m4t,4,2
whisper_v2+fastconformer+xlsr+cohere,4,whisper_v3,1,1000
whisper_v2+fastconformer+xlsr+cohere,4,whisper_v2,5,1000
whisper_v2+fastconformer+xlsr+cohere,4,fastconformer,2,3
whisper_v2+fastconformer+xlsr+cohere,4,fastconformer,3,914
whisper_v2+fastconformer+xlsr+cohere,4,fastconformer,4,83
whisper_v2+fastconformer+xlsr+cohere,4,xlsr,8,1000
whisper_v2+fastconformer+xlsr+cohere,4,w2vbert,7,1000
whisper_v2+fastconformer+xlsr+cohere,4,hubert,6,1000
whisper_v2+fastconformer+xlsr+cohere,4,wav2vec_sb,9,1000
whisper_v2+fastconformer+xlsr+cohere,4,cohere,3,85
whisper_v2+fastconformer+xlsr+cohere,4,cohere,4,915
whisper_v2+fastconformer+w2vbert+hubert,4,seamless_m4t,3,1000
whisper_v2+fastconformer+w2vbert+hubert,4,whisper_v3,1,1000
whisper_v2+fastconformer+w2vbert+hubert,4,whisper_v2,5,1000
whisper_v2+fastconformer+w2vbert+hubert,4,fastconformer,4,1000
whisper_v2+fastconformer+w2vbert+hubert,4,xlsr,8,1000
whisper_v2+fastconformer+w2vbert+hubert,4,w2vbert,7,1000
whisper_v2+fastconformer+w2vbert+hubert,4,hubert,6,1000
whisper_v2+fastconformer+w2vbert+hubert,4,wav2vec_sb,9,1000
whisper_v2+fastconformer+w2vbert+hubert,4,cohere,2,1000
whisper_v2+fastconformer+w2vbert+wav2vec_sb,4,seamless_m4t,3,1000
whisper_v2+fastconformer+w2vbert+wav2vec_sb,4,whisper_v3,1,1000
whisper_v2+fastconformer+w2vbert+wav2vec_sb,4,whisper_v2,6,1000
whisper_v2+fastconformer+w2vbert+wav2vec_sb,4,fastconformer,5,1000
whisper_v2+fastconformer+w2vbert+wav2vec_sb,4,xlsr,8,1000
whisper_v2+fastconformer+w2vbert+wav2vec_sb,4,w2vbert,7,1000
whisper_v2+fastconformer+w2vbert+wav2vec_sb,4,hubert,4,1000
whisper_v2+fastconformer+w2vbert+wav2vec_sb,4,wav2vec_sb,9,1000
whisper_v2+fastconformer+w2vbert+wav2vec_sb,4,cohere,2,1000
whisper_v2+fastconformer+w2vbert+cohere,4,seamless_m4t,2,963
whisper_v2+fastconformer+w2vbert+cohere,4,seamless_m4t,3,16
whisper_v2+fastconformer+w2vbert+cohere,4,seamless_m4t,4,21
whisper_v2+fastconformer+w2vbert+cohere,4,whisper_v3,1,1000
whisper_v2+fastconformer+w2vbert+cohere,4,whisper_v2,5,1000
whisper_v2+fastconformer+w2vbert+cohere,4,fastconformer,2,21
whisper_v2+fastconformer+w2vbert+cohere,4,fastconformer,3,666
whisper_v2+fastconformer+w2vbert+cohere,4,fastconformer,4,313
whisper_v2+fastconformer+w2vbert+cohere,4,xlsr,8,1000
whisper_v2+fastconformer+w2vbert+cohere,4,w2vbert,7,1000
whisper_v2+fastconformer+w2vbert+cohere,4,hubert,6,1000
whisper_v2+fastconformer+w2vbert+cohere,4,wav2vec_sb,9,1000
whisper_v2+fastconformer+w2vbert+cohere,4,cohere,2,16
whisper_v2+fastconformer+w2vbert+cohere,4,cohere,3,318
whisper_v2+fastconformer+w2vbert+cohere,4,cohere,4,666
whisper_v2+fastconformer+hubert+wav2vec_sb,4,seamless_m4t,3,1000
whisper_v2+fastconformer+hubert+wav2vec_sb,4,whisper_v3,1,1000
whisper_v2+fastconformer+hubert+wav2vec_sb,4,whisper_v2,5,1000
whisper_v2+fastconformer+hubert+wav2vec_sb,4,fastconformer,4,1000
whisper_v2+fastconformer+hubert+wav2vec_sb,4,xlsr,8,1000
whisper_v2+fastconformer+hubert+wav2vec_sb,4,w2vbert,7,1000
whisper_v2+fastconformer+hubert+wav2vec_sb,4,hubert,6,1000
whisper_v2+fastconformer+hubert+wav2vec_sb,4,wav2vec_sb,9,1000
whisper_v2+fastconformer+hubert+wav2vec_sb,4,cohere,2,1000
whisper_v2+fastconformer+hubert+cohere,4,seamless_m4t,2,300
whisper_v2+fastconformer+hubert+cohere,4,seamless_m4t,3,296
whisper_v2+fastconformer+hubert+cohere,4,seamless_m4t,4,398
whisper_v2+fastconformer+hubert+cohere,4,seamless_m4t,5,6
whisper_v2+fastconformer+hubert+cohere,4,whisper_v3,1,1000
whisper_v2+fastconformer+hubert+cohere,4,whisper_v2,4,6
whisper_v2+fastconformer+hubert+cohere,4,whisper_v2,5,994
whisper_v2+fastconformer+hubert+cohere,4,fastconformer,2,692
whisper_v2+fastconformer+hubert+cohere,4,fastconformer,3,307
whisper_v2+fastconformer+hubert+cohere,4,fastconformer,4,1
whisper_v2+fastconformer+hubert+cohere,4,xlsr,8,1000
whisper_v2+fastconformer+hubert+cohere,4,w2vbert,7,1000
whisper_v2+fastconformer+hubert+cohere,4,hubert,6,1000
whisper_v2+fastconformer+hubert+cohere,4,wav2vec_sb,9,1000
whisper_v2+fastconformer+hubert+cohere,4,cohere,2,8
whisper_v2+fastconformer+hubert+cohere,4,cohere,3,397
whisper_v2+fastconformer+hubert+cohere,4,cohere,4,595
whisper_v2+fastconformer+wav2vec_sb+cohere,4,seamless_m4t,2,993
whisper_v2+fastconformer+wav2vec_sb+cohere,4,seamless_m4t,3,6
whisper_v2+fastconformer+wav2vec_sb+cohere,4,seamless_m4t,4,1
whisper_v2+fastconformer+wav2vec_sb+cohere,4,whisper_v3,1,1000
whisper_v2+fastconformer+wav2vec_sb+cohere,4,whisper_v2,5,1000
whisper_v2+fastconformer+wav2vec_sb+cohere,4,fastconformer,2,7
whisper_v2+fastconformer+wav2vec_sb+cohere,4,fastconformer,3,945
whisper_v2+fastconformer+wav2vec_sb+cohere,4,fastconformer,4,48
whisper_v2+fastconformer+wav2vec_sb+cohere,4,xlsr,8,1000
whisper_v2+fastconformer+wav2vec_sb+cohere,4,w2vbert,7,1000
whisper_v2+fastconformer+wav2vec_sb+cohere,4,hubert,6,1000
whisper_v2+fastconformer+wav2vec_sb+cohere,4,wav2vec_sb,9,1000
whisper_v2+fastconformer+wav2vec_sb+cohere,4,cohere,3,49
whisper_v2+fastconformer+wav2vec_sb+cohere,4,cohere,4,951
whisper_v2+xlsr+w2vbert+hubert,4,seamless_m4t,4,1000
whisper_v2+xlsr+w2vbert+hubert,4,whisper_v3,1,1000
whisper_v2+xlsr+w2vbert+hubert,4,whisper_v2,6,1000
whisper_v2+xlsr+w2vbert+hubert,4,fastconformer,2,1000
whisper_v2+xlsr+w2vbert+hubert,4,xlsr,8,1000
whisper_v2+xlsr+w2vbert+hubert,4,w2vbert,7,1000
whisper_v2+xlsr+w2vbert+hubert,4,hubert,5,1000
whisper_v2+xlsr+w2vbert+hubert,4,wav2vec_sb,9,1000
whisper_v2+xlsr+w2vbert+hubert,4,cohere,3,1000
whisper_v2+xlsr+w2vbert+wav2vec_sb,4,seamless_m4t,4,999
whisper_v2+xlsr+w2vbert+wav2vec_sb,4,seamless_m4t,5,1
whisper_v2+xlsr+w2vbert+wav2vec_sb,4,whisper_v3,1,1000
whisper_v2+xlsr+w2vbert+wav2vec_sb,4,whisper_v2,9,1000
whisper_v2+xlsr+w2vbert+wav2vec_sb,4,fastconformer,2,1000
whisper_v2+xlsr+w2vbert+wav2vec_sb,4,xlsr,6,7
whisper_v2+xlsr+w2vbert+wav2vec_sb,4,xlsr,7,993
whisper_v2+xlsr+w2vbert+wav2vec_sb,4,w2vbert,6,993
whisper_v2+xlsr+w2vbert+wav2vec_sb,4,w2vbert,7,7
whisper_v2+xlsr+w2vbert+wav2vec_sb,4,hubert,4,1
whisper_v2+xlsr+w2vbert+wav2vec_sb,4,hubert,5,999
whisper_v2+xlsr+w2vbert+wav2vec_sb,4,wav2vec_sb,8,1000
whisper_v2+xlsr+w2vbert+wav2vec_sb,4,cohere,3,1000
whisper_v2+xlsr+w2vbert+cohere,4,seamless_m4t,3,1000
whisper_v2+xlsr+w2vbert+cohere,4,whisper_v3,1,1000
whisper_v2+xlsr+w2vbert+cohere,4,whisper_v2,5,319
whisper_v2+xlsr+w2vbert+cohere,4,whisper_v2,6,681
whisper_v2+xlsr+w2vbert+cohere,4,fastconformer,2,1000
whisper_v2+xlsr+w2vbert+cohere,4,xlsr,8,1000
whisper_v2+xlsr+w2vbert+cohere,4,w2vbert,7,1000
whisper_v2+xlsr+w2vbert+cohere,4,hubert,4,1000
whisper_v2+xlsr+w2vbert+cohere,4,wav2vec_sb,9,1000
whisper_v2+xlsr+w2vbert+cohere,4,cohere,5,681
whisper_v2+xlsr+w2vbert+cohere,4,cohere,6,319
whisper_v2+xlsr+hubert+wav2vec_sb,4,seamless_m4t,4,1000
whisper_v2+xlsr+hubert+wav2vec_sb,4,whisper_v3,1,1000
whisper_v2+xlsr+hubert+wav2vec_sb,4,whisper_v2,8,1000
whisper_v2+xlsr+hubert+wav2vec_sb,4,fastconformer,2,1000
whisper_v2+xlsr+hubert+wav2vec_sb,4,xlsr,7,1000
whisper_v2+xlsr+hubert+wav2vec_sb,4,w2vbert,5,1000
whisper_v2+xlsr+hubert+wav2vec_sb,4,hubert,6,1000
whisper_v2+xlsr+hubert+wav2vec_sb,4,wav2vec_sb,9,1000
whisper_v2+xlsr+hubert+wav2vec_sb,4,cohere,3,1000
whisper_v2+xlsr+hubert+cohere,4,seamless_m4t,3,1000
whisper_v2+xlsr+hubert+cohere,4,whisper_v3,1,1000
whisper_v2+xlsr+hubert+cohere,4,whisper_v2,4,970
whisper_v2+xlsr+hubert+cohere,4,whisper_v2,5,30
whisper_v2+xlsr+hubert+cohere,4,fastconformer,2,1000
whisper_v2+xlsr+hubert+cohere,4,xlsr,8,1000
whisper_v2+xlsr+hubert+cohere,4,w2vbert,7,1000
whisper_v2+xlsr+hubert+cohere,4,hubert,6,1000
whisper_v2+xlsr+hubert+cohere,4,wav2vec_sb,9,1000
whisper_v2+xlsr+hubert+cohere,4,cohere,4,30
whisper_v2+xlsr+hubert+cohere,4,cohere,5,970
whisper_v2+xlsr+wav2vec_sb+cohere,4,seamless_m4t,3,1000
whisper_v2+xlsr+wav2vec_sb+cohere,4,whisper_v3,1,1000
whisper_v2+xlsr+wav2vec_sb+cohere,4,whisper_v2,6,350
whisper_v2+xlsr+wav2vec_sb+cohere,4,whisper_v2,7,650
whisper_v2+xlsr+wav2vec_sb+cohere,4,fastconformer,2,1000
whisper_v2+xlsr+wav2vec_sb+cohere,4,xlsr,8,1000
whisper_v2+xlsr+wav2vec_sb+cohere,4,w2vbert,5,1000
whisper_v2+xlsr+wav2vec_sb+cohere,4,hubert,4,1000
whisper_v2+xlsr+wav2vec_sb+cohere,4,wav2vec_sb,9,1000
whisper_v2+xlsr+wav2vec_sb+cohere,4,cohere,6,650
whisper_v2+xlsr+wav2vec_sb+cohere,4,cohere,7,350
whisper_v2+w2vbert+hubert+wav2vec_sb,4,seamless_m4t,4,1000
whisper_v2+w2vbert+hubert+wav2vec_sb,4,whisper_v3,1,1000
whisper_v2+w2vbert+hubert+wav2vec_sb,4,whisper_v2,6,976
whisper_v2+w2vbert+hubert+wav2vec_sb,4,whisper_v2,7,24
whisper_v2+w2vbert+hubert+wav2vec_sb,4,fastconformer,2,999
whisper_v2+w2vbert+hubert+wav2vec_sb,4,fastconformer,3,1
whisper_v2+w2vbert+hubert+wav2vec_sb,4,xlsr,8,1000
whisper_v2+w2vbert+hubert+wav2vec_sb,4,w2vbert,6,24
whisper_v2+w2vbert+hubert+wav2vec_sb,4,w2vbert,7,976
whisper_v2+w2vbert+hubert+wav2vec_sb,4,hubert,5,1000
whisper_v2+w2vbert+hubert+wav2vec_sb,4,wav2vec_sb,9,1000
whisper_v2+w2vbert+hubert+wav2vec_sb,4,cohere,2,1
whisper_v2+w2vbert+hubert+wav2vec_sb,4,cohere,3,999
whisper_v2+w2vbert+hubert+cohere,4,seamless_m4t,3,1000
whisper_v2+w2vbert+hubert+cohere,4,whisper_v3,1,1000
whisper_v2+w2vbert+hubert+cohere,4,whisper_v2,4,831
whisper_v2+w2vbert+hubert+cohere,4,whisper_v2,5,169
whisper_v2+w2vbert+hubert+cohere,4,fastconformer,2,1000
whisper_v2+w2vbert+hubert+cohere,4,xlsr,8,1000
whisper_v2+w2vbert+hubert+cohere,4,w2vbert,7,1000
whisper_v2+w2vbert+hubert+cohere,4,hubert,6,1000
whisper_v2+w2vbert+hubert+cohere,4,wav2vec_sb,9,1000
whisper_v2+w2vbert+hubert+cohere,4,cohere,4,169
whisper_v2+w2vbert+hubert+cohere,4,cohere,5,831
whisper_v2+w2vbert+wav2vec_sb+cohere,4,seamless_m4t,3,1000
whisper_v2+w2vbert+wav2vec_sb+cohere,4,whisper_v3,1,1000
whisper_v2+w2vbert+wav2vec_sb+cohere,4,whisper_v2,5,125
whisper_v2+w2vbert+wav2vec_sb+cohere,4,whisper_v2,6,875
whisper_v2+w2vbert+wav2vec_sb+cohere,4,fastconformer,2,1000
whisper_v2+w2vbert+wav2vec_sb+cohere,4,xlsr,8,1000
whisper_v2+w2vbert+wav2vec_sb+cohere,4,w2vbert,7,1000
whisper_v2+w2vbert+wav2vec_sb+cohere,4,hubert,4,1000
whisper_v2+w2vbert+wav2vec_sb+cohere,4,wav2vec_sb,9,1000
whisper_v2+w2vbert+wav2vec_sb+cohere,4,cohere,5,875
whisper_v2+w2vbert+wav2vec_sb+cohere,4,cohere,6,125
whisper_v2+hubert+wav2vec_sb+cohere,4,seamless_m4t,3,1000
whisper_v2+hubert+wav2vec_sb+cohere,4,whisper_v3,1,1000
whisper_v2+hubert+wav2vec_sb+cohere,4,whisper_v2,4,928
whisper_v2+hubert+wav2vec_sb+cohere,4,whisper_v2,5,72
whisper_v2+hubert+wav2vec_sb+cohere,4,fastconformer,2,1000
whisper_v2+hubert+wav2vec_sb+cohere,4,xlsr,8,1000
whisper_v2+hubert+wav2vec_sb+cohere,4,w2vbert,7,1000
whisper_v2+hubert+wav2vec_sb+cohere,4,hubert,6,1000
whisper_v2+hubert+wav2vec_sb+cohere,4,wav2vec_sb,9,1000
whisper_v2+hubert+wav2vec_sb+cohere,4,cohere,4,72
whisper_v2+hubert+wav2vec_sb+cohere,4,cohere,5,928
fastconformer+xlsr+w2vbert+hubert,4,seamless_m4t,4,1000
fastconformer+xlsr+w2vbert+hubert,4,whisper_v3,1,999
fastconformer+xlsr+w2vbert+hubert,4,whisper_v3,2,1
fastconformer+xlsr+w2vbert+hubert,4,whisper_v2,3,1000
fastconformer+xlsr+w2vbert+hubert,4,fastconformer,6,1000
fastconformer+xlsr+w2vbert+hubert,4,xlsr,8,1000
fastconformer+xlsr+w2vbert+hubert,4,w2vbert,7,1000
fastconformer+xlsr+w2vbert+hubert,4,hubert,5,1000
fastconformer+xlsr+w2vbert+hubert,4,wav2vec_sb,9,1000
fastconformer+xlsr+w2vbert+hubert,4,cohere,1,1
fastconformer+xlsr+w2vbert+hubert,4,cohere,2,999
fastconformer+xlsr+w2vbert+wav2vec_sb,4,seamless_m4t,4,1000
fastconformer+xlsr+w2vbert+wav2vec_sb,4,whisper_v3,1,991
fastconformer+xlsr+w2vbert+wav2vec_sb,4,whisper_v3,2,9
fastconformer+xlsr+w2vbert+wav2vec_sb,4,whisper_v2,3,1000
fastconformer+xlsr+w2vbert+wav2vec_sb,4,fastconformer,9,1000
fastconformer+xlsr+w2vbert+wav2vec_sb,4,xlsr,6,23
fastconformer+xlsr+w2vbert+wav2vec_sb,4,xlsr,7,977
fastconformer+xlsr+w2vbert+wav2vec_sb,4,w2vbert,6,977
fastconformer+xlsr+w2vbert+wav2vec_sb,4,w2vbert,7,23
fastconformer+xlsr+w2vbert+wav2vec_sb,4,hubert,5,1000
fastconformer+xlsr+w2vbert+wav2vec_sb,4,wav2vec_sb,8,1000
fastconformer+xlsr+w2vbert+wav2vec_sb,4,cohere,1,9
fastconformer+xlsr+w2vbert+wav2vec_sb,4,cohere,2,991
fastconformer+xlsr+w2vbert+cohere,4,seamless_m4t,2,241
fastconformer+xlsr+w2vbert+cohere,4,seamless_m4t,3,759
fastconformer+xlsr+w2vbert+cohere,4,whisper_v3,1,1000
fastconformer+xlsr+w2vbert+cohere,4,whisper_v2,2,759
fastconformer+xlsr+w2vbert+cohere,4,whisper_v2,3,241
fastconformer+xlsr+w2vbert+cohere,4,fastconformer,5,1000
fastconformer+xlsr+w2vbert+cohere,4,xlsr,8,1000
fastconformer+xlsr+w2vbert+cohere,4,w2vbert,7,1000
fastconformer+xlsr+w2vbert+cohere,4,hubert,4,1000
fastconformer+xlsr+w2vbert+cohere,4,wav2vec_sb,9,1000
fastconformer+xlsr+w2vbert+cohere,4,cohere,6,1000
fastconformer+xlsr+hubert+wav2vec_sb,4,seamless_m4t,4,1000
fastconformer+xlsr+hubert+wav2vec_sb,4,whisper_v3,1,1000
fastconformer+xlsr+hubert+wav2vec_sb,4,whisper_v2,3,1000
fastconformer+xlsr+hubert+wav2vec_sb,4,fastconformer,7,912
fastconformer+xlsr+hubert+wav2vec_sb,4,fastconformer,8,88
fastconformer+xlsr+hubert+wav2vec_sb,4,xlsr,7,88
fastconformer+xlsr+hubert+wav2vec_sb,4,xlsr,8,912
fastconformer+xlsr+hubert+wav2vec_sb,4,w2vbert,5,1000
fastconformer+xlsr+hubert+wav2vec_sb,4,hubert,6,1000
fastconformer+xlsr+hubert+wav2vec_sb,4,wav2vec_sb,9,1000
fastconformer+xlsr+hubert+wav2vec_sb,4,cohere,2,1000
fastconformer+xlsr+hubert+cohere,4,seamless_m4t,2,89
fastconformer+xlsr+hubert+cohere,4,seamless_m4t,3,911
fastconformer+xlsr+hubert+cohere,4,whisper_v3,1,1000
fastconformer+xlsr+hubert+cohere,4,whisper_v2,2,911
fastconformer+xlsr+hubert+cohere,4,whisper_v2,3,89
fastconformer+xlsr+hubert+cohere,4,fastconformer,4,1000
fastconformer+xlsr+hubert+cohere,4,xlsr,8,1000
fastconformer+xlsr+hubert+cohere,4,w2vbert,7,1000
fastconformer+xlsr+hubert+cohere,4,hubert,6,1000
fastconformer+xlsr+hubert+cohere,4,wav2vec_sb,9,1000
fastconformer+xlsr+hubert+cohere,4,cohere,5,1000
fastconformer+xlsr+wav2vec_sb+cohere,4,seamless_m4t,2,338
fastconformer+xlsr+wav2vec_sb+cohere,4,seamless_m4t,3,662
fastconformer+xlsr+wav2vec_sb+cohere,4,whisper_v3,1,1000
fastconformer+xlsr+wav2vec_sb+cohere,4,whisper_v2,2,662
fastconformer+xlsr+wav2vec_sb+cohere,4,whisper_v2,3,338
fastconformer+xlsr+wav2vec_sb+cohere,4,fastconformer,5,58
fastconformer+xlsr+wav2vec_sb+cohere,4,fastconformer,6,942
fastconformer+xlsr+wav2vec_sb+cohere,4,xlsr,8,1000
fastconformer+xlsr+wav2vec_sb+cohere,4,w2vbert,5,942
fastconformer+xlsr+wav2vec_sb+cohere,4,w2vbert,6,58
fastconformer+xlsr+wav2vec_sb+cohere,4,hubert,4,1000
fastconformer+xlsr+wav2vec_sb+cohere,4,wav2vec_sb,9,1000
fastconformer+xlsr+wav2vec_sb+cohere,4,cohere,7,1000
fastconformer+w2vbert+hubert+wav2vec_sb,4,seamless_m4t,4,1000
fastconformer+w2vbert+hubert+wav2vec_sb,4,whisper_v3,1,999
fastconformer+w2vbert+hubert+wav2vec_sb,4,whisper_v3,2,1
fastconformer+w2vbert+hubert+wav2vec_sb,4,whisper_v2,3,1000
fastconformer+w2vbert+hubert+wav2vec_sb,4,fastconformer,6,1000
fastconformer+w2vbert+hubert+wav2vec_sb,4,xlsr,8,1000
fastconformer+w2vbert+hubert+wav2vec_sb,4,w2vbert,7,1000
fastconformer+w2vbert+hubert+wav2vec_sb,4,hubert,5,1000
fastconformer+w2vbert+hubert+wav2vec_sb,4,wav2vec_sb,9,1000
fastconformer+w2vbert+hubert+wav2vec_sb,4,cohere,1,1
fastconformer+w2vbert+hubert+wav2vec_sb,4,cohere,2,999
fastconformer+w2vbert+hubert+cohere,4,seamless_m4t,2,90
fastconformer+w2vbert+hubert+cohere,4,seamless_m4t,3,910
fastconformer+w2vbert+hubert+cohere,4,whisper_v3,1,1000
fastconformer+w2vbert+hubert+cohere,4,whisper_v2,2,910
fastconformer+w2vbert+hubert+cohere,4,whisper_v2,3,90
fastconformer+w2vbert+hubert+cohere,4,fastconformer,4,1000
fastconformer+w2vbert+hubert+cohere,4,xlsr,8,1000
fastconformer+w2vbert+hubert+cohere,4,w2vbert,7,1000
fastconformer+w2vbert+hubert+cohere,4,hubert,6,1000
fastconformer+w2vbert+hubert+cohere,4,wav2vec_sb,9,1000
fastconformer+w2vbert+hubert+cohere,4,cohere,5,1000
fastconformer+w2vbert+wav2vec_sb+cohere,4,seamless_m4t,2,259
fastconformer+w2vbert+wav2vec_sb+cohere,4,seamless_m4t,3,741
fastconformer+w2vbert+wav2vec_sb+cohere,4,whisper_v3,1,1000
fastconformer+w2vbert+wav2vec_sb+cohere,4,whisper_v2,2,741
fastconformer+w2vbert+wav2vec_sb+cohere,4,whisper_v2,3,259
fastconformer+w2vbert+wav2vec_sb+cohere,4,fastconformer,5,1000
fastconformer+w2vbert+wav2vec_sb+cohere,4,xlsr,8,1000
fastconformer+w2vbert+wav2vec_sb+cohere,4,w2vbert,7,1000
fastconformer+w2vbert+wav2vec_sb+cohere,4,hubert,4,1000
fastconformer+w2vbert+wav2vec_sb+cohere,4,wav2vec_sb,9,1000
fastconformer+w2vbert+wav2vec_sb+cohere,4,cohere,6,1000
fastconformer+hubert+wav2vec_sb+cohere,4,seamless_m4t,2,81
fastconformer+hubert+wav2vec_sb+cohere,4,seamless_m4t,3,919
fastconformer+hubert+wav2vec_sb+cohere,4,whisper_v3,1,1000
fastconformer+hubert+wav2vec_sb+cohere,4,whisper_v2,2,919
fastconformer+hubert+wav2vec_sb+cohere,4,whisper_v2,3,81
fastconformer+hubert+wav2vec_sb+cohere,4,fastconformer,4,1000
fastconformer+hubert+wav2vec_sb+cohere,4,xlsr,8,1000
fastconformer+hubert+wav2vec_sb+cohere,4,w2vbert,7,1000
fastconformer+hubert+wav2vec_sb+cohere,4,hubert,6,1000
fastconformer+hubert+wav2vec_sb+cohere,4,wav2vec_sb,9,1000
fastconformer+hubert+wav2vec_sb+cohere,4,cohere,5,1000
xlsr+w2vbert+hubert+wav2vec_sb,4,seamless_m4t,5,1000
xlsr+w2vbert+hubert+wav2vec_sb,4,whisper_v3,1,127
xlsr+w2vbert+hubert+wav2vec_sb,4,whisper_v3,2,873
xlsr+w2vbert+hubert+wav2vec_sb,4,whisper_v2,3,995
xlsr+w2vbert+hubert+wav2vec_sb,4,whisper_v2,4,5
xlsr+w2vbert+hubert+wav2vec_sb,4,fastconformer,1,873
xlsr+w2vbert+hubert+wav2vec_sb,4,fastconformer,2,127
xlsr+w2vbert+hubert+wav2vec_sb,4,xlsr,6,959
xlsr+w2vbert+hubert+wav2vec_sb,4,xlsr,7,41
xlsr+w2vbert+hubert+wav2vec_sb,4,w2vbert,6,41
xlsr+w2vbert+hubert+wav2vec_sb,4,w2vbert,7,959
xlsr+w2vbert+hubert+wav2vec_sb,4,hubert,8,619
xlsr+w2vbert+hubert+wav2vec_sb,4,hubert,9,381
xlsr+w2vbert+hubert+wav2vec_sb,4,wav2vec_sb,8,381
xlsr+w2vbert+hubert+wav2vec_sb,4,wav2vec_sb,9,619
xlsr+w2vbert+hubert+wav2vec_sb,4,cohere,3,5
xlsr+w2vbert+hubert+wav2vec_sb,4,cohere,4,995
xlsr+w2vbert+hubert+cohere,4,seamless_m4t,4,1000
xlsr+w2vbert+hubert+cohere,4,whisper_v3,1,538
xlsr+w2vbert+hubert+cohere,4,whisper_v3,2,462
xlsr+w2vbert+hubert+cohere,4,whisper_v2,3,1000
xlsr+w2vbert+hubert+cohere,4,fastconformer,1,462
xlsr+w2vbert+hubert+cohere,4,fastconformer,2,538
xlsr+w2vbert+hubert+cohere,4,xlsr,8,1000
xlsr+w2vbert+hubert+cohere,4,w2vbert,7,1000
xlsr+w2vbert+hubert+cohere,4,hubert,5,1000
xlsr+w2vbert+hubert+cohere,4,wav2vec_sb,9,1000
xlsr+w2vbert+hubert+cohere,4,cohere,6,1000
xlsr+w2vbert+wav2vec_sb+cohere,4,seamless_m4t,3,1
xlsr+w2vbert+wav2vec_sb+cohere,4,seamless_m4t,4,999
xlsr+w2vbert+wav2vec_sb+cohere,4,whisper_v3,1,362
xlsr+w2vbert+wav2vec_sb+cohere,4,whisper_v3,2,638
xlsr+w2vbert+wav2vec_sb+cohere,4,whisper_v2,3,999
xlsr+w2vbert+wav2vec_sb+cohere,4,whisper_v2,4,1
xlsr+w2vbert+wav2vec_sb+cohere,4,fastconformer,1,638
xlsr+w2vbert+wav2vec_sb+cohere,4,fastconformer,2,362
xlsr+w2vbert+wav2vec_sb+cohere,4,xlsr,6,156
xlsr+w2vbert+wav2vec_sb+cohere,4,xlsr,7,844
xlsr+w2vbert+wav2vec_sb+cohere,4,w2vbert,6,844
xlsr+w2vbert+wav2vec_sb+cohere,4,w2vbert,7,156
xlsr+w2vbert+wav2vec_sb+cohere,4,hubert,5,1000
xlsr+w2vbert+wav2vec_sb+cohere,4,wav2vec_sb,8,1000
xlsr+w2vbert+wav2vec_sb+cohere,4,cohere,9,1000
xlsr+hubert+wav2vec_sb+cohere,4,seamless_m4t,4,1000
xlsr+hubert+wav2vec_sb+cohere,4,whisper_v3,1,522
xlsr+hubert+wav2vec_sb+cohere,4,whisper_v3,2,478
xlsr+hubert+wav2vec_sb+cohere,4,whisper_v2,3,1000
xlsr+hubert+wav2vec_sb+cohere,4,fastconformer,1,478
xlsr+hubert+wav2vec_sb+cohere,4,fastconformer,2,522
xlsr+hubert+wav2vec_sb+cohere,4,xlsr,7,1000
xlsr+hubert+wav2vec_sb+cohere,4,w2vbert,5,1000
xlsr+hubert+wav2vec_sb+cohere,4,hubert,6,1000
xlsr+hubert+wav2vec_sb+cohere,4,wav2vec_sb,9,1000
xlsr+hubert+wav2vec_sb+cohere,4,cohere,8,1000
w2vbert+hubert+wav2vec_sb+cohere,4,seamless_m4t,4,1000
w2vbert+hubert+wav2vec_sb+cohere,4,whisper_v3,1,285
w2vbert+hubert+wav2vec_sb+cohere,4,whisper_v3,2,715
w2vbert+hubert+wav2vec_sb+cohere,4,whisper_v2,3,1000
w2vbert+hubert+wav2vec_sb+cohere,4,fastconformer,1,715
w2vbert+hubert+wav2vec_sb+cohere,4,fastconformer,2,285
w2vbert+hubert+wav2vec_sb+cohere,4,xlsr,8,1000
w2vbert+hubert+wav2vec_sb+cohere,4,w2vbert,6,149
w2vbert+hubert+wav2vec_sb+cohere,4,w2vbert,7,851
w2vbert+hubert+wav2vec_sb+cohere,4,hubert,5,1000
w2vbert+hubert+wav2vec_sb+cohere,4,wav2vec_sb,9,1000
w2vbert+hubert+wav2vec_sb+cohere,4,cohere,6,851
w2vbert+hubert+wav2vec_sb+cohere,4,cohere,7,149
seamless_m4t+whisper_v3+whisper_v2+fastconformer+xlsr,5,seamless_m4t,5,1000
seamless_m4t+whisper_v3+whisper_v2+fastconformer+xlsr,5,whisper_v3,2,1000
seamless_m4t+whisper_v3+whisper_v2+fastconformer+xlsr,5,whisper_v2,3,1000
seamless_m4t+whisper_v3+whisper_v2+fastconformer+xlsr,5,fastconformer,4,1000
seamless_m4t+whisper_v3+whisper_v2+fastconformer+xlsr,5,xlsr,8,1000
seamless_m4t+whisper_v3+whisper_v2+fastconformer+xlsr,5,w2vbert,7,1000
seamless_m4t+whisper_v3+whisper_v2+fastconformer+xlsr,5,hubert,6,1000
seamless_m4t+whisper_v3+whisper_v2+fastconformer+xlsr,5,wav2vec_sb,9,1000
seamless_m4t+whisper_v3+whisper_v2+fastconformer+xlsr,5,cohere,1,1000
seamless_m4t+whisper_v3+whisper_v2+fastconformer+w2vbert,5,seamless_m4t,5,1000
seamless_m4t+whisper_v3+whisper_v2+fastconformer+w2vbert,5,whisper_v3,1,1
seamless_m4t+whisper_v3+whisper_v2+fastconformer+w2vbert,5,whisper_v3,2,999
seamless_m4t+whisper_v3+whisper_v2+fastconformer+w2vbert,5,whisper_v2,3,1000
seamless_m4t+whisper_v3+whisper_v2+fastconformer+w2vbert,5,fastconformer,4,1000
seamless_m4t+whisper_v3+whisper_v2+fastconformer+w2vbert,5,xlsr,8,1000
seamless_m4t+whisper_v3+whisper_v2+fastconformer+w2vbert,5,w2vbert,7,1000
seamless_m4t+whisper_v3+whisper_v2+fastconformer+w2vbert,5,hubert,6,1000
seamless_m4t+whisper_v3+whisper_v2+fastconformer+w2vbert,5,wav2vec_sb,9,1000
seamless_m4t+whisper_v3+whisper_v2+fastconformer+w2vbert,5,cohere,1,999
seamless_m4t+whisper_v3+whisper_v2+fastconformer+w2vbert,5,cohere,2,1
seamless_m4t+whisper_v3+whisper_v2+fastconformer+hubert,5,seamless_m4t,5,1000
seamless_m4t+whisper_v3+whisper_v2+fastconformer+hubert,5,whisper_v3,2,1000
seamless_m4t+whisper_v3+whisper_v2+fastconformer+hubert,5,whisper_v2,3,1000
seamless_m4t+whisper_v3+whisper_v2+fastconformer+hubert,5,fastconformer,4,1000
seamless_m4t+whisper_v3+whisper_v2+fastconformer+hubert,5,xlsr,8,1000
seamless_m4t+whisper_v3+whisper_v2+fastconformer+hubert,5,w2vbert,7,1000
seamless_m4t+whisper_v3+whisper_v2+fastconformer+hubert,5,hubert,6,1000
seamless_m4t+whisper_v3+whisper_v2+fastconformer+hubert,5,wav2vec_sb,9,1000
seamless_m4t+whisper_v3+whisper_v2+fastconformer+hubert,5,cohere,1,1000
seamless_m4t+whisper_v3+whisper_v2+fastconformer+wav2vec_sb,5,seamless_m4t,5,1000
seamless_m4t+whisper_v3+whisper_v2+fastconformer+wav2vec_sb,5,whisper_v3,2,1000
seamless_m4t+whisper_v3+whisper_v2+fastconformer+wav2vec_sb,5,whisper_v2,3,1000
seamless_m4t+whisper_v3+whisper_v2+fastconformer+wav2vec_sb,5,fastconformer,4,1000
seamless_m4t+whisper_v3+whisper_v2+fastconformer+wav2vec_sb,5,xlsr,8,1000
seamless_m4t+whisper_v3+whisper_v2+fastconformer+wav2vec_sb,5,w2vbert,7,1000
seamless_m4t+whisper_v3+whisper_v2+fastconformer+wav2vec_sb,5,hubert,6,1000
seamless_m4t+whisper_v3+whisper_v2+fastconformer+wav2vec_sb,5,wav2vec_sb,9,1000
seamless_m4t+whisper_v3+whisper_v2+fastconformer+wav2vec_sb,5,cohere,1,1000
seamless_m4t+whisper_v3+whisper_v2+fastconformer+cohere,5,seamless_m4t,5,1000
seamless_m4t+whisper_v3+whisper_v2+fastconformer+cohere,5,whisper_v3,1,645
seamless_m4t+whisper_v3+whisper_v2+fastconformer+cohere,5,whisper_v3,2,355
seamless_m4t+whisper_v3+whisper_v2+fastconformer+cohere,5,whisper_v2,3,10
seamless_m4t+whisper_v3+whisper_v2+fastconformer+cohere,5,whisper_v2,4,990
seamless_m4t+whisper_v3+whisper_v2+fastconformer+cohere,5,fastconformer,3,990
seamless_m4t+whisper_v3+whisper_v2+fastconformer+cohere,5,fastconformer,4,10
seamless_m4t+whisper_v3+whisper_v2+fastconformer+cohere,5,xlsr,8,1000
seamless_m4t+whisper_v3+whisper_v2+fastconformer+cohere,5,w2vbert,7,1000
seamless_m4t+whisper_v3+whisper_v2+fastconformer+cohere,5,hubert,6,1000
seamless_m4t+whisper_v3+whisper_v2+fastconformer+cohere,5,wav2vec_sb,9,1000
seamless_m4t+whisper_v3+whisper_v2+fastconformer+cohere,5,cohere,1,355
seamless_m4t+whisper_v3+whisper_v2+fastconformer+cohere,5,cohere,2,645
seamless_m4t+whisper_v3+whisper_v2+xlsr+w2vbert,5,seamless_m4t,5,1000
seamless_m4t+whisper_v3+whisper_v2+xlsr+w2vbert,5,whisper_v3,2,182
seamless_m4t+whisper_v3+whisper_v2+xlsr+w2vbert,5,whisper_v3,3,818
seamless_m4t+whisper_v3+whisper_v2+xlsr+w2vbert,5,whisper_v2,4,1000
seamless_m4t+whisper_v3+whisper_v2+xlsr+w2vbert,5,fastconformer,2,818
seamless_m4t+whisper_v3+whisper_v2+xlsr+w2vbert,5,fastconformer,3,182
seamless_m4t+whisper_v3+whisper_v2+xlsr+w2vbert,5,xlsr,8,1000
seamless_m4t+whisper_v3+whisper_v2+xlsr+w2vbert,5,w2vbert,7,1000
seamless_m4t+whisper_v3+whisper_v2+xlsr+w2vbert,5,hubert,6,1000
seamless_m4t+whisper_v3+whisper_v2+xlsr+w2vbert,5,wav2vec_sb,9,1000
seamless_m4t+whisper_v3+whisper_v2+xlsr+w2vbert,5,cohere,1,1000
seamless_m4t+whisper_v3+whisper_v2+xlsr+hubert,5,seamless_m4t,5,1000
seamless_m4t+whisper_v3+whisper_v2+xlsr+hubert,5,whisper_v3,2,995
seamless_m4t+whisper_v3+whisper_v2+xlsr+hubert,5,whisper_v3,3,5
seamless_m4t+whisper_v3+whisper_v2+xlsr+hubert,5,whisper_v2,4,1000
seamless_m4t+whisper_v3+whisper_v2+xlsr+hubert,5,fastconformer,2,5
seamless_m4t+whisper_v3+whisper_v2+xlsr+hubert,5,fastconformer,3,995
seamless_m4t+whisper_v3+whisper_v2+xlsr+hubert,5,xlsr,8,1000
seamless_m4t+whisper_v3+whisper_v2+xlsr+hubert,5,w2vbert,7,1000
seamless_m4t+whisper_v3+whisper_v2+xlsr+hubert,5,hubert,6,1000
seamless_m4t+whisper_v3+whisper_v2+xlsr+hubert,5,wav2vec_sb,9,1000
seamless_m4t+whisper_v3+whisper_v2+xlsr+hubert,5,cohere,1,1000
seamless_m4t+whisper_v3+whisper_v2+xlsr+wav2vec_sb,5,seamless_m4t,5,1000
seamless_m4t+whisper_v3+whisper_v2+xlsr+wav2vec_sb,5,whisper_v3,3,1000
seamless_m4t+whisper_v3+whisper_v2+xlsr+wav2vec_sb,5,whisper_v2,4,1000
seamless_m4t+whisper_v3+whisper_v2+xlsr+wav2vec_sb,5,fastconformer,2,1000
seamless_m4t+whisper_v3+whisper_v2+xlsr+wav2vec_sb,5,xlsr,8,1000
seamless_m4t+whisper_v3+whisper_v2+xlsr+wav2vec_sb,5,w2vbert,7,1000
seamless_m4t+whisper_v3+whisper_v2+xlsr+wav2vec_sb,5,hubert,6,1000
seamless_m4t+whisper_v3+whisper_v2+xlsr+wav2vec_sb,5,wav2vec_sb,9,1000
seamless_m4t+whisper_v3+whisper_v2+xlsr+wav2vec_sb,5,cohere,1,1000
seamless_m4t+whisper_v3+whisper_v2+xlsr+cohere,5,seamless_m4t,5,1000
seamless_m4t+whisper_v3+whisper_v2+xlsr+cohere,5,whisper_v3,1,1000
seamless_m4t+whisper_v3+whisper_v2+xlsr+cohere,5,whisper_v2,3,3
seamless_m4t+whisper_v3+whisper_v2+xlsr+cohere,5,whisper_v2,4,997
seamless_m4t+whisper_v3+whisper_v2+xlsr+cohere,5,fastconformer,2,149
seamless_m4t+whisper_v3+whisper_v2+xlsr+cohere,5,fastconformer,3,848
seamless_m4t+whisper_v3+whisper_v2+xlsr+cohere,5,fastconformer,4,3
seamless_m4t+whisper_v3+whisper_v2+xlsr+cohere,5,xlsr,8,1000
seamless_m4t+whisper_v3+whisper_v2+xlsr+cohere,5,w2vbert,7,1000
seamless_m4t+whisper_v3+whisper_v2+xlsr+cohere,5,hubert,6,1000
seamless_m4t+whisper_v3+whisper_v2+xlsr+cohere,5,wav2vec_sb,9,1000
seamless_m4t+whisper_v3+whisper_v2+xlsr+cohere,5,cohere,2,851
seamless_m4t+whisper_v3+whisper_v2+xlsr+cohere,5,cohere,3,149
seamless_m4t+whisper_v3+whisper_v2+w2vbert+hubert,5,seamless_m4t,5,1000
seamless_m4t+whisper_v3+whisper_v2+w2vbert+hubert,5,whisper_v3,2,971
seamless_m4t+whisper_v3+whisper_v2+w2vbert+hubert,5,whisper_v3,3,29
seamless_m4t+whisper_v3+whisper_v2+w2vbert+hubert,5,whisper_v2,4,1000
seamless_m4t+whisper_v3+whisper_v2+w2vbert+hubert,5,fastconformer,2,29
seamless_m4t+whisper_v3+whisper_v2+w2vbert+hubert,5,fastconformer,3,971
seamless_m4t+whisper_v3+whisper_v2+w2vbert+hubert,5,xlsr,8,1000
seamless_m4t+whisper_v3+whisper_v2+w2vbert+hubert,5,w2vbert,7,1000
seamless_m4t+whisper_v3+whisper_v2+w2vbert+hubert,5,hubert,6,1000
seamless_m4t+whisper_v3+whisper_v2+w2vbert+hubert,5,wav2vec_sb,9,1000
seamless_m4t+whisper_v3+whisper_v2+w2vbert+hubert,5,cohere,1,1000
seamless_m4t+whisper_v3+whisper_v2+w2vbert+wav2vec_sb,5,seamless_m4t,5,1000
seamless_m4t+whisper_v3+whisper_v2+w2vbert+wav2vec_sb,5,whisper_v3,2,23
seamless_m4t+whisper_v3+whisper_v2+w2vbert+wav2vec_sb,5,whisper_v3,3,977
seamless_m4t+whisper_v3+whisper_v2+w2vbert+wav2vec_sb,5,whisper_v2,4,1000
seamless_m4t+whisper_v3+whisper_v2+w2vbert+wav2vec_sb,5,fastconformer,2,977
seamless_m4t+whisper_v3+whisper_v2+w2vbert+wav2vec_sb,5,fastconformer,3,23
seamless_m4t+whisper_v3+whisper_v2+w2vbert+wav2vec_sb,5,xlsr,8,1000
seamless_m4t+whisper_v3+whisper_v2+w2vbert+wav2vec_sb,5,w2vbert,7,1000
seamless_m4t+whisper_v3+whisper_v2+w2vbert+wav2vec_sb,5,hubert,6,1000
seamless_m4t+whisper_v3+whisper_v2+w2vbert+wav2vec_sb,5,wav2vec_sb,9,1000
seamless_m4t+whisper_v3+whisper_v2+w2vbert+wav2vec_sb,5,cohere,1,1000
seamless_m4t+whisper_v3+whisper_v2+w2vbert+cohere,5,seamless_m4t,5,1000
seamless_m4t+whisper_v3+whisper_v2+w2vbert+cohere,5,whisper_v3,1,1000
seamless_m4t+whisper_v3+whisper_v2+w2vbert+cohere,5,whisper_v2,3,5
seamless_m4t+whisper_v3+whisper_v2+w2vbert+cohere,5,whisper_v2,4,995
seamless_m4t+whisper_v3+whisper_v2+w2vbert+cohere,5,fastconformer,2,143
seamless_m4t+whisper_v3+whisper_v2+w2vbert+cohere,5,fastconformer,3,852
seamless_m4t+whisper_v3+whisper_v2+w2vbert+cohere,5,fastconformer,4,5
seamless_m4t+whisper_v3+whisper_v2+w2vbert+cohere,5,xlsr,8,1000
seamless_m4t+whisper_v3+whisper_v2+w2vbert+cohere,5,w2vbert,7,1000
seamless_m4t+whisper_v3+whisper_v2+w2vbert+cohere,5,hubert,6,1000
seamless_m4t+whisper_v3+whisper_v2+w2vbert+cohere,5,wav2vec_sb,9,1000
seamless_m4t+whisper_v3+whisper_v2+w2vbert+cohere,5,cohere,2,857
seamless_m4t+whisper_v3+whisper_v2+w2vbert+cohere,5,cohere,3,143
seamless_m4t+whisper_v3+whisper_v2+hubert+wav2vec_sb,5,seamless_m4t,5,1000
seamless_m4t+whisper_v3+whisper_v2+hubert+wav2vec_sb,5,whisper_v3,2,998
seamless_m4t+whisper_v3+whisper_v2+hubert+wav2vec_sb,5,whisper_v3,3,2
seamless_m4t+whisper_v3+whisper_v2+hubert+wav2vec_sb,5,whisper_v2,3,1
seamless_m4t+whisper_v3+whisper_v2+hubert+wav2vec_sb,5,whisper_v2,4,999
seamless_m4t+whisper_v3+whisper_v2+hubert+wav2vec_sb,5,fastconformer,2,2
seamless_m4t+whisper_v3+whisper_v2+hubert+wav2vec_sb,5,fastconformer,3,997
seamless_m4t+whisper_v3+whisper_v2+hubert+wav2vec_sb,5,fastconformer,4,1
seamless_m4t+whisper_v3+whisper_v2+hubert+wav2vec_sb,5,xlsr,8,1000
seamless_m4t+whisper_v3+whisper_v2+hubert+wav2vec_sb,5,w2vbert,7,1000
seamless_m4t+whisper_v3+whisper_v2+hubert+wav2vec_sb,5,hubert,6,1000
seamless_m4t+whisper_v3+whisper_v2+hubert+wav2vec_sb,5,wav2vec_sb,9,1000
seamless_m4t+whisper_v3+whisper_v2+hubert+wav2vec_sb,5,cohere,1,1000
seamless_m4t+whisper_v3+whisper_v2+hubert+cohere,5,seamless_m4t,5,1000
seamless_m4t+whisper_v3+whisper_v2+hubert+cohere,5,whisper_v3,1,1000
seamless_m4t+whisper_v3+whisper_v2+hubert+cohere,5,whisper_v2,3,2
seamless_m4t+whisper_v3+whisper_v2+hubert+cohere,5,whisper_v2,4,998
seamless_m4t+whisper_v3+whisper_v2+hubert+cohere,5,fastconformer,2,171
seamless_m4t+whisper_v3+whisper_v2+hubert+cohere,5,fastconformer,3,827
seamless_m4t+whisper_v3+whisper_v2+hubert+cohere,5,fastconformer,4,2
seamless_m4t+whisper_v3+whisper_v2+hubert+cohere,5,xlsr,8,1000
seamless_m4t+whisper_v3+whisper_v2+hubert+cohere,5,w2vbert,7,1000
seamless_m4t+whisper_v3+whisper_v2+hubert+cohere,5,hubert,6,1000
seamless_m4t+whisper_v3+whisper_v2+hubert+cohere,5,wav2vec_sb,9,1000
seamless_m4t+whisper_v3+whisper_v2+hubert+cohere,5,cohere,2,829
seamless_m4t+whisper_v3+whisper_v2+hubert+cohere,5,cohere,3,171
seamless_m4t+whisper_v3+whisper_v2+wav2vec_sb+cohere,5,seamless_m4t,5,1000
seamless_m4t+whisper_v3+whisper_v2+wav2vec_sb+cohere,5,whisper_v3,1,1000
seamless_m4t+whisper_v3+whisper_v2+wav2vec_sb+cohere,5,whisper_v2,3,8
seamless_m4t+whisper_v3+whisper_v2+wav2vec_sb+cohere,5,whisper_v2,4,992
seamless_m4t+whisper_v3+whisper_v2+wav2vec_sb+cohere,5,fastconformer,2,131
seamless_m4t+whisper_v3+whisper_v2+wav2vec_sb+cohere,5,fastconformer,3,861
seamless_m4t+whisper_v3+whisper_v2+wav2vec_sb+cohere,5,fastconformer,4,8
seamless_m4t+whisper_v3+whisper_v2+wav2vec_sb+cohere,5,xlsr,8,1000
seamless_m4t+whisper_v3+whisper_v2+wav2vec_sb+cohere,5,w2vbert,7,1000
seamless_m4t+whisper_v3+whisper_v2+wav2vec_sb+cohere,5,hubert,6,1000
seamless_m4t+whisper_v3+whisper_v2+wav2vec_sb+cohere,5,wav2vec_sb,9,1000
seamless_m4t+whisper_v3+whisper_v2+wav2vec_sb+cohere,5,cohere,2,869
seamless_m4t+whisper_v3+whisper_v2+wav2vec_sb+cohere,5,cohere,3,131
seamless_m4t+whisper_v3+fastconformer+xlsr+w2vbert,5,seamless_m4t,5,1000
seamless_m4t+whisper_v3+fastconformer+xlsr+w2vbert,5,whisper_v3,3,975
seamless_m4t+whisper_v3+fastconformer+xlsr+w2vbert,5,whisper_v3,4,25
seamless_m4t+whisper_v3+fastconformer+xlsr+w2vbert,5,whisper_v2,2,1000
seamless_m4t+whisper_v3+fastconformer+xlsr+w2vbert,5,fastconformer,3,25
seamless_m4t+whisper_v3+fastconformer+xlsr+w2vbert,5,fastconformer,4,975
seamless_m4t+whisper_v3+fastconformer+xlsr+w2vbert,5,xlsr,8,1000
seamless_m4t+whisper_v3+fastconformer+xlsr+w2vbert,5,w2vbert,7,1000
seamless_m4t+whisper_v3+fastconformer+xlsr+w2vbert,5,hubert,6,1000
seamless_m4t+whisper_v3+fastconformer+xlsr+w2vbert,5,wav2vec_sb,9,1000
seamless_m4t+whisper_v3+fastconformer+xlsr+w2vbert,5,cohere,1,1000
seamless_m4t+whisper_v3+fastconformer+xlsr+hubert,5,seamless_m4t,5,1000
seamless_m4t+whisper_v3+fastconformer+xlsr+hubert,5,whisper_v3,3,925
seamless_m4t+whisper_v3+fastconformer+xlsr+hubert,5,whisper_v3,4,75
seamless_m4t+whisper_v3+fastconformer+xlsr+hubert,5,whisper_v2,2,1000
seamless_m4t+whisper_v3+fastconformer+xlsr+hubert,5,fastconformer,3,75
seamless_m4t+whisper_v3+fastconformer+xlsr+hubert,5,fastconformer,4,925
seamless_m4t+whisper_v3+fastconformer+xlsr+hubert,5,xlsr,8,1000
seamless_m4t+whisper_v3+fastconformer+xlsr+hubert,5,w2vbert,7,1000
seamless_m4t+whisper_v3+fastconformer+xlsr+hubert,5,hubert,6,1000
seamless_m4t+whisper_v3+fastconformer+xlsr+hubert,5,wav2vec_sb,9,1000
seamless_m4t+whisper_v3+fastconformer+xlsr+hubert,5,cohere,1,1000
seamless_m4t+whisper_v3+fastconformer+xlsr+wav2vec_sb,5,seamless_m4t,5,1000
seamless_m4t+whisper_v3+fastconformer+xlsr+wav2vec_sb,5,whisper_v3,3,962
seamless_m4t+whisper_v3+fastconformer+xlsr+wav2vec_sb,5,whisper_v3,4,38
seamless_m4t+whisper_v3+fastconformer+xlsr+wav2vec_sb,5,whisper_v2,2,1000
seamless_m4t+whisper_v3+fastconformer+xlsr+wav2vec_sb,5,fastconformer,3,38
seamless_m4t+whisper_v3+fastconformer+xlsr+wav2vec_sb,5,fastconformer,4,962
seamless_m4t+whisper_v3+fastconformer+xlsr+wav2vec_sb,5,xlsr,8,1000
seamless_m4t+whisper_v3+fastconformer+xlsr+wav2vec_sb,5,w2vbert,7,1000
seamless_m4t+whisper_v3+fastconformer+xlsr+wav2vec_sb,5,hubert,6,1000
seamless_m4t+whisper_v3+fastconformer+xlsr+wav2vec_sb,5,wav2vec_sb,9,1000
seamless_m4t+whisper_v3+fastconformer+xlsr+wav2vec_sb,5,cohere,1,1000
seamless_m4t+whisper_v3+fastconformer+xlsr+cohere,5,seamless_m4t,5,1000
seamless_m4t+whisper_v3+fastconformer+xlsr+cohere,5,whisper_v3,2,917
seamless_m4t+whisper_v3+fastconformer+xlsr+cohere,5,whisper_v3,3,83
seamless_m4t+whisper_v3+fastconformer+xlsr+cohere,5,whisper_v2,3,1
seamless_m4t+whisper_v3+fastconformer+xlsr+cohere,5,whisper_v2,4,999
seamless_m4t+whisper_v3+fastconformer+xlsr+cohere,5,fastconformer,2,83
seamless_m4t+whisper_v3+fastconformer+xlsr+cohere,5,fastconformer,3,916
seamless_m4t+whisper_v3+fastconformer+xlsr+cohere,5,fastconformer,4,1
seamless_m4t+whisper_v3+fastconformer+xlsr+cohere,5,xlsr,8,1000
seamless_m4t+whisper_v3+fastconformer+xlsr+cohere,5,w2vbert,7,1000
seamless_m4t+whisper_v3+fastconformer+xlsr+cohere,5,hubert,6,1000
seamless_m4t+whisper_v3+fastconformer+xlsr+cohere,5,wav2vec_sb,9,1000
seamless_m4t+whisper_v3+fastconformer+xlsr+cohere,5,cohere,1,1000
seamless_m4t+whisper_v3+fastconformer+w2vbert+hubert,5,seamless_m4t,5,1000
seamless_m4t+whisper_v3+fastconformer+w2vbert+hubert,5,whisper_v3,3,1000
seamless_m4t+whisper_v3+fastconformer+w2vbert+hubert,5,whisper_v2,2,1000
seamless_m4t+whisper_v3+fastconformer+w2vbert+hubert,5,fastconformer,4,1000
seamless_m4t+whisper_v3+fastconformer+w2vbert+hubert,5,xlsr,8,1000
seamless_m4t+whisper_v3+fastconformer+w2vbert+hubert,5,w2vbert,7,1000
seamless_m4t+whisper_v3+fastconformer+w2vbert+hubert,5,hubert,6,1000
seamless_m4t+whisper_v3+fastconformer+w2vbert+hubert,5,wav2vec_sb,9,1000
seamless_m4t+whisper_v3+fastconformer+w2vbert+hubert,5,cohere,1,1000
seamless_m4t+whisper_v3+fastconformer+w2vbert+wav2vec_sb,5,seamless_m4t,5,1000
seamless_m4t+whisper_v3+fastconformer+w2vbert+wav2vec_sb,5,whisper_v3,3,986
seamless_m4t+whisper_v3+fastconformer+w2vbert+wav2vec_sb,5,whisper_v3,4,14
seamless_m4t+whisper_v3+fastconformer+w2vbert+wav2vec_sb,5,whisper_v2,2,1000
seamless_m4t+whisper_v3+fastconformer+w2vbert+wav2vec_sb,5,fastconformer,3,14
seamless_m4t+whisper_v3+fastconformer+w2vbert+wav2vec_sb,5,fastconformer,4,986
seamless_m4t+whisper_v3+fastconformer+w2vbert+wav2vec_sb,5,xlsr,8,1000
seamless_m4t+whisper_v3+fastconformer+w2vbert+wav2vec_sb,5,w2vbert,7,1000
seamless_m4t+whisper_v3+fastconformer+w2vbert+wav2vec_sb,5,hubert,6,1000
seamless_m4t+whisper_v3+fastconformer+w2vbert+wav2vec_sb,5,wav2vec_sb,9,1000
seamless_m4t+whisper_v3+fastconformer+w2vbert+wav2vec_sb,5,cohere,1,1000
seamless_m4t+whisper_v3+fastconformer+w2vbert+cohere,5,seamless_m4t,5,1000
seamless_m4t+whisper_v3+fastconformer+w2vbert+cohere,5,whisper_v3,2,925
seamless_m4t+whisper_v3+fastconformer+w2vbert+cohere,5,whisper_v3,3,75
seamless_m4t+whisper_v3+fastconformer+w2vbert+cohere,5,whisper_v2,3,3
seamless_m4t+whisper_v3+fastconformer+w2vbert+cohere,5,whisper_v2,4,997
seamless_m4t+whisper_v3+fastconformer+w2vbert+cohere,5,fastconformer,2,75
seamless_m4t+whisper_v3+fastconformer+w2vbert+cohere,5,fastconformer,3,922
seamless_m4t+whisper_v3+fastconformer+w2vbert+cohere,5,fastconformer,4,3
seamless_m4t+whisper_v3+fastconformer+w2vbert+cohere,5,xlsr,8,1000
seamless_m4t+whisper_v3+fastconformer+w2vbert+cohere,5,w2vbert,7,1000
seamless_m4t+whisper_v3+fastconformer+w2vbert+cohere,5,hubert,6,1000
seamless_m4t+whisper_v3+fastconformer+w2vbert+cohere,5,wav2vec_sb,9,1000
seamless_m4t+whisper_v3+fastconformer+w2vbert+cohere,5,cohere,1,1000
seamless_m4t+whisper_v3+fastconformer+hubert+wav2vec_sb,5,seamless_m4t,5,1000
seamless_m4t+whisper_v3+fastconformer+hubert+wav2vec_sb,5,whisper_v3,3,926
seamless_m4t+whisper_v3+fastconformer+hubert+wav2vec_sb,5,whisper_v3,4,74
seamless_m4t+whisper_v3+fastconformer+hubert+wav2vec_sb,5,whisper_v2,2,1000
seamless_m4t+whisper_v3+fastconformer+hubert+wav2vec_sb,5,fastconformer,3,74
seamless_m4t+whisper_v3+fastconformer+hubert+wav2vec_sb,5,fastconformer,4,926
seamless_m4t+whisper_v3+fastconformer+hubert+wav2vec_sb,5,xlsr,8,1000
seamless_m4t+whisper_v3+fastconformer+hubert+wav2vec_sb,5,w2vbert,7,1000
seamless_m4t+whisper_v3+fastconformer+hubert+wav2vec_sb,5,hubert,6,1000
seamless_m4t+whisper_v3+fastconformer+hubert+wav2vec_sb,5,wav2vec_sb,9,1000
seamless_m4t+whisper_v3+fastconformer+hubert+wav2vec_sb,5,cohere,1,1000
seamless_m4t+whisper_v3+fastconformer+hubert+cohere,5,seamless_m4t,4,1
seamless_m4t+whisper_v3+fastconformer+hubert+cohere,5,seamless_m4t,5,999
seamless_m4t+whisper_v3+fastconformer+hubert+cohere,5,whisper_v3,2,957
seamless_m4t+whisper_v3+fastconformer+hubert+cohere,5,whisper_v3,3,43
seamless_m4t+whisper_v3+fastconformer+hubert+cohere,5,whisper_v2,3,4
seamless_m4t+whisper_v3+fastconformer+hubert+cohere,5,whisper_v2,4,995
seamless_m4t+whisper_v3+fastconformer+hubert+cohere,5,whisper_v2,5,1
seamless_m4t+whisper_v3+fastconformer+hubert+cohere,5,fastconformer,2,43
seamless_m4t+whisper_v3+fastconformer+hubert+cohere,5,fastconformer,3,953
seamless_m4t+whisper_v3+fastconformer+hubert+cohere,5,fastconformer,4,4
seamless_m4t+whisper_v3+fastconformer+hubert+cohere,5,xlsr,8,1000
seamless_m4t+whisper_v3+fastconformer+hubert+cohere,5,w2vbert,7,1000
seamless_m4t+whisper_v3+fastconformer+hubert+cohere,5,hubert,6,1000
seamless_m4t+whisper_v3+fastconformer+hubert+cohere,5,wav2vec_sb,9,1000
seamless_m4t+whisper_v3+fastconformer+hubert+cohere,5,cohere,1,1000
seamless_m4t+whisper_v3+fastconformer+wav2vec_sb+cohere,5,seamless_m4t,5,1000
seamless_m4t+whisper_v3+fastconformer+wav2vec_sb+cohere,5,whisper_v3,2,939
seamless_m4t+whisper_v3+fastconformer+wav2vec_sb+cohere,5,whisper_v3,3,61
seamless_m4t+whisper_v3+fastconformer+wav2vec_sb+cohere,5,whisper_v2,3,1
seamless_m4t+whisper_v3+fastconformer+wav2vec_sb+cohere,5,whisper_v2,4,999
seamless_m4t+whisper_v3+fastconformer+wav2vec_sb+cohere,5,fastconformer,2,61
seamless_m4t+whisper_v3+fastconformer+wav2vec_sb+cohere,5,fastconformer,3,938
seamless_m4t+whisper_v3+fastconformer+wav2vec_sb+cohere,5,fastconformer,4,1
seamless_m4t+whisper_v3+fastconformer+wav2vec_sb+cohere,5,xlsr,8,1000
seamless_m4t+whisper_v3+fastconformer+wav2vec_sb+cohere,5,w2vbert,7,1000
seamless_m4t+whisper_v3+fastconformer+wav2vec_sb+cohere,5,hubert,6,1000
seamless_m4t+whisper_v3+fastconformer+wav2vec_sb+cohere,5,wav2vec_sb,9,1000
seamless_m4t+whisper_v3+fastconformer+wav2vec_sb+cohere,5,cohere,1,1000
seamless_m4t+whisper_v3+xlsr+w2vbert+hubert,5,seamless_m4t,5,1000
seamless_m4t+whisper_v3+xlsr+w2vbert+hubert,5,whisper_v3,4,1000
seamless_m4t+whisper_v3+xlsr+w2vbert+hubert,5,whisper_v2,1,3
seamless_m4t+whisper_v3+xlsr+w2vbert+hubert,5,whisper_v2,2,986
seamless_m4t+whisper_v3+xlsr+w2vbert+hubert,5,whisper_v2,3,11
seamless_m4t+whisper_v3+xlsr+w2vbert+hubert,5,fastconformer,2,11
seamless_m4t+whisper_v3+xlsr+w2vbert+hubert,5,fastconformer,3,989
seamless_m4t+whisper_v3+xlsr+w2vbert+hubert,5,xlsr,8,1000
seamless_m4t+whisper_v3+xlsr+w2vbert+hubert,5,w2vbert,7,1000
seamless_m4t+whisper_v3+xlsr+w2vbert+hubert,5,hubert,6,1000
seamless_m4t+whisper_v3+xlsr+w2vbert+hubert,5,wav2vec_sb,9,1000
seamless_m4t+whisper_v3+xlsr+w2vbert+hubert,5,cohere,1,997
seamless_m4t+whisper_v3+xlsr+w2vbert+hubert,5,cohere,2,3
seamless_m4t+whisper_v3+xlsr+w2vbert+wav2vec_sb,5,seamless_m4t,6,1000
seamless_m4t+whisper_v3+xlsr+w2vbert+wav2vec_sb,5,whisper_v3,5,1000
seamless_m4t+whisper_v3+xlsr+w2vbert+wav2vec_sb,5,whisper_v2,2,999
seamless_m4t+whisper_v3+xlsr+w2vbert+wav2vec_sb,5,whisper_v2,3,1
seamless_m4t+whisper_v3+xlsr+w2vbert+wav2vec_sb,5,fastconformer,2,1
seamless_m4t+whisper_v3+xlsr+w2vbert+wav2vec_sb,5,fastconformer,3,999
seamless_m4t+whisper_v3+xlsr+w2vbert+wav2vec_sb,5,xlsr,8,1000
seamless_m4t+whisper_v3+xlsr+w2vbert+wav2vec_sb,5,w2vbert,7,1000
seamless_m4t+whisper_v3+xlsr+w2vbert+wav2vec_sb,5,hubert,4,1000
seamless_m4t+whisper_v3+xlsr+w2vbert+wav2vec_sb,5,wav2vec_sb,9,1000
seamless_m4t+whisper_v3+xlsr+w2vbert+wav2vec_sb,5,cohere,1,1000
seamless_m4t+whisper_v3+xlsr+w2vbert+cohere,5,seamless_m4t,5,1000
seamless_m4t+whisper_v3+xlsr+w2vbert+cohere,5,whisper_v3,3,39
seamless_m4t+whisper_v3+xlsr+w2vbert+cohere,5,whisper_v3,4,961
seamless_m4t+whisper_v3+xlsr+w2vbert+cohere,5,whisper_v2,1,1
seamless_m4t+whisper_v3+xlsr+w2vbert+cohere,5,whisper_v2,2,999
seamless_m4t+whisper_v3+xlsr+w2vbert+cohere,5,fastconformer,1,999
seamless_m4t+whisper_v3+xlsr+w2vbert+cohere,5,fastconformer,2,1
seamless_m4t+whisper_v3+xlsr+w2vbert+cohere,5,xlsr,8,1000
seamless_m4t+whisper_v3+xlsr+w2vbert+cohere,5,w2vbert,7,1000
seamless_m4t+whisper_v3+xlsr+w2vbert+cohere,5,hubert,6,1000
seamless_m4t+whisper_v3+xlsr+w2vbert+cohere,5,wav2vec_sb,9,1000
seamless_m4t+whisper_v3+xlsr+w2vbert+cohere,5,cohere,3,961
seamless_m4t+whisper_v3+xlsr+w2vbert+cohere,5,cohere,4,39
seamless_m4t+whisper_v3+xlsr+hubert+wav2vec_sb,5,seamless_m4t,5,1000
seamless_m4t+whisper_v3+xlsr+hubert+wav2vec_sb,5,whisper_v3,4,1000
seamless_m4t+whisper_v3+xlsr+hubert+wav2vec_sb,5,whisper_v2,1,1
seamless_m4t+whisper_v3+xlsr+hubert+wav2vec_sb,5,whisper_v2,2,985
seamless_m4t+whisper_v3+xlsr+hubert+wav2vec_sb,5,whisper_v2,3,14
seamless_m4t+whisper_v3+xlsr+hubert+wav2vec_sb,5,fastconformer,2,14
seamless_m4t+whisper_v3+xlsr+hubert+wav2vec_sb,5,fastconformer,3,986
seamless_m4t+whisper_v3+xlsr+hubert+wav2vec_sb,5,xlsr,8,1000
seamless_m4t+whisper_v3+xlsr+hubert+wav2vec_sb,5,w2vbert,7,1000
seamless_m4t+whisper_v3+xlsr+hubert+wav2vec_sb,5,hubert,6,1000
seamless_m4t+whisper_v3+xlsr+hubert+wav2vec_sb,5,wav2vec_sb,9,1000
seamless_m4t+whisper_v3+xlsr+hubert+wav2vec_sb,5,cohere,1,999
seamless_m4t+whisper_v3+xlsr+hubert+wav2vec_sb,5,cohere,2,1
seamless_m4t+whisper_v3+xlsr+hubert+cohere,5,seamless_m4t,5,1000
seamless_m4t+whisper_v3+xlsr+hubert+cohere,5,whisper_v3,3,35
seamless_m4t+whisper_v3+xlsr+hubert+cohere,5,whisper_v3,4,965
seamless_m4t+whisper_v3+xlsr+hubert+cohere,5,whisper_v2,2,1000
seamless_m4t+whisper_v3+xlsr+hubert+cohere,5,fastconformer,1,1000
seamless_m4t+whisper_v3+xlsr+hubert+cohere,5,xlsr,8,1000
seamless_m4t+whisper_v3+xlsr+hubert+cohere,5,w2vbert,7,1000
seamless_m4t+whisper_v3+xlsr+hubert+cohere,5,hubert,6,1000
seamless_m4t+whisper_v3+xlsr+hubert+cohere,5,wav2vec_sb,9,1000
seamless_m4t+whisper_v3+xlsr+hubert+cohere,5,cohere,3,965
seamless_m4t+whisper_v3+xlsr+hubert+cohere,5,cohere,4,35
seamless_m4t+whisper_v3+xlsr+wav2vec_sb+cohere,5,seamless_m4t,5,1000
seamless_m4t+whisper_v3+xlsr+wav2vec_sb+cohere,5,whisper_v3,4,1000
seamless_m4t+whisper_v3+xlsr+wav2vec_sb+cohere,5,whisper_v2,2,1000
seamless_m4t+whisper_v3+xlsr+wav2vec_sb+cohere,5,fastconformer,1,1000
seamless_m4t+whisper_v3+xlsr+wav2vec_sb+cohere,5,xlsr,8,1000
seamless_m4t+whisper_v3+xlsr+wav2vec_sb+cohere,5,w2vbert,7,1000
seamless_m4t+whisper_v3+xlsr+wav2vec_sb+cohere,5,hubert,6,1000
seamless_m4t+whisper_v3+xlsr+wav2vec_sb+cohere,5,wav2vec_sb,9,1000
seamless_m4t+whisper_v3+xlsr+wav2vec_sb+cohere,5,cohere,3,1000
seamless_m4t+whisper_v3+w2vbert+hubert+wav2vec_sb,5,seamless_m4t,5,1000
seamless_m4t+whisper_v3+w2vbert+hubert+wav2vec_sb,5,whisper_v3,4,1000
seamless_m4t+whisper_v3+w2vbert+hubert+wav2vec_sb,5,whisper_v2,1,1
seamless_m4t+whisper_v3+w2vbert+hubert+wav2vec_sb,5,whisper_v2,2,993
seamless_m4t+whisper_v3+w2vbert+hubert+wav2vec_sb,5,whisper_v2,3,6
seamless_m4t+whisper_v3+w2vbert+hubert+wav2vec_sb,5,fastconformer,2,6
seamless_m4t+whisper_v3+w2vbert+hubert+wav2vec_sb,5,fastconformer,3,994
seamless_m4t+whisper_v3+w2vbert+hubert+wav2vec_sb,5,xlsr,8,1000
seamless_m4t+whisper_v3+w2vbert+hubert+wav2vec_sb,5,w2vbert,7,1000
seamless_m4t+whisper_v3+w2vbert+hubert+wav2vec_sb,5,hubert,6,1000
seamless_m4t+whisper_v3+w2vbert+hubert+wav2vec_sb,5,wav2vec_sb,9,1000
seamless_m4t+whisper_v3+w2vbert+hubert+wav2vec_sb,5,cohere,1,999
seamless_m4t+whisper_v3+w2vbert+hubert+wav2vec_sb,5,cohere,2,1
seamless_m4t+whisper_v3+w2vbert+hubert+cohere,5,seamless_m4t,5,1000
seamless_m4t+whisper_v3+w2vbert+hubert+cohere,5,whisper_v3,3,39
seamless_m4t+whisper_v3+w2vbert+hubert+cohere,5,whisper_v3,4,961
seamless_m4t+whisper_v3+w2vbert+hubert+cohere,5,whisper_v2,2,1000
seamless_m4t+whisper_v3+w2vbert+hubert+cohere,5,fastconformer,1,1000
seamless_m4t+whisper_v3+w2vbert+hubert+cohere,5,xlsr,8,1000
seamless_m4t+whisper_v3+w2vbert+hubert+cohere,5,w2vbert,7,1000
seamless_m4t+whisper_v3+w2vbert+hubert+cohere,5,hubert,6,1000
seamless_m4t+whisper_v3+w2vbert+hubert+cohere,5,wav2vec_sb,9,1000
seamless_m4t+whisper_v3+w2vbert+hubert+cohere,5,cohere,3,961
seamless_m4t+whisper_v3+w2vbert+hubert+cohere,5,cohere,4,39
seamless_m4t+whisper_v3+w2vbert+wav2vec_sb+cohere,5,seamless_m4t,5,1000
seamless_m4t+whisper_v3+w2vbert+wav2vec_sb+cohere,5,whisper_v3,3,47
seamless_m4t+whisper_v3+w2vbert+wav2vec_sb+cohere,5,whisper_v3,4,953
seamless_m4t+whisper_v3+w2vbert+wav2vec_sb+cohere,5,whisper_v2,1,1
seamless_m4t+whisper_v3+w2vbert+wav2vec_sb+cohere,5,whisper_v2,2,999
seamless_m4t+whisper_v3+w2vbert+wav2vec_sb+cohere,5,fastconformer,1,999
seamless_m4t+whisper_v3+w2vbert+wav2vec_sb+cohere,5,fastconformer,2,1
seamless_m4t+whisper_v3+w2vbert+wav2vec_sb+cohere,5,xlsr,8,1000
seamless_m4t+whisper_v3+w2vbert+wav2vec_sb+cohere,5,w2vbert,7,1000
seamless_m4t+whisper_v3+w2vbert+wav2vec_sb+cohere,5,hubert,6,1000
seamless_m4t+whisper_v3+w2vbert+wav2vec_sb+cohere,5,wav2vec_sb,9,1000
seamless_m4t+whisper_v3+w2vbert+wav2vec_sb+cohere,5,cohere,3,953
seamless_m4t+whisper_v3+w2vbert+wav2vec_sb+cohere,5,cohere,4,47
seamless_m4t+whisper_v3+hubert+wav2vec_sb+cohere,5,seamless_m4t,5,1000
seamless_m4t+whisper_v3+hubert+wav2vec_sb+cohere,5,whisper_v3,3,61
seamless_m4t+whisper_v3+hubert+wav2vec_sb+cohere,5,whisper_v3,4,939
seamless_m4t+whisper_v3+hubert+wav2vec_sb+cohere,5,whisper_v2,2,1000
seamless_m4t+whisper_v3+hubert+wav2vec_sb+cohere,5,fastconformer,1,1000
seamless_m4t+whisper_v3+hubert+wav2vec_sb+cohere,5,xlsr,8,1000
seamless_m4t+whisper_v3+hubert+wav2vec_sb+cohere,5,w2vbert,7,1000
seamless_m4t+whisper_v3+hubert+wav2vec_sb+cohere,5,hubert,6,1000
seamless_m4t+whisper_v3+hubert+wav2vec_sb+cohere,5,wav2vec_sb,9,1000
seamless_m4t+whisper_v3+hubert+wav2vec_sb+cohere,5,cohere,3,939
seamless_m4t+whisper_v3+hubert+wav2vec_sb+cohere,5,cohere,4,61
seamless_m4t+whisper_v2+fastconformer+xlsr+w2vbert,5,seamless_m4t,5,1000
seamless_m4t+whisper_v2+fastconformer+xlsr+w2vbert,5,whisper_v3,1,216
seamless_m4t+whisper_v2+fastconformer+xlsr+w2vbert,5,whisper_v3,2,784
seamless_m4t+whisper_v2+fastconformer+xlsr+w2vbert,5,whisper_v2,4,1000
seamless_m4t+whisper_v2+fastconformer+xlsr+w2vbert,5,fastconformer,3,1000
seamless_m4t+whisper_v2+fastconformer+xlsr+w2vbert,5,xlsr,8,1000
seamless_m4t+whisper_v2+fastconformer+xlsr+w2vbert,5,w2vbert,7,1000
seamless_m4t+whisper_v2+fastconformer+xlsr+w2vbert,5,hubert,6,1000
seamless_m4t+whisper_v2+fastconformer+xlsr+w2vbert,5,wav2vec_sb,9,1000
seamless_m4t+whisper_v2+fastconformer+xlsr+w2vbert,5,cohere,1,784
seamless_m4t+whisper_v2+fastconformer+xlsr+w2vbert,5,cohere,2,216
seamless_m4t+whisper_v2+fastconformer+xlsr+hubert,5,seamless_m4t,5,1000
seamless_m4t+whisper_v2+fastconformer+xlsr+hubert,5,whisper_v3,1,620
seamless_m4t+whisper_v2+fastconformer+xlsr+hubert,5,whisper_v3,2,380
seamless_m4t+whisper_v2+fastconformer+xlsr+hubert,5,whisper_v2,4,1000
seamless_m4t+whisper_v2+fastconformer+xlsr+hubert,5,fastconformer,3,1000
seamless_m4t+whisper_v2+fastconformer+xlsr+hubert,5,xlsr,8,1000
seamless_m4t+whisper_v2+fastconformer+xlsr+hubert,5,w2vbert,7,1000
seamless_m4t+whisper_v2+fastconformer+xlsr+hubert,5,hubert,6,1000
seamless_m4t+whisper_v2+fastconformer+xlsr+hubert,5,wav2vec_sb,9,1000
seamless_m4t+whisper_v2+fastconformer+xlsr+hubert,5,cohere,1,380
seamless_m4t+whisper_v2+fastconformer+xlsr+hubert,5,cohere,2,620
seamless_m4t+whisper_v2+fastconformer+xlsr+wav2vec_sb,5,seamless_m4t,5,1000
seamless_m4t+whisper_v2+fastconformer+xlsr+wav2vec_sb,5,whisper_v3,1,146
seamless_m4t+whisper_v2+fastconformer+xlsr+wav2vec_sb,5,whisper_v3,2,854
seamless_m4t+whisper_v2+fastconformer+xlsr+wav2vec_sb,5,whisper_v2,4,1000
seamless_m4t+whisper_v2+fastconformer+xlsr+wav2vec_sb,5,fastconformer,3,1000
seamless_m4t+whisper_v2+fastconformer+xlsr+wav2vec_sb,5,xlsr,8,1000
seamless_m4t+whisper_v2+fastconformer+xlsr+wav2vec_sb,5,w2vbert,7,1000
seamless_m4t+whisper_v2+fastconformer+xlsr+wav2vec_sb,5,hubert,6,1000
seamless_m4t+whisper_v2+fastconformer+xlsr+wav2vec_sb,5,wav2vec_sb,9,1000
seamless_m4t+whisper_v2+fastconformer+xlsr+wav2vec_sb,5,cohere,1,854
seamless_m4t+whisper_v2+fastconformer+xlsr+wav2vec_sb,5,cohere,2,146
seamless_m4t+whisper_v2+fastconformer+xlsr+cohere,5,seamless_m4t,4,359
seamless_m4t+whisper_v2+fastconformer+xlsr+cohere,5,seamless_m4t,5,641
seamless_m4t+whisper_v2+fastconformer+xlsr+cohere,5,whisper_v3,1,992
seamless_m4t+whisper_v2+fastconformer+xlsr+cohere,5,whisper_v3,2,8
seamless_m4t+whisper_v2+fastconformer+xlsr+cohere,5,whisper_v2,4,641
seamless_m4t+whisper_v2+fastconformer+xlsr+cohere,5,whisper_v2,5,359
seamless_m4t+whisper_v2+fastconformer+xlsr+cohere,5,fastconformer,3,1000
seamless_m4t+whisper_v2+fastconformer+xlsr+cohere,5,xlsr,8,1000
seamless_m4t+whisper_v2+fastconformer+xlsr+cohere,5,w2vbert,7,1000
seamless_m4t+whisper_v2+fastconformer+xlsr+cohere,5,hubert,6,1000
seamless_m4t+whisper_v2+fastconformer+xlsr+cohere,5,wav2vec_sb,9,1000
seamless_m4t+whisper_v2+fastconformer+xlsr+cohere,5,cohere,1,8
seamless_m4t+whisper_v2+fastconformer+xlsr+cohere,5,cohere,2,992
seamless_m4t+whisper_v2+fastconformer+w2vbert+hubert,5,seamless_m4t,5,1000
seamless_m4t+whisper_v2+fastconformer+w2vbert+hubert,5,whisper_v3,1,506
seamless_m4t+whisper_v2+fastconformer+w2vbert+hubert,5,whisper_v3,2,494
seamless_m4t+whisper_v2+fastconformer+w2vbert+hubert,5,whisper_v2,4,1000
seamless_m4t+whisper_v2+fastconformer+w2vbert+hubert,5,fastconformer,3,1000
seamless_m4t+whisper_v2+fastconformer+w2vbert+hubert,5,xlsr,8,1000
seamless_m4t+whisper_v2+fastconformer+w2vbert+hubert,5,w2vbert,7,1000
seamless_m4t+whisper_v2+fastconformer+w2vbert+hubert,5,hubert,6,1000
seamless_m4t+whisper_v2+fastconformer+w2vbert+hubert,5,wav2vec_sb,9,1000
seamless_m4t+whisper_v2+fastconformer+w2vbert+hubert,5,cohere,1,494
seamless_m4t+whisper_v2+fastconformer+w2vbert+hubert,5,cohere,2,506
seamless_m4t+whisper_v2+fastconformer+w2vbert+wav2vec_sb,5,seamless_m4t,4,3
seamless_m4t+whisper_v2+fastconformer+w2vbert+wav2vec_sb,5,seamless_m4t,5,997
seamless_m4t+whisper_v2+fastconformer+w2vbert+wav2vec_sb,5,whisper_v3,1,203
seamless_m4t+whisper_v2+fastconformer+w2vbert+wav2vec_sb,5,whisper_v3,2,797
seamless_m4t+whisper_v2+fastconformer+w2vbert+wav2vec_sb,5,whisper_v2,4,997
seamless_m4t+whisper_v2+fastconformer+w2vbert+wav2vec_sb,5,whisper_v2,5,3
seamless_m4t+whisper_v2+fastconformer+w2vbert+wav2vec_sb,5,fastconformer,3,1000
seamless_m4t+whisper_v2+fastconformer+w2vbert+wav2vec_sb,5,xlsr,8,1000
seamless_m4t+whisper_v2+fastconformer+w2vbert+wav2vec_sb,5,w2vbert,7,1000
seamless_m4t+whisper_v2+fastconformer+w2vbert+wav2vec_sb,5,hubert,6,1000
seamless_m4t+whisper_v2+fastconformer+w2vbert+wav2vec_sb,5,wav2vec_sb,9,1000
seamless_m4t+whisper_v2+fastconformer+w2vbert+wav2vec_sb,5,cohere,1,797
seamless_m4t+whisper_v2+fastconformer+w2vbert+wav2vec_sb,5,cohere,2,203
seamless_m4t+whisper_v2+fastconformer+w2vbert+cohere,5,seamless_m4t,4,290
seamless_m4t+whisper_v2+fastconformer+w2vbert+cohere,5,seamless_m4t,5,710
seamless_m4t+whisper_v2+fastconformer+w2vbert+cohere,5,whisper_v3,1,998
seamless_m4t+whisper_v2+fastconformer+w2vbert+cohere,5,whisper_v3,2,2
seamless_m4t+whisper_v2+fastconformer+w2vbert+cohere,5,whisper_v2,4,710
seamless_m4t+whisper_v2+fastconformer+w2vbert+cohere,5,whisper_v2,5,290
seamless_m4t+whisper_v2+fastconformer+w2vbert+cohere,5,fastconformer,3,1000
seamless_m4t+whisper_v2+fastconformer+w2vbert+cohere,5,xlsr,8,1000
seamless_m4t+whisper_v2+fastconformer+w2vbert+cohere,5,w2vbert,7,1000
seamless_m4t+whisper_v2+fastconformer+w2vbert+cohere,5,hubert,6,1000
seamless_m4t+whisper_v2+fastconformer+w2vbert+cohere,5,wav2vec_sb,9,1000
seamless_m4t+whisper_v2+fastconformer+w2vbert+cohere,5,cohere,1,2
seamless_m4t+whisper_v2+fastconformer+w2vbert+cohere,5,cohere,2,998
seamless_m4t+whisper_v2+fastconformer+hubert+wav2vec_sb,5,seamless_m4t,5,1000
seamless_m4t+whisper_v2+fastconformer+hubert+wav2vec_sb,5,whisper_v3,1,584
seamless_m4t+whisper_v2+fastconformer+hubert+wav2vec_sb,5,whisper_v3,2,416
seamless_m4t+whisper_v2+fastconformer+hubert+wav2vec_sb,5,whisper_v2,4,1000
seamless_m4t+whisper_v2+fastconformer+hubert+wav2vec_sb,5,fastconformer,3,1000
seamless_m4t+whisper_v2+fastconformer+hubert+wav2vec_sb,5,xlsr,8,1000
seamless_m4t+whisper_v2+fastconformer+hubert+wav2vec_sb,5,w2vbert,7,1000
seamless_m4t+whisper_v2+fastconformer+hubert+wav2vec_sb,5,hubert,6,1000
seamless_m4t+whisper_v2+fastconformer+hubert+wav2vec_sb,5,wav2vec_sb,9,1000
seamless_m4t+whisper_v2+fastconformer+hubert+wav2vec_sb,5,cohere,1,416
seamless_m4t+whisper_v2+fastconformer+hubert+wav2vec_sb,5,cohere,2,584
seamless_m4t+whisper_v2+fastconformer+hubert+cohere,5,seamless_m4t,4,193
seamless_m4t+whisper_v2+fastconformer+hubert+cohere,5,seamless_m4t,5,807
seamless_m4t+whisper_v2+fastconformer+hubert+cohere,5,whisper_v3,1,997
seamless_m4t+whisper_v2+fastconformer+hubert+cohere,5,whisper_v3,2,3
seamless_m4t+whisper_v2+fastconformer+hubert+cohere,5,whisper_v2,4,807
seamless_m4t+whisper_v2+fastconformer+hubert+cohere,5,whisper_v2,5,193
seamless_m4t+whisper_v2+fastconformer+hubert+cohere,5,fastconformer,3,1000
seamless_m4t+whisper_v2+fastconformer+hubert+cohere,5,xlsr,8,1000
seamless_m4t+whisper_v2+fastconformer+hubert+cohere,5,w2vbert,7,1000
seamless_m4t+whisper_v2+fastconformer+hubert+cohere,5,hubert,6,1000
seamless_m4t+whisper_v2+fastconformer+hubert+cohere,5,wav2vec_sb,9,1000
seamless_m4t+whisper_v2+fastconformer+hubert+cohere,5,cohere,1,3
seamless_m4t+whisper_v2+fastconformer+hubert+cohere,5,cohere,2,997
seamless_m4t+whisper_v2+fastconformer+wav2vec_sb+cohere,5,seamless_m4t,4,310
seamless_m4t+whisper_v2+fastconformer+wav2vec_sb+cohere,5,seamless_m4t,5,690
seamless_m4t+whisper_v2+fastconformer+wav2vec_sb+cohere,5,whisper_v3,1,988
seamless_m4t+whisper_v2+fastconformer+wav2vec_sb+cohere,5,whisper_v3,2,12
seamless_m4t+whisper_v2+fastconformer+wav2vec_sb+cohere,5,whisper_v2,4,690
seamless_m4t+whisper_v2+fastconformer+wav2vec_sb+cohere,5,whisper_v2,5,310
seamless_m4t+whisper_v2+fastconformer+wav2vec_sb+cohere,5,fastconformer,3,1000
seamless_m4t+whisper_v2+fastconformer+wav2vec_sb+cohere,5,xlsr,8,1000
seamless_m4t+whisper_v2+fastconformer+wav2vec_sb+cohere,5,w2vbert,7,1000
seamless_m4t+whisper_v2+fastconformer+wav2vec_sb+cohere,5,hubert,6,1000
seamless_m4t+whisper_v2+fastconformer+wav2vec_sb+cohere,5,wav2vec_sb,9,1000
seamless_m4t+whisper_v2+fastconformer+wav2vec_sb+cohere,5,cohere,1,12
seamless_m4t+whisper_v2+fastconformer+wav2vec_sb+cohere,5,cohere,2,988
seamless_m4t+whisper_v2+xlsr+w2vbert+hubert,5,seamless_m4t,5,1000
seamless_m4t+whisper_v2+xlsr+w2vbert+hubert,5,whisper_v3,1,1000
seamless_m4t+whisper_v2+xlsr+w2vbert+hubert,5,whisper_v2,4,1000
seamless_m4t+whisper_v2+xlsr+w2vbert+hubert,5,fastconformer,3,1000
seamless_m4t+whisper_v2+xlsr+w2vbert+hubert,5,xlsr,8,1000
seamless_m4t+whisper_v2+xlsr+w2vbert+hubert,5,w2vbert,7,1000
seamless_m4t+whisper_v2+xlsr+w2vbert+hubert,5,hubert,6,1000
seamless_m4t+whisper_v2+xlsr+w2vbert+hubert,5,wav2vec_sb,9,1000
seamless_m4t+whisper_v2+xlsr+w2vbert+hubert,5,cohere,2,1000
seamless_m4t+whisper_v2+xlsr+w2vbert+wav2vec_sb,5,seamless_m4t,5,6
seamless_m4t+whisper_v2+xlsr+w2vbert+wav2vec_sb,5,seamless_m4t,6,994
seamless_m4t+whisper_v2+xlsr+w2vbert+wav2vec_sb,5,whisper_v3,1,1000
seamless_m4t+whisper_v2+xlsr+w2vbert+wav2vec_sb,5,whisper_v2,5,994
seamless_m4t+whisper_v2+xlsr+w2vbert+wav2vec_sb,5,whisper_v2,6,6
seamless_m4t+whisper_v2+xlsr+w2vbert+wav2vec_sb,5,fastconformer,3,1000
seamless_m4t+whisper_v2+xlsr+w2vbert+wav2vec_sb,5,xlsr,8,1000
seamless_m4t+whisper_v2+xlsr+w2vbert+wav2vec_sb,5,w2vbert,7,1000
seamless_m4t+whisper_v2+xlsr+w2vbert+wav2vec_sb,5,hubert,4,1000
seamless_m4t+whisper_v2+xlsr+w2vbert+wav2vec_sb,5,wav2vec_sb,9,1000
seamless_m4t+whisper_v2+xlsr+w2vbert+wav2vec_sb,5,cohere,2,1000
seamless_m4t+whisper_v2+xlsr+w2vbert+cohere,5,seamless_m4t,4,9
seamless_m4t+whisper_v2+xlsr+w2vbert+cohere,5,seamless_m4t,5,991
seamless_m4t+whisper_v2+xlsr+w2vbert+cohere,5,whisper_v3,1,1000
seamless_m4t+whisper_v2+xlsr+w2vbert+cohere,5,whisper_v2,4,991
seamless_m4t+whisper_v2+xlsr+w2vbert+cohere,5,whisper_v2,5,9
seamless_m4t+whisper_v2+xlsr+w2vbert+cohere,5,fastconformer,2,1000
seamless_m4t+whisper_v2+xlsr+w2vbert+cohere,5,xlsr,8,1000
seamless_m4t+whisper_v2+xlsr+w2vbert+cohere,5,w2vbert,7,1000
seamless_m4t+whisper_v2+xlsr+w2vbert+cohere,5,hubert,6,1000
seamless_m4t+whisper_v2+xlsr+w2vbert+cohere,5,wav2vec_sb,9,1000
seamless_m4t+whisper_v2+xlsr+w2vbert+cohere,5,cohere,3,1000
seamless_m4t+whisper_v2+xlsr+hubert+wav2vec_sb,5,seamless_m4t,5,1000
seamless_m4t+whisper_v2+xlsr+hubert+wav2vec_sb,5,whisper_v3,1,1000
seamless_m4t+whisper_v2+xlsr+hubert+wav2vec_sb,5,whisper_v2,4,1000
seamless_m4t+whisper_v2+xlsr+hubert+wav2vec_sb,5,fastconformer,3,1000
seamless_m4t+whisper_v2+xlsr+hubert+wav2vec_sb,5,xlsr,8,1000
seamless_m4t+whisper_v2+xlsr+hubert+wav2vec_sb,5,w2vbert,7,1000
seamless_m4t+whisper_v2+xlsr+hubert+wav2vec_sb,5,hubert,6,1000
seamless_m4t+whisper_v2+xlsr+hubert+wav2vec_sb,5,wav2vec_sb,9,1000
seamless_m4t+whisper_v2+xlsr+hubert+wav2vec_sb,5,cohere,2,1000
seamless_m4t+whisper_v2+xlsr+hubert+cohere,5,seamless_m4t,4,1
seamless_m4t+whisper_v2+xlsr+hubert+cohere,5,seamless_m4t,5,999
seamless_m4t+whisper_v2+xlsr+hubert+cohere,5,whisper_v3,1,1000
seamless_m4t+whisper_v2+xlsr+hubert+cohere,5,whisper_v2,4,999
seamless_m4t+whisper_v2+xlsr+hubert+cohere,5,whisper_v2,5,1
seamless_m4t+whisper_v2+xlsr+hubert+cohere,5,fastconformer,2,1000
seamless_m4t+whisper_v2+xlsr+hubert+cohere,5,xlsr,8,1000
seamless_m4t+whisper_v2+xlsr+hubert+cohere,5,w2vbert,7,1000
seamless_m4t+whisper_v2+xlsr+hubert+cohere,5,hubert,6,1000
seamless_m4t+whisper_v2+xlsr+hubert+cohere,5,wav2vec_sb,9,1000
seamless_m4t+whisper_v2+xlsr+hubert+cohere,5,cohere,3,1000
seamless_m4t+whisper_v2+xlsr+wav2vec_sb+cohere,5,seamless_m4t,4,61
seamless_m4t+whisper_v2+xlsr+wav2vec_sb+cohere,5,seamless_m4t,5,939
seamless_m4t+whisper_v2+xlsr+wav2vec_sb+cohere,5,whisper_v3,1,1000
seamless_m4t+whisper_v2+xlsr+wav2vec_sb+cohere,5,whisper_v2,4,939
seamless_m4t+whisper_v2+xlsr+wav2vec_sb+cohere,5,whisper_v2,5,61
seamless_m4t+whisper_v2+xlsr+wav2vec_sb+cohere,5,fastconformer,2,1000
seamless_m4t+whisper_v2+xlsr+wav2vec_sb+cohere,5,xlsr,8,1000
seamless_m4t+whisper_v2+xlsr+wav2vec_sb+cohere,5,w2vbert,7,1000
seamless_m4t+whisper_v2+xlsr+wav2vec_sb+cohere,5,hubert,6,1000
seamless_m4t+whisper_v2+xlsr+wav2vec_sb+cohere,5,wav2vec_sb,9,1000
seamless_m4t+whisper_v2+xlsr+wav2vec_sb+cohere,5,cohere,3,1000
seamless_m4t+whisper_v2+w2vbert+hubert+wav2vec_sb,5,seamless_m4t,5,1000
seamless_m4t+whisper_v2+w2vbert+hubert+wav2vec_sb,5,whisper_v3,1,1000
seamless_m4t+whisper_v2+w2vbert+hubert+wav2vec_sb,5,whisper_v2,4,1000
seamless_m4t+whisper_v2+w2vbert+hubert+wav2vec_sb,5,fastconformer,3,1000
seamless_m4t+whisper_v2+w2vbert+hubert+wav2vec_sb,5,xlsr,8,1000
seamless_m4t+whisper_v2+w2vbert+hubert+wav2vec_sb,5,w2vbert,7,1000
seamless_m4t+whisper_v2+w2vbert+hubert+wav2vec_sb,5,hubert,6,1000
seamless_m4t+whisper_v2+w2vbert+hubert+wav2vec_sb,5,wav2vec_sb,9,1000
seamless_m4t+whisper_v2+w2vbert+hubert+wav2vec_sb,5,cohere,2,1000
seamless_m4t+whisper_v2+w2vbert+hubert+cohere,5,seamless_m4t,4,1
seamless_m4t+whisper_v2+w2vbert+hubert+cohere,5,seamless_m4t,5,999
seamless_m4t+whisper_v2+w2vbert+hubert+cohere,5,whisper_v3,1,1000
seamless_m4t+whisper_v2+w2vbert+hubert+cohere,5,whisper_v2,4,999
seamless_m4t+whisper_v2+w2vbert+hubert+cohere,5,whisper_v2,5,1
seamless_m4t+whisper_v2+w2vbert+hubert+cohere,5,fastconformer,2,1000
seamless_m4t+whisper_v2+w2vbert+hubert+cohere,5,xlsr,8,1000
seamless_m4t+whisper_v2+w2vbert+hubert+cohere,5,w2vbert,7,1000
seamless_m4t+whisper_v2+w2vbert+hubert+cohere,5,hubert,6,1000
seamless_m4t+whisper_v2+w2vbert+hubert+cohere,5,wav2vec_sb,9,1000
seamless_m4t+whisper_v2+w2vbert+hubert+cohere,5,cohere,3,1000
seamless_m4t+whisper_v2+w2vbert+wav2vec_sb+cohere,5,seamless_m4t,4,163
seamless_m4t+whisper_v2+w2vbert+wav2vec_sb+cohere,5,seamless_m4t,5,837
seamless_m4t+whisper_v2+w2vbert+wav2vec_sb+cohere,5,whisper_v3,1,1000
seamless_m4t+whisper_v2+w2vbert+wav2vec_sb+cohere,5,whisper_v2,4,837
seamless_m4t+whisper_v2+w2vbert+wav2vec_sb+cohere,5,whisper_v2,5,163
seamless_m4t+whisper_v2+w2vbert+wav2vec_sb+cohere,5,fastconformer,2,1000
seamless_m4t+whisper_v2+w2vbert+wav2vec_sb+cohere,5,xlsr,8,1000
seamless_m4t+whisper_v2+w2vbert+wav2vec_sb+cohere,5,w2vbert,7,1000
seamless_m4t+whisper_v2+w2vbert+wav2vec_sb+cohere,5,hubert,6,1000
seamless_m4t+whisper_v2+w2vbert+wav2vec_sb+cohere,5,wav2vec_sb,9,1000
seamless_m4t+whisper_v2+w2vbert+wav2vec_sb+cohere,5,cohere,3,1000
seamless_m4t+whisper_v2+hubert+wav2vec_sb+cohere,5,seamless_m4t,4,2
seamless_m4t+whisper_v2+hubert+wav2vec_sb+cohere,5,seamless_m4t,5,998
seamless_m4t+whisper_v2+hubert+wav2vec_sb+cohere,5,whisper_v3,1,1000
seamless_m4t+whisper_v2+hubert+wav2vec_sb+cohere,5,whisper_v2,4,998
seamless_m4t+whisper_v2+hubert+wav2vec_sb+cohere,5,whisper_v2,5,2
seamless_m4t+whisper_v2+hubert+wav2vec_sb+cohere,5,fastconformer,2,1000
seamless_m4t+whisper_v2+hubert+wav2vec_sb+cohere,5,xlsr,8,1000
seamless_m4t+whisper_v2+hubert+wav2vec_sb+cohere,5,w2vbert,7,1000
seamless_m4t+whisper_v2+hubert+wav2vec_sb+cohere,5,hubert,6,1000
seamless_m4t+whisper_v2+hubert+wav2vec_sb+cohere,5,wav2vec_sb,9,1000
seamless_m4t+whisper_v2+hubert+wav2vec_sb+cohere,5,cohere,3,1000
seamless_m4t+fastconformer+xlsr+w2vbert+hubert,5,seamless_m4t,5,1000
seamless_m4t+fastconformer+xlsr+w2vbert+hubert,5,whisper_v3,2,1000
seamless_m4t+fastconformer+xlsr+w2vbert+hubert,5,whisper_v2,3,1000
seamless_m4t+fastconformer+xlsr+w2vbert+hubert,5,fastconformer,4,1000
seamless_m4t+fastconformer+xlsr+w2vbert+hubert,5,xlsr,8,1000
seamless_m4t+fastconformer+xlsr+w2vbert+hubert,5,w2vbert,7,1000
seamless_m4t+fastconformer+xlsr+w2vbert+hubert,5,hubert,6,1000
seamless_m4t+fastconformer+xlsr+w2vbert+hubert,5,wav2vec_sb,9,1000
seamless_m4t+fastconformer+xlsr+w2vbert+hubert,5,cohere,1,1000
seamless_m4t+fastconformer+xlsr+w2vbert+wav2vec_sb,5,seamless_m4t,6,1000
seamless_m4t+fastconformer+xlsr+w2vbert+wav2vec_sb,5,whisper_v3,2,1000
seamless_m4t+fastconformer+xlsr+w2vbert+wav2vec_sb,5,whisper_v2,3,1000
seamless_m4t+fastconformer+xlsr+w2vbert+wav2vec_sb,5,fastconformer,5,1000
seamless_m4t+fastconformer+xlsr+w2vbert+wav2vec_sb,5,xlsr,8,1000
seamless_m4t+fastconformer+xlsr+w2vbert+wav2vec_sb,5,w2vbert,7,1000
seamless_m4t+fastconformer+xlsr+w2vbert+wav2vec_sb,5,hubert,4,1000
seamless_m4t+fastconformer+xlsr+w2vbert+wav2vec_sb,5,wav2vec_sb,9,1000
seamless_m4t+fastconformer+xlsr+w2vbert+wav2vec_sb,5,cohere,1,1000
seamless_m4t+fastconformer+xlsr+w2vbert+cohere,5,seamless_m4t,5,1000
seamless_m4t+fastconformer+xlsr+w2vbert+cohere,5,whisper_v3,1,1000
seamless_m4t+fastconformer+xlsr+w2vbert+cohere,5,whisper_v2,2,691
seamless_m4t+fastconformer+xlsr+w2vbert+cohere,5,whisper_v2,3,309
seamless_m4t+fastconformer+xlsr+w2vbert+cohere,5,fastconformer,4,1000
seamless_m4t+fastconformer+xlsr+w2vbert+cohere,5,xlsr,8,1000
seamless_m4t+fastconformer+xlsr+w2vbert+cohere,5,w2vbert,7,1000
seamless_m4t+fastconformer+xlsr+w2vbert+cohere,5,hubert,6,1000
seamless_m4t+fastconformer+xlsr+w2vbert+cohere,5,wav2vec_sb,9,1000
seamless_m4t+fastconformer+xlsr+w2vbert+cohere,5,cohere,2,309
seamless_m4t+fastconformer+xlsr+w2vbert+cohere,5,cohere,3,691
seamless_m4t+fastconformer+xlsr+hubert+wav2vec_sb,5,seamless_m4t,5,1000
seamless_m4t+fastconformer+xlsr+hubert+wav2vec_sb,5,whisper_v3,2,1000
seamless_m4t+fastconformer+xlsr+hubert+wav2vec_sb,5,whisper_v2,3,1000
seamless_m4t+fastconformer+xlsr+hubert+wav2vec_sb,5,fastconformer,4,1000
seamless_m4t+fastconformer+xlsr+hubert+wav2vec_sb,5,xlsr,8,1000
seamless_m4t+fastconformer+xlsr+hubert+wav2vec_sb,5,w2vbert,7,1000
seamless_m4t+fastconformer+xlsr+hubert+wav2vec_sb,5,hubert,6,1000
seamless_m4t+fastconformer+xlsr+hubert+wav2vec_sb,5,wav2vec_sb,9,1000
seamless_m4t+fastconformer+xlsr+hubert+wav2vec_sb,5,cohere,1,1000
seamless_m4t+fastconformer+xlsr+hubert+cohere,5,seamless_m4t,5,1000
seamless_m4t+fastconformer+xlsr+hubert+cohere,5,whisper_v3,1,1000
seamless_m4t+fastconformer+xlsr+hubert+cohere,5,whisper_v2,2,61
seamless_m4t+fastconformer+xlsr+hubert+cohere,5,whisper_v2,3,496
seamless_m4t+fastconformer+xlsr+hubert+cohere,5,whisper_v2,4,443
seamless_m4t+fastconformer+xlsr+hubert+cohere,5,fastconformer,2,2
seamless_m4t+fastconformer+xlsr+hubert+cohere,5,fastconformer,3,441
seamless_m4t+fastconformer+xlsr+hubert+cohere,5,fastconformer,4,557
seamless_m4t+fastconformer+xlsr+hubert+cohere,5,xlsr,8,1000
seamless_m4t+fastconformer+xlsr+hubert+cohere,5,w2vbert,7,1000
seamless_m4t+fastconformer+xlsr+hubert+cohere,5,hubert,6,1000
seamless_m4t+fastconformer+xlsr+hubert+cohere,5,wav2vec_sb,9,1000
seamless_m4t+fastconformer+xlsr+hubert+cohere,5,cohere,2,937
seamless_m4t+fastconformer+xlsr+hubert+cohere,5,cohere,3,63
seamless_m4t+fastconformer+xlsr+wav2vec_sb+cohere,5,seamless_m4t,5,1000
seamless_m4t+fastconformer+xlsr+wav2vec_sb+cohere,5,whisper_v3,1,1000
seamless_m4t+fastconformer+xlsr+wav2vec_sb+cohere,5,whisper_v2,2,953
seamless_m4t+fastconformer+xlsr+wav2vec_sb+cohere,5,whisper_v2,3,47
seamless_m4t+fastconformer+xlsr+wav2vec_sb+cohere,5,fastconformer,4,1000
seamless_m4t+fastconformer+xlsr+wav2vec_sb+cohere,5,xlsr,8,1000
seamless_m4t+fastconformer+xlsr+wav2vec_sb+cohere,5,w2vbert,7,1000
seamless_m4t+fastconformer+xlsr+wav2vec_sb+cohere,5,hubert,6,1000
seamless_m4t+fastconformer+xlsr+wav2vec_sb+cohere,5,wav2vec_sb,9,1000
seamless_m4t+fastconformer+xlsr+wav2vec_sb+cohere,5,cohere,2,47
seamless_m4t+fastconformer+xlsr+wav2vec_sb+cohere,5,cohere,3,953
seamless_m4t+fastconformer+w2vbert+hubert+wav2vec_sb,5,seamless_m4t,5,1000
seamless_m4t+fastconformer+w2vbert+hubert+wav2vec_sb,5,whisper_v3,2,1000
seamless_m4t+fastconformer+w2vbert+hubert+wav2vec_sb,5,whisper_v2,3,1000
seamless_m4t+fastconformer+w2vbert+hubert+wav2vec_sb,5,fastconformer,4,1000
seamless_m4t+fastconformer+w2vbert+hubert+wav2vec_sb,5,xlsr,8,1000
seamless_m4t+fastconformer+w2vbert+hubert+wav2vec_sb,5,w2vbert,7,1000
seamless_m4t+fastconformer+w2vbert+hubert+wav2vec_sb,5,hubert,6,1000
seamless_m4t+fastconformer+w2vbert+hubert+wav2vec_sb,5,wav2vec_sb,9,1000
seamless_m4t+fastconformer+w2vbert+hubert+wav2vec_sb,5,cohere,1,1000
seamless_m4t+fastconformer+w2vbert+hubert+cohere,5,seamless_m4t,5,1000
seamless_m4t+fastconformer+w2vbert+hubert+cohere,5,whisper_v3,1,1000
seamless_m4t+fastconformer+w2vbert+hubert+cohere,5,whisper_v2,2,14
seamless_m4t+fastconformer+w2vbert+hubert+cohere,5,whisper_v2,3,523
seamless_m4t+fastconformer+w2vbert+hubert+cohere,5,whisper_v2,4,463
seamless_m4t+fastconformer+w2vbert+hubert+cohere,5,fastconformer,2,2
seamless_m4t+fastconformer+w2vbert+hubert+cohere,5,fastconformer,3,461
seamless_m4t+fastconformer+w2vbert+hubert+cohere,5,fastconformer,4,537
seamless_m4t+fastconformer+w2vbert+hubert+cohere,5,xlsr,8,1000
seamless_m4t+fastconformer+w2vbert+hubert+cohere,5,w2vbert,7,1000
seamless_m4t+fastconformer+w2vbert+hubert+cohere,5,hubert,6,1000
seamless_m4t+fastconformer+w2vbert+hubert+cohere,5,wav2vec_sb,9,1000
seamless_m4t+fastconformer+w2vbert+hubert+cohere,5,cohere,2,984
seamless_m4t+fastconformer+w2vbert+hubert+cohere,5,cohere,3,16
seamless_m4t+fastconformer+w2vbert+wav2vec_sb+cohere,5,seamless_m4t,5,1000
seamless_m4t+fastconformer+w2vbert+wav2vec_sb+cohere,5,whisper_v3,1,1000
seamless_m4t+fastconformer+w2vbert+wav2vec_sb+cohere,5,whisper_v2,2,918
seamless_m4t+fastconformer+w2vbert+wav2vec_sb+cohere,5,whisper_v2,3,82
seamless_m4t+fastconformer+w2vbert+wav2vec_sb+cohere,5,fastconformer,3,15
seamless_m4t+fastconformer+w2vbert+wav2vec_sb+cohere,5,fastconformer,4,985
seamless_m4t+fastconformer+w2vbert+wav2vec_sb+cohere,5,xlsr,8,1000
seamless_m4t+fastconformer+w2vbert+wav2vec_sb+cohere,5,w2vbert,7,1000
seamless_m4t+fastconformer+w2vbert+wav2vec_sb+cohere,5,hubert,6,1000
seamless_m4t+fastconformer+w2vbert+wav2vec_sb+cohere,5,wav2vec_sb,9,1000
seamless_m4t+fastconformer+w2vbert+wav2vec_sb+cohere,5,cohere,2,82
seamless_m4t+fastconformer+w2vbert+wav2vec_sb+cohere,5,cohere,3,903
seamless_m4t+fastconformer+w2vbert+wav2vec_sb+cohere,5,cohere,4,15
seamless_m4t+fastconformer+hubert+wav2vec_sb+cohere,5,seamless_m4t,5,1000
seamless_m4t+fastconformer+hubert+wav2vec_sb+cohere,5,whisper_v3,1,1000
seamless_m4t+fastconformer+hubert+wav2vec_sb+cohere,5,whisper_v2,2,51
seamless_m4t+fastconformer+hubert+wav2vec_sb+cohere,5,whisper_v2,3,473
seamless_m4t+fastconformer+hubert+wav2vec_sb+cohere,5,whisper_v2,4,476
seamless_m4t+fastconformer+hubert+wav2vec_sb+cohere,5,fastconformer,2,4
seamless_m4t+fastconformer+hubert+wav2vec_sb+cohere,5,fastconformer,3,473
seamless_m4t+fastconformer+hubert+wav2vec_sb+cohere,5,fastconformer,4,523
seamless_m4t+fastconformer+hubert+wav2vec_sb+cohere,5,xlsr,8,1000
seamless_m4t+fastconformer+hubert+wav2vec_sb+cohere,5,w2vbert,7,1000
seamless_m4t+fastconformer+hubert+wav2vec_sb+cohere,5,hubert,6,1000
seamless_m4t+fastconformer+hubert+wav2vec_sb+cohere,5,wav2vec_sb,9,1000
seamless_m4t+fastconformer+hubert+wav2vec_sb+cohere,5,cohere,2,945
seamless_m4t+fastconformer+hubert+wav2vec_sb+cohere,5,cohere,3,54
seamless_m4t+fastconformer+hubert+wav2vec_sb+cohere,5,cohere,4,1
seamless_m4t+xlsr+w2vbert+hubert+wav2vec_sb,5,seamless_m4t,7,1000
seamless_m4t+xlsr+w2vbert+hubert+wav2vec_sb,5,whisper_v3,1,892
seamless_m4t+xlsr+w2vbert+hubert+wav2vec_sb,5,whisper_v3,2,107
seamless_m4t+xlsr+w2vbert+hubert+wav2vec_sb,5,whisper_v3,3,1
seamless_m4t+xlsr+w2vbert+hubert+wav2vec_sb,5,whisper_v2,3,1
seamless_m4t+xlsr+w2vbert+hubert+wav2vec_sb,5,whisper_v2,4,999
seamless_m4t+xlsr+w2vbert+hubert+wav2vec_sb,5,fastconformer,1,107
seamless_m4t+xlsr+w2vbert+hubert+wav2vec_sb,5,fastconformer,2,851
seamless_m4t+xlsr+w2vbert+hubert+wav2vec_sb,5,fastconformer,3,42
seamless_m4t+xlsr+w2vbert+hubert+wav2vec_sb,5,xlsr,8,1000
seamless_m4t+xlsr+w2vbert+hubert+wav2vec_sb,5,w2vbert,6,1000
seamless_m4t+xlsr+w2vbert+hubert+wav2vec_sb,5,hubert,5,1000
seamless_m4t+xlsr+w2vbert+hubert+wav2vec_sb,5,wav2vec_sb,9,1000
seamless_m4t+xlsr+w2vbert+hubert+wav2vec_sb,5,cohere,1,1
seamless_m4t+xlsr+w2vbert+hubert+wav2vec_sb,5,cohere,2,42
seamless_m4t+xlsr+w2vbert+hubert+wav2vec_sb,5,cohere,3,956
seamless_m4t+xlsr+w2vbert+hubert+wav2vec_sb,5,cohere,4,1
seamless_m4t+xlsr+w2vbert+hubert+cohere,5,seamless_m4t,5,1000
seamless_m4t+xlsr+w2vbert+hubert+cohere,5,whisper_v3,1,979
seamless_m4t+xlsr+w2vbert+hubert+cohere,5,whisper_v3,2,21
seamless_m4t+xlsr+w2vbert+hubert+cohere,5,whisper_v2,3,1000
seamless_m4t+xlsr+w2vbert+hubert+cohere,5,fastconformer,1,21
seamless_m4t+xlsr+w2vbert+hubert+cohere,5,fastconformer,2,979
seamless_m4t+xlsr+w2vbert+hubert+cohere,5,xlsr,8,1000
seamless_m4t+xlsr+w2vbert+hubert+cohere,5,w2vbert,7,1000
seamless_m4t+xlsr+w2vbert+hubert+cohere,5,hubert,6,1000
seamless_m4t+xlsr+w2vbert+hubert+cohere,5,wav2vec_sb,9,1000
seamless_m4t+xlsr+w2vbert+hubert+cohere,5,cohere,4,1000
seamless_m4t+xlsr+w2vbert+wav2vec_sb+cohere,5,seamless_m4t,6,1000
seamless_m4t+xlsr+w2vbert+wav2vec_sb+cohere,5,whisper_v3,1,996
seamless_m4t+xlsr+w2vbert+wav2vec_sb+cohere,5,whisper_v3,2,4
seamless_m4t+xlsr+w2vbert+wav2vec_sb+cohere,5,whisper_v2,3,1000
seamless_m4t+xlsr+w2vbert+wav2vec_sb+cohere,5,fastconformer,1,4
seamless_m4t+xlsr+w2vbert+wav2vec_sb+cohere,5,fastconformer,2,996
seamless_m4t+xlsr+w2vbert+wav2vec_sb+cohere,5,xlsr,8,1000
seamless_m4t+xlsr+w2vbert+wav2vec_sb+cohere,5,w2vbert,7,1000
seamless_m4t+xlsr+w2vbert+wav2vec_sb+cohere,5,hubert,4,1000
seamless_m4t+xlsr+w2vbert+wav2vec_sb+cohere,5,wav2vec_sb,9,1000
seamless_m4t+xlsr+w2vbert+wav2vec_sb+cohere,5,cohere,5,1000
seamless_m4t+xlsr+hubert+wav2vec_sb+cohere,5,seamless_m4t,5,1000
seamless_m4t+xlsr+hubert+wav2vec_sb+cohere,5,whisper_v3,1,965
seamless_m4t+xlsr+hubert+wav2vec_sb+cohere,5,whisper_v3,2,35
seamless_m4t+xlsr+hubert+wav2vec_sb+cohere,5,whisper_v2,3,1000
seamless_m4t+xlsr+hubert+wav2vec_sb+cohere,5,fastconformer,1,35
seamless_m4t+xlsr+hubert+wav2vec_sb+cohere,5,fastconformer,2,965
seamless_m4t+xlsr+hubert+wav2vec_sb+cohere,5,xlsr,8,1000
seamless_m4t+xlsr+hubert+wav2vec_sb+cohere,5,w2vbert,7,1000
seamless_m4t+xlsr+hubert+wav2vec_sb+cohere,5,hubert,6,1000
seamless_m4t+xlsr+hubert+wav2vec_sb+cohere,5,wav2vec_sb,9,1000
seamless_m4t+xlsr+hubert+wav2vec_sb+cohere,5,cohere,4,1000
seamless_m4t+w2vbert+hubert+wav2vec_sb+cohere,5,seamless_m4t,5,1000
seamless_m4t+w2vbert+hubert+wav2vec_sb+cohere,5,whisper_v3,1,986
seamless_m4t+w2vbert+hubert+wav2vec_sb+cohere,5,whisper_v3,2,14
seamless_m4t+w2vbert+hubert+wav2vec_sb+cohere,5,whisper_v2,3,1000
seamless_m4t+w2vbert+hubert+wav2vec_sb+cohere,5,fastconformer,1,14
seamless_m4t+w2vbert+hubert+wav2vec_sb+cohere,5,fastconformer,2,986
seamless_m4t+w2vbert+hubert+wav2vec_sb+cohere,5,xlsr,8,1000
seamless_m4t+w2vbert+hubert+wav2vec_sb+cohere,5,w2vbert,7,1000
seamless_m4t+w2vbert+hubert+wav2vec_sb+cohere,5,hubert,6,1000
seamless_m4t+w2vbert+hubert+wav2vec_sb+cohere,5,wav2vec_sb,9,1000
seamless_m4t+w2vbert+hubert+wav2vec_sb+cohere,5,cohere,4,1000
whisper_v3+whisper_v2+fastconformer+xlsr+w2vbert,5,seamless_m4t,4,261
whisper_v3+whisper_v2+fastconformer+xlsr+w2vbert,5,seamless_m4t,5,739
whisper_v3+whisper_v2+fastconformer+xlsr+w2vbert,5,whisper_v3,2,1000
whisper_v3+whisper_v2+fastconformer+xlsr+w2vbert,5,whisper_v2,3,1000
whisper_v3+whisper_v2+fastconformer+xlsr+w2vbert,5,fastconformer,4,739
whisper_v3+whisper_v2+fastconformer+xlsr+w2vbert,5,fastconformer,5,261
whisper_v3+whisper_v2+fastconformer+xlsr+w2vbert,5,xlsr,8,1000
whisper_v3+whisper_v2+fastconformer+xlsr+w2vbert,5,w2vbert,7,1000
whisper_v3+whisper_v2+fastconformer+xlsr+w2vbert,5,hubert,6,1000
whisper_v3+whisper_v2+fastconformer+xlsr+w2vbert,5,wav2vec_sb,9,1000
whisper_v3+whisper_v2+fastconformer+xlsr+w2vbert,5,cohere,1,1000
whisper_v3+whisper_v2+fastconformer+xlsr+hubert,5,seamless_m4t,4,68
whisper_v3+whisper_v2+fastconformer+xlsr+hubert,5,seamless_m4t,5,932
whisper_v3+whisper_v2+fastconformer+xlsr+hubert,5,whisper_v3,2,1000
whisper_v3+whisper_v2+fastconformer+xlsr+hubert,5,whisper_v2,3,1000
whisper_v3+whisper_v2+fastconformer+xlsr+hubert,5,fastconformer,4,932
whisper_v3+whisper_v2+fastconformer+xlsr+hubert,5,fastconformer,5,68
whisper_v3+whisper_v2+fastconformer+xlsr+hubert,5,xlsr,8,1000
whisper_v3+whisper_v2+fastconformer+xlsr+hubert,5,w2vbert,7,1000
whisper_v3+whisper_v2+fastconformer+xlsr+hubert,5,hubert,6,1000
whisper_v3+whisper_v2+fastconformer+xlsr+hubert,5,wav2vec_sb,9,1000
whisper_v3+whisper_v2+fastconformer+xlsr+hubert,5,cohere,1,1000
whisper_v3+whisper_v2+fastconformer+xlsr+wav2vec_sb,5,seamless_m4t,3,1
whisper_v3+whisper_v2+fastconformer+xlsr+wav2vec_sb,5,seamless_m4t,4,647
whisper_v3+whisper_v2+fastconformer+xlsr+wav2vec_sb,5,seamless_m4t,5,352
whisper_v3+whisper_v2+fastconformer+xlsr+wav2vec_sb,5,whisper_v3,2,1000
whisper_v3+whisper_v2+fastconformer+xlsr+wav2vec_sb,5,whisper_v2,3,999
whisper_v3+whisper_v2+fastconformer+xlsr+wav2vec_sb,5,whisper_v2,4,1
whisper_v3+whisper_v2+fastconformer+xlsr+wav2vec_sb,5,fastconformer,4,352
whisper_v3+whisper_v2+fastconformer+xlsr+wav2vec_sb,5,fastconformer,5,648
whisper_v3+whisper_v2+fastconformer+xlsr+wav2vec_sb,5,xlsr,8,1000
whisper_v3+whisper_v2+fastconformer+xlsr+wav2vec_sb,5,w2vbert,7,1000
whisper_v3+whisper_v2+fastconformer+xlsr+wav2vec_sb,5,hubert,6,1000
whisper_v3+whisper_v2+fastconformer+xlsr+wav2vec_sb,5,wav2vec_sb,9,1000
whisper_v3+whisper_v2+fastconformer+xlsr+wav2vec_sb,5,cohere,1,1000
whisper_v3+whisper_v2+fastconformer+xlsr+cohere,5,seamless_m4t,3,1
whisper_v3+whisper_v2+fastconformer+xlsr+cohere,5,seamless_m4t,4,21
whisper_v3+whisper_v2+fastconformer+xlsr+cohere,5,seamless_m4t,5,978
whisper_v3+whisper_v2+fastconformer+xlsr+cohere,5,whisper_v3,1,1000
whisper_v3+whisper_v2+fastconformer+xlsr+cohere,5,whisper_v2,3,973
whisper_v3+whisper_v2+fastconformer+xlsr+cohere,5,whisper_v2,4,27
whisper_v3+whisper_v2+fastconformer+xlsr+cohere,5,fastconformer,3,26
whisper_v3+whisper_v2+fastconformer+xlsr+cohere,5,fastconformer,4,952
whisper_v3+whisper_v2+fastconformer+xlsr+cohere,5,fastconformer,5,22
whisper_v3+whisper_v2+fastconformer+xlsr+cohere,5,xlsr,8,1000
whisper_v3+whisper_v2+fastconformer+xlsr+cohere,5,w2vbert,7,1000
whisper_v3+whisper_v2+fastconformer+xlsr+cohere,5,hubert,6,1000
whisper_v3+whisper_v2+fastconformer+xlsr+cohere,5,wav2vec_sb,9,1000
whisper_v3+whisper_v2+fastconformer+xlsr+cohere,5,cohere,2,1000
whisper_v3+whisper_v2+fastconformer+w2vbert+hubert,5,seamless_m4t,4,52
whisper_v3+whisper_v2+fastconformer+w2vbert+hubert,5,seamless_m4t,5,948
whisper_v3+whisper_v2+fastconformer+w2vbert+hubert,5,whisper_v3,2,1000
whisper_v3+whisper_v2+fastconformer+w2vbert+hubert,5,whisper_v2,3,1000
whisper_v3+whisper_v2+fastconformer+w2vbert+hubert,5,fastconformer,4,948
whisper_v3+whisper_v2+fastconformer+w2vbert+hubert,5,fastconformer,5,52
whisper_v3+whisper_v2+fastconformer+w2vbert+hubert,5,xlsr,8,1000
whisper_v3+whisper_v2+fastconformer+w2vbert+hubert,5,w2vbert,7,1000
whisper_v3+whisper_v2+fastconformer+w2vbert+hubert,5,hubert,6,1000
whisper_v3+whisper_v2+fastconformer+w2vbert+hubert,5,wav2vec_sb,9,1000
whisper_v3+whisper_v2+fastconformer+w2vbert+hubert,5,cohere,1,1000
whisper_v3+whisper_v2+fastconformer+w2vbert+wav2vec_sb,5,seamless_m4t,3,1
whisper_v3+whisper_v2+fastconformer+w2vbert+wav2vec_sb,5,seamless_m4t,4,329
whisper_v3+whisper_v2+fastconformer+w2vbert+wav2vec_sb,5,seamless_m4t,5,670
whisper_v3+whisper_v2+fastconformer+w2vbert+wav2vec_sb,5,whisper_v3,2,1000
whisper_v3+whisper_v2+fastconformer+w2vbert+wav2vec_sb,5,whisper_v2,3,999
whisper_v3+whisper_v2+fastconformer+w2vbert+wav2vec_sb,5,whisper_v2,4,1
whisper_v3+whisper_v2+fastconformer+w2vbert+wav2vec_sb,5,fastconformer,4,670
whisper_v3+whisper_v2+fastconformer+w2vbert+wav2vec_sb,5,fastconformer,5,330
whisper_v3+whisper_v2+fastconformer+w2vbert+wav2vec_sb,5,xlsr,8,1000
whisper_v3+whisper_v2+fastconformer+w2vbert+wav2vec_sb,5,w2vbert,7,1000
whisper_v3+whisper_v2+fastconformer+w2vbert+wav2vec_sb,5,hubert,6,1000
whisper_v3+whisper_v2+fastconformer+w2vbert+wav2vec_sb,5,wav2vec_sb,9,1000
whisper_v3+whisper_v2+fastconformer+w2vbert+wav2vec_sb,5,cohere,1,1000
whisper_v3+whisper_v2+fastconformer+w2vbert+cohere,5,seamless_m4t,4,8
whisper_v3+whisper_v2+fastconformer+w2vbert+cohere,5,seamless_m4t,5,992
whisper_v3+whisper_v2+fastconformer+w2vbert+cohere,5,whisper_v3,1,1000
whisper_v3+whisper_v2+fastconformer+w2vbert+cohere,5,whisper_v2,3,982
whisper_v3+whisper_v2+fastconformer+w2vbert+cohere,5,whisper_v2,4,18
whisper_v3+whisper_v2+fastconformer+w2vbert+cohere,5,fastconformer,3,18
whisper_v3+whisper_v2+fastconformer+w2vbert+cohere,5,fastconformer,4,974
whisper_v3+whisper_v2+fastconformer+w2vbert+cohere,5,fastconformer,5,8
whisper_v3+whisper_v2+fastconformer+w2vbert+cohere,5,xlsr,8,1000
whisper_v3+whisper_v2+fastconformer+w2vbert+cohere,5,w2vbert,7,1000
whisper_v3+whisper_v2+fastconformer+w2vbert+cohere,5,hubert,6,1000
whisper_v3+whisper_v2+fastconformer+w2vbert+cohere,5,wav2vec_sb,9,1000
whisper_v3+whisper_v2+fastconformer+w2vbert+cohere,5,cohere,2,1000
whisper_v3+whisper_v2+fastconformer+hubert+wav2vec_sb,5,seamless_m4t,4,45
whisper_v3+whisper_v2+fastconformer+hubert+wav2vec_sb,5,seamless_m4t,5,955
whisper_v3+whisper_v2+fastconformer+hubert+wav2vec_sb,5,whisper_v3,2,1000
whisper_v3+whisper_v2+fastconformer+hubert+wav2vec_sb,5,whisper_v2,3,1000
whisper_v3+whisper_v2+fastconformer+hubert+wav2vec_sb,5,fastconformer,4,955
whisper_v3+whisper_v2+fastconformer+hubert+wav2vec_sb,5,fastconformer,5,45
whisper_v3+whisper_v2+fastconformer+hubert+wav2vec_sb,5,xlsr,8,1000
whisper_v3+whisper_v2+fastconformer+hubert+wav2vec_sb,5,w2vbert,7,1000
whisper_v3+whisper_v2+fastconformer+hubert+wav2vec_sb,5,hubert,6,1000
whisper_v3+whisper_v2+fastconformer+hubert+wav2vec_sb,5,wav2vec_sb,9,1000
whisper_v3+whisper_v2+fastconformer+hubert+wav2vec_sb,5,cohere,1,1000
whisper_v3+whisper_v2+fastconformer+hubert+cohere,5,seamless_m4t,3,1
whisper_v3+whisper_v2+fastconformer+hubert+cohere,5,seamless_m4t,4,14
whisper_v3+whisper_v2+fastconformer+hubert+cohere,5,seamless_m4t,5,985
whisper_v3+whisper_v2+fastconformer+hubert+cohere,5,whisper_v3,1,1000
whisper_v3+whisper_v2+fastconformer+hubert+cohere,5,whisper_v2,3,950
whisper_v3+whisper_v2+fastconformer+hubert+cohere,5,whisper_v2,4,50
whisper_v3+whisper_v2+fastconformer+hubert+cohere,5,fastconformer,3,49
whisper_v3+whisper_v2+fastconformer+hubert+cohere,5,fastconformer,4,936
whisper_v3+whisper_v2+fastconformer+hubert+cohere,5,fastconformer,5,15
whisper_v3+whisper_v2+fastconformer+hubert+cohere,5,xlsr,8,1000
whisper_v3+whisper_v2+fastconformer+hubert+cohere,5,w2vbert,7,1000
whisper_v3+whisper_v2+fastconformer+hubert+cohere,5,hubert,6,1000
whisper_v3+whisper_v2+fastconformer+hubert+cohere,5,wav2vec_sb,9,1000
whisper_v3+whisper_v2+fastconformer+hubert+cohere,5,cohere,2,1000
whisper_v3+whisper_v2+fastconformer+wav2vec_sb+cohere,5,seamless_m4t,3,2
whisper_v3+whisper_v2+fastconformer+wav2vec_sb+cohere,5,seamless_m4t,4,26
whisper_v3+whisper_v2+fastconformer+wav2vec_sb+cohere,5,seamless_m4t,5,972
whisper_v3+whisper_v2+fastconformer+wav2vec_sb+cohere,5,whisper_v3,1,1000
whisper_v3+whisper_v2+fastconformer+wav2vec_sb+cohere,5,whisper_v2,3,971
whisper_v3+whisper_v2+fastconformer+wav2vec_sb+cohere,5,whisper_v2,4,29
whisper_v3+whisper_v2+fastconformer+wav2vec_sb+cohere,5,fastconformer,3,27
whisper_v3+whisper_v2+fastconformer+wav2vec_sb+cohere,5,fastconformer,4,945
whisper_v3+whisper_v2+fastconformer+wav2vec_sb+cohere,5,fastconformer,5,28
whisper_v3+whisper_v2+fastconformer+wav2vec_sb+cohere,5,xlsr,8,1000
whisper_v3+whisper_v2+fastconformer+wav2vec_sb+cohere,5,w2vbert,7,1000
whisper_v3+whisper_v2+fastconformer+wav2vec_sb+cohere,5,hubert,6,1000
whisper_v3+whisper_v2+fastconformer+wav2vec_sb+cohere,5,wav2vec_sb,9,1000
whisper_v3+whisper_v2+fastconformer+wav2vec_sb+cohere,5,cohere,2,1000
whisper_v3+whisper_v2+xlsr+w2vbert+hubert,5,seamless_m4t,3,1000
whisper_v3+whisper_v2+xlsr+w2vbert+hubert,5,whisper_v3,4,1000
whisper_v3+whisper_v2+xlsr+w2vbert+hubert,5,whisper_v2,5,1000
whisper_v3+whisper_v2+xlsr+w2vbert+hubert,5,fastconformer,1,1
whisper_v3+whisper_v2+xlsr+w2vbert+hubert,5,fastconformer,2,999
whisper_v3+whisper_v2+xlsr+w2vbert+hubert,5,xlsr,8,1000
whisper_v3+whisper_v2+xlsr+w2vbert+hubert,5,w2vbert,7,1000
whisper_v3+whisper_v2+xlsr+w2vbert+hubert,5,hubert,6,1000
whisper_v3+whisper_v2+xlsr+w2vbert+hubert,5,wav2vec_sb,9,1000
whisper_v3+whisper_v2+xlsr+w2vbert+hubert,5,cohere,1,999
whisper_v3+whisper_v2+xlsr+w2vbert+hubert,5,cohere,2,1
whisper_v3+whisper_v2+xlsr+w2vbert+wav2vec_sb,5,seamless_m4t,3,1000
whisper_v3+whisper_v2+xlsr+w2vbert+wav2vec_sb,5,whisper_v3,5,776
whisper_v3+whisper_v2+xlsr+w2vbert+wav2vec_sb,5,whisper_v3,6,224
whisper_v3+whisper_v2+xlsr+w2vbert+wav2vec_sb,5,whisper_v2,5,224
whisper_v3+whisper_v2+xlsr+w2vbert+wav2vec_sb,5,whisper_v2,6,776
whisper_v3+whisper_v2+xlsr+w2vbert+wav2vec_sb,5,fastconformer,2,1000
whisper_v3+whisper_v2+xlsr+w2vbert+wav2vec_sb,5,xlsr,8,1000
whisper_v3+whisper_v2+xlsr+w2vbert+wav2vec_sb,5,w2vbert,7,1000
whisper_v3+whisper_v2+xlsr+w2vbert+wav2vec_sb,5,hubert,4,1000
whisper_v3+whisper_v2+xlsr+w2vbert+wav2vec_sb,5,wav2vec_sb,9,1000
whisper_v3+whisper_v2+xlsr+w2vbert+wav2vec_sb,5,cohere,1,1000
whisper_v3+whisper_v2+xlsr+w2vbert+cohere,5,seamless_m4t,4,129
whisper_v3+whisper_v2+xlsr+w2vbert+cohere,5,seamless_m4t,5,871
whisper_v3+whisper_v2+xlsr+w2vbert+cohere,5,whisper_v3,1,997
whisper_v3+whisper_v2+xlsr+w2vbert+cohere,5,whisper_v3,2,3
whisper_v3+whisper_v2+xlsr+w2vbert+cohere,5,whisper_v2,2,12
whisper_v3+whisper_v2+xlsr+w2vbert+cohere,5,whisper_v2,3,988
whisper_v3+whisper_v2+xlsr+w2vbert+cohere,5,fastconformer,1,3
whisper_v3+whisper_v2+xlsr+w2vbert+cohere,5,fastconformer,2,985
whisper_v3+whisper_v2+xlsr+w2vbert+cohere,5,fastconformer,3,12
whisper_v3+whisper_v2+xlsr+w2vbert+cohere,5,xlsr,8,1000
whisper_v3+whisper_v2+xlsr+w2vbert+cohere,5,w2vbert,7,1000
whisper_v3+whisper_v2+xlsr+w2vbert+cohere,5,hubert,6,1000
whisper_v3+whisper_v2+xlsr+w2vbert+cohere,5,wav2vec_sb,9,1000
whisper_v3+whisper_v2+xlsr+w2vbert+cohere,5,cohere,4,871
whisper_v3+whisper_v2+xlsr+w2vbert+cohere,5,cohere,5,129
whisper_v3+whisper_v2+xlsr+hubert+wav2vec_sb,5,seamless_m4t,3,1000
whisper_v3+whisper_v2+xlsr+hubert+wav2vec_sb,5,whisper_v3,4,999
whisper_v3+whisper_v2+xlsr+hubert+wav2vec_sb,5,whisper_v3,5,1
whisper_v3+whisper_v2+xlsr+hubert+wav2vec_sb,5,whisper_v2,4,1
whisper_v3+whisper_v2+xlsr+hubert+wav2vec_sb,5,whisper_v2,5,999
whisper_v3+whisper_v2+xlsr+hubert+wav2vec_sb,5,fastconformer,2,1000
whisper_v3+whisper_v2+xlsr+hubert+wav2vec_sb,5,xlsr,8,1000
whisper_v3+whisper_v2+xlsr+hubert+wav2vec_sb,5,w2vbert,7,1000
whisper_v3+whisper_v2+xlsr+hubert+wav2vec_sb,5,hubert,6,1000
whisper_v3+whisper_v2+xlsr+hubert+wav2vec_sb,5,wav2vec_sb,9,1000
whisper_v3+whisper_v2+xlsr+hubert+wav2vec_sb,5,cohere,1,1000
whisper_v3+whisper_v2+xlsr+hubert+cohere,5,seamless_m4t,4,28
whisper_v3+whisper_v2+xlsr+hubert+cohere,5,seamless_m4t,5,972
whisper_v3+whisper_v2+xlsr+hubert+cohere,5,whisper_v3,1,1000
whisper_v3+whisper_v2+xlsr+hubert+cohere,5,whisper_v2,2,80
whisper_v3+whisper_v2+xlsr+hubert+cohere,5,whisper_v2,3,920
whisper_v3+whisper_v2+xlsr+hubert+cohere,5,fastconformer,2,920
whisper_v3+whisper_v2+xlsr+hubert+cohere,5,fastconformer,3,80
whisper_v3+whisper_v2+xlsr+hubert+cohere,5,xlsr,8,1000
whisper_v3+whisper_v2+xlsr+hubert+cohere,5,w2vbert,7,1000
whisper_v3+whisper_v2+xlsr+hubert+cohere,5,hubert,6,1000
whisper_v3+whisper_v2+xlsr+hubert+cohere,5,wav2vec_sb,9,1000
whisper_v3+whisper_v2+xlsr+hubert+cohere,5,cohere,4,972
whisper_v3+whisper_v2+xlsr+hubert+cohere,5,cohere,5,28
whisper_v3+whisper_v2+xlsr+wav2vec_sb+cohere,5,seamless_m4t,4,240
whisper_v3+whisper_v2+xlsr+wav2vec_sb+cohere,5,seamless_m4t,5,760
whisper_v3+whisper_v2+xlsr+wav2vec_sb+cohere,5,whisper_v3,1,989
whisper_v3+whisper_v2+xlsr+wav2vec_sb+cohere,5,whisper_v3,2,11
whisper_v3+whisper_v2+xlsr+wav2vec_sb+cohere,5,whisper_v2,2,12
whisper_v3+whisper_v2+xlsr+wav2vec_sb+cohere,5,whisper_v2,3,988
whisper_v3+whisper_v2+xlsr+wav2vec_sb+cohere,5,fastconformer,1,11
whisper_v3+whisper_v2+xlsr+wav2vec_sb+cohere,5,fastconformer,2,977
whisper_v3+whisper_v2+xlsr+wav2vec_sb+cohere,5,fastconformer,3,12
whisper_v3+whisper_v2+xlsr+wav2vec_sb+cohere,5,xlsr,8,1000
whisper_v3+whisper_v2+xlsr+wav2vec_sb+cohere,5,w2vbert,7,1000
whisper_v3+whisper_v2+xlsr+wav2vec_sb+cohere,5,hubert,6,1000
whisper_v3+whisper_v2+xlsr+wav2vec_sb+cohere,5,wav2vec_sb,9,1000
whisper_v3+whisper_v2+xlsr+wav2vec_sb+cohere,5,cohere,4,760
whisper_v3+whisper_v2+xlsr+wav2vec_sb+cohere,5,cohere,5,240
whisper_v3+whisper_v2+w2vbert+hubert+wav2vec_sb,5,seamless_m4t,3,1000
whisper_v3+whisper_v2+w2vbert+hubert+wav2vec_sb,5,whisper_v3,4,1000
whisper_v3+whisper_v2+w2vbert+hubert+wav2vec_sb,5,whisper_v2,5,1000
whisper_v3+whisper_v2+w2vbert+hubert+wav2vec_sb,5,fastconformer,2,1000
whisper_v3+whisper_v2+w2vbert+hubert+wav2vec_sb,5,xlsr,8,1000
whisper_v3+whisper_v2+w2vbert+hubert+wav2vec_sb,5,w2vbert,7,1000
whisper_v3+whisper_v2+w2vbert+hubert+wav2vec_sb,5,hubert,6,1000
whisper_v3+whisper_v2+w2vbert+hubert+wav2vec_sb,5,wav2vec_sb,9,1000
whisper_v3+whisper_v2+w2vbert+hubert+wav2vec_sb,5,cohere,1,1000
whisper_v3+whisper_v2+w2vbert+hubert+cohere,5,seamless_m4t,4,26
whisper_v3+whisper_v2+w2vbert+hubert+cohere,5,seamless_m4t,5,974
whisper_v3+whisper_v2+w2vbert+hubert+cohere,5,whisper_v3,1,1000
whisper_v3+whisper_v2+w2vbert+hubert+cohere,5,whisper_v2,2,98
whisper_v3+whisper_v2+w2vbert+hubert+cohere,5,whisper_v2,3,902
whisper_v3+whisper_v2+w2vbert+hubert+cohere,5,fastconformer,2,902
whisper_v3+whisper_v2+w2vbert+hubert+cohere,5,fastconformer,3,98
whisper_v3+whisper_v2+w2vbert+hubert+cohere,5,xlsr,8,1000
whisper_v3+whisper_v2+w2vbert+hubert+cohere,5,w2vbert,7,1000
whisper_v3+whisper_v2+w2vbert+hubert+cohere,5,hubert,6,1000
whisper_v3+whisper_v2+w2vbert+hubert+cohere,5,wav2vec_sb,9,1000
whisper_v3+whisper_v2+w2vbert+hubert+cohere,5,cohere,4,974
whisper_v3+whisper_v2+w2vbert+hubert+cohere,5,cohere,5,26
whisper_v3+whisper_v2+w2vbert+wav2vec_sb+cohere,5,seamless_m4t,4,120
whisper_v3+whisper_v2+w2vbert+wav2vec_sb+cohere,5,seamless_m4t,5,880
whisper_v3+whisper_v2+w2vbert+wav2vec_sb+cohere,5,whisper_v3,1,999
whisper_v3+whisper_v2+w2vbert+wav2vec_sb+cohere,5,whisper_v3,2,1
whisper_v3+whisper_v2+w2vbert+wav2vec_sb+cohere,5,whisper_v2,2,48
whisper_v3+whisper_v2+w2vbert+wav2vec_sb+cohere,5,whisper_v2,3,952
whisper_v3+whisper_v2+w2vbert+wav2vec_sb+cohere,5,fastconformer,1,1
whisper_v3+whisper_v2+w2vbert+wav2vec_sb+cohere,5,fastconformer,2,951
whisper_v3+whisper_v2+w2vbert+wav2vec_sb+cohere,5,fastconformer,3,48
whisper_v3+whisper_v2+w2vbert+wav2vec_sb+cohere,5,xlsr,8,1000
whisper_v3+whisper_v2+w2vbert+wav2vec_sb+cohere,5,w2vbert,7,1000
whisper_v3+whisper_v2+w2vbert+wav2vec_sb+cohere,5,hubert,6,1000
whisper_v3+whisper_v2+w2vbert+wav2vec_sb+cohere,5,wav2vec_sb,9,1000
whisper_v3+whisper_v2+w2vbert+wav2vec_sb+cohere,5,cohere,4,880
whisper_v3+whisper_v2+w2vbert+wav2vec_sb+cohere,5,cohere,5,120
whisper_v3+whisper_v2+hubert+wav2vec_sb+cohere,5,seamless_m4t,4,37
whisper_v3+whisper_v2+hubert+wav2vec_sb+cohere,5,seamless_m4t,5,963
whisper_v3+whisper_v2+hubert+wav2vec_sb+cohere,5,whisper_v3,1,1000
whisper_v3+whisper_v2+hubert+wav2vec_sb+cohere,5,whisper_v2,2,31
whisper_v3+whisper_v2+hubert+wav2vec_sb+cohere,5,whisper_v2,3,969
whisper_v3+whisper_v2+hubert+wav2vec_sb+cohere,5,fastconformer,2,969
whisper_v3+whisper_v2+hubert+wav2vec_sb+cohere,5,fastconformer,3,31
whisper_v3+whisper_v2+hubert+wav2vec_sb+cohere,5,xlsr,8,1000
whisper_v3+whisper_v2+hubert+wav2vec_sb+cohere,5,w2vbert,7,1000
whisper_v3+whisper_v2+hubert+wav2vec_sb+cohere,5,hubert,6,1000
whisper_v3+whisper_v2+hubert+wav2vec_sb+cohere,5,wav2vec_sb,9,1000
whisper_v3+whisper_v2+hubert+wav2vec_sb+cohere,5,cohere,4,963
whisper_v3+whisper_v2+hubert+wav2vec_sb+cohere,5,cohere,5,37
whisper_v3+fastconformer+xlsr+w2vbert+hubert,5,seamless_m4t,3,1000
whisper_v3+fastconformer+xlsr+w2vbert+hubert,5,whisper_v3,4,111
whisper_v3+fastconformer+xlsr+w2vbert+hubert,5,whisper_v3,5,889
whisper_v3+fastconformer+xlsr+w2vbert+hubert,5,whisper_v2,1,10
whisper_v3+fastconformer+xlsr+w2vbert+hubert,5,whisper_v2,2,990
whisper_v3+fastconformer+xlsr+w2vbert+hubert,5,fastconformer,4,889
whisper_v3+fastconformer+xlsr+w2vbert+hubert,5,fastconformer,5,111
whisper_v3+fastconformer+xlsr+w2vbert+hubert,5,xlsr,8,1000
whisper_v3+fastconformer+xlsr+w2vbert+hubert,5,w2vbert,7,1000
whisper_v3+fastconformer+xlsr+w2vbert+hubert,5,hubert,6,1000
whisper_v3+fastconformer+xlsr+w2vbert+hubert,5,wav2vec_sb,9,1000
whisper_v3+fastconformer+xlsr+w2vbert+hubert,5,cohere,1,990
whisper_v3+fastconformer+xlsr+w2vbert+hubert,5,cohere,2,10
whisper_v3+fastconformer+xlsr+w2vbert+wav2vec_sb,5,seamless_m4t,3,1000
whisper_v3+fastconformer+xlsr+w2vbert+wav2vec_sb,5,whisper_v3,5,9
whisper_v3+fastconformer+xlsr+w2vbert+wav2vec_sb,5,whisper_v3,6,991
whisper_v3+fastconformer+xlsr+w2vbert+wav2vec_sb,5,whisper_v2,1,42
whisper_v3+fastconformer+xlsr+w2vbert+wav2vec_sb,5,whisper_v2,2,958
whisper_v3+fastconformer+xlsr+w2vbert+wav2vec_sb,5,fastconformer,5,991
whisper_v3+fastconformer+xlsr+w2vbert+wav2vec_sb,5,fastconformer,6,9
whisper_v3+fastconformer+xlsr+w2vbert+wav2vec_sb,5,xlsr,8,1000
whisper_v3+fastconformer+xlsr+w2vbert+wav2vec_sb,5,w2vbert,7,1000
whisper_v3+fastconformer+xlsr+w2vbert+wav2vec_sb,5,hubert,4,1000
whisper_v3+fastconformer+xlsr+w2vbert+wav2vec_sb,5,wav2vec_sb,9,1000
whisper_v3+fastconformer+xlsr+w2vbert+wav2vec_sb,5,cohere,1,958
whisper_v3+fastconformer+xlsr+w2vbert+wav2vec_sb,5,cohere,2,42
whisper_v3+fastconformer+xlsr+w2vbert+cohere,5,seamless_m4t,2,354
whisper_v3+fastconformer+xlsr+w2vbert+cohere,5,seamless_m4t,3,72
whisper_v3+fastconformer+xlsr+w2vbert+cohere,5,seamless_m4t,4,72
whisper_v3+fastconformer+xlsr+w2vbert+cohere,5,seamless_m4t,5,502
whisper_v3+fastconformer+xlsr+w2vbert+cohere,5,whisper_v3,2,211
whisper_v3+fastconformer+xlsr+w2vbert+cohere,5,whisper_v3,3,338
whisper_v3+fastconformer+xlsr+w2vbert+cohere,5,whisper_v3,4,292
whisper_v3+fastconformer+xlsr+w2vbert+cohere,5,whisper_v3,5,159
whisper_v3+fastconformer+xlsr+w2vbert+cohere,5,whisper_v2,1,1000
whisper_v3+fastconformer+xlsr+w2vbert+cohere,5,fastconformer,2,153
whisper_v3+fastconformer+xlsr+w2vbert+cohere,5,fastconformer,3,291
whisper_v3+fastconformer+xlsr+w2vbert+cohere,5,fastconformer,4,380
whisper_v3+fastconformer+xlsr+w2vbert+cohere,5,fastconformer,5,176
whisper_v3+fastconformer+xlsr+w2vbert+cohere,5,xlsr,8,1000
whisper_v3+fastconformer+xlsr+w2vbert+cohere,5,w2vbert,7,1000
whisper_v3+fastconformer+xlsr+w2vbert+cohere,5,hubert,6,1000
whisper_v3+fastconformer+xlsr+w2vbert+cohere,5,wav2vec_sb,9,1000
whisper_v3+fastconformer+xlsr+w2vbert+cohere,5,cohere,2,282
whisper_v3+fastconformer+xlsr+w2vbert+cohere,5,cohere,3,299
whisper_v3+fastconformer+xlsr+w2vbert+cohere,5,cohere,4,256
whisper_v3+fastconformer+xlsr+w2vbert+cohere,5,cohere,5,163
whisper_v3+fastconformer+xlsr+hubert+wav2vec_sb,5,seamless_m4t,3,1000
whisper_v3+fastconformer+xlsr+hubert+wav2vec_sb,5,whisper_v3,4,505
whisper_v3+fastconformer+xlsr+hubert+wav2vec_sb,5,whisper_v3,5,495
whisper_v3+fastconformer+xlsr+hubert+wav2vec_sb,5,whisper_v2,1,11
whisper_v3+fastconformer+xlsr+hubert+wav2vec_sb,5,whisper_v2,2,989
whisper_v3+fastconformer+xlsr+hubert+wav2vec_sb,5,fastconformer,4,495
whisper_v3+fastconformer+xlsr+hubert+wav2vec_sb,5,fastconformer,5,505
whisper_v3+fastconformer+xlsr+hubert+wav2vec_sb,5,xlsr,8,1000
whisper_v3+fastconformer+xlsr+hubert+wav2vec_sb,5,w2vbert,7,1000
whisper_v3+fastconformer+xlsr+hubert+wav2vec_sb,5,hubert,6,1000
whisper_v3+fastconformer+xlsr+hubert+wav2vec_sb,5,wav2vec_sb,9,1000
whisper_v3+fastconformer+xlsr+hubert+wav2vec_sb,5,cohere,1,989
whisper_v3+fastconformer+xlsr+hubert+wav2vec_sb,5,cohere,2,11
whisper_v3+fastconformer+xlsr+hubert+cohere,5,seamless_m4t,2,36
whisper_v3+fastconformer+xlsr+hubert+cohere,5,seamless_m4t,3,23
whisper_v3+fastconformer+xlsr+hubert+cohere,5,seamless_m4t,4,83
whisper_v3+fastconformer+xlsr+hubert+cohere,5,seamless_m4t,5,858
whisper_v3+fastconformer+xlsr+hubert+cohere,5,whisper_v3,2,449
whisper_v3+fastconformer+xlsr+hubert+cohere,5,whisper_v3,3,462
whisper_v3+fastconformer+xlsr+hubert+cohere,5,whisper_v3,4,85
whisper_v3+fastconformer+xlsr+hubert+cohere,5,whisper_v3,5,4
whisper_v3+fastconformer+xlsr+hubert+cohere,5,whisper_v2,1,1000
whisper_v3+fastconformer+xlsr+hubert+cohere,5,fastconformer,2,488
whisper_v3+fastconformer+xlsr+hubert+cohere,5,fastconformer,3,440
whisper_v3+fastconformer+xlsr+hubert+cohere,5,fastconformer,4,69
whisper_v3+fastconformer+xlsr+hubert+cohere,5,fastconformer,5,3
whisper_v3+fastconformer+xlsr+hubert+cohere,5,xlsr,8,1000
whisper_v3+fastconformer+xlsr+hubert+cohere,5,w2vbert,7,1000
whisper_v3+fastconformer+xlsr+hubert+cohere,5,hubert,6,1000
whisper_v3+fastconformer+xlsr+hubert+cohere,5,wav2vec_sb,9,1000
whisper_v3+fastconformer+xlsr+hubert+cohere,5,cohere,2,27
whisper_v3+fastconformer+xlsr+hubert+cohere,5,cohere,3,75
whisper_v3+fastconformer+xlsr+hubert+cohere,5,cohere,4,763
whisper_v3+fastconformer+xlsr+hubert+cohere,5,cohere,5,135
whisper_v3+fastconformer+xlsr+wav2vec_sb+cohere,5,seamless_m4t,1,2
whisper_v3+fastconformer+xlsr+wav2vec_sb+cohere,5,seamless_m4t,2,590
whisper_v3+fastconformer+xlsr+wav2vec_sb+cohere,5,seamless_m4t,3,88
whisper_v3+fastconformer+xlsr+wav2vec_sb+cohere,5,seamless_m4t,4,115
whisper_v3+fastconformer+xlsr+wav2vec_sb+cohere,5,seamless_m4t,5,205
whisper_v3+fastconformer+xlsr+wav2vec_sb+cohere,5,whisper_v3,2,189
whisper_v3+fastconformer+xlsr+wav2vec_sb+cohere,5,whisper_v3,3,444
whisper_v3+fastconformer+xlsr+wav2vec_sb+cohere,5,whisper_v3,4,322
whisper_v3+fastconformer+xlsr+wav2vec_sb+cohere,5,whisper_v3,5,45
whisper_v3+fastconformer+xlsr+wav2vec_sb+cohere,5,whisper_v2,1,998
whisper_v3+fastconformer+xlsr+wav2vec_sb+cohere,5,whisper_v2,2,2
whisper_v3+fastconformer+xlsr+wav2vec_sb+cohere,5,fastconformer,2,6
whisper_v3+fastconformer+xlsr+wav2vec_sb+cohere,5,fastconformer,3,53
whisper_v3+fastconformer+xlsr+wav2vec_sb+cohere,5,fastconformer,4,276
whisper_v3+fastconformer+xlsr+wav2vec_sb+cohere,5,fastconformer,5,665
whisper_v3+fastconformer+xlsr+wav2vec_sb+cohere,5,xlsr,8,1000
whisper_v3+fastconformer+xlsr+wav2vec_sb+cohere,5,w2vbert,7,1000
whisper_v3+fastconformer+xlsr+wav2vec_sb+cohere,5,hubert,6,1000
whisper_v3+fastconformer+xlsr+wav2vec_sb+cohere,5,wav2vec_sb,9,1000
whisper_v3+fastconformer+xlsr+wav2vec_sb+cohere,5,cohere,2,213
whisper_v3+fastconformer+xlsr+wav2vec_sb+cohere,5,cohere,3,415
whisper_v3+fastconformer+xlsr+wav2vec_sb+cohere,5,cohere,4,287
whisper_v3+fastconformer+xlsr+wav2vec_sb+cohere,5,cohere,5,85
whisper_v3+fastconformer+w2vbert+hubert+wav2vec_sb,5,seamless_m4t,3,1000
whisper_v3+fastconformer+w2vbert+hubert+wav2vec_sb,5,whisper_v3,4,202
whisper_v3+fastconformer+w2vbert+hubert+wav2vec_sb,5,whisper_v3,5,798
whisper_v3+fastconformer+w2vbert+hubert+wav2vec_sb,5,whisper_v2,1,16
whisper_v3+fastconformer+w2vbert+hubert+wav2vec_sb,5,whisper_v2,2,984
whisper_v3+fastconformer+w2vbert+hubert+wav2vec_sb,5,fastconformer,4,798
whisper_v3+fastconformer+w2vbert+hubert+wav2vec_sb,5,fastconformer,5,202
whisper_v3+fastconformer+w2vbert+hubert+wav2vec_sb,5,xlsr,8,1000
whisper_v3+fastconformer+w2vbert+hubert+wav2vec_sb,5,w2vbert,7,1000
whisper_v3+fastconformer+w2vbert+hubert+wav2vec_sb,5,hubert,6,1000
whisper_v3+fastconformer+w2vbert+hubert+wav2vec_sb,5,wav2vec_sb,9,1000
whisper_v3+fastconformer+w2vbert+hubert+wav2vec_sb,5,cohere,1,984
whisper_v3+fastconformer+w2vbert+hubert+wav2vec_sb,5,cohere,2,16
whisper_v3+fastconformer+w2vbert+hubert+cohere,5,seamless_m4t,2,42
whisper_v3+fastconformer+w2vbert+hubert+cohere,5,seamless_m4t,3,37
whisper_v3+fastconformer+w2vbert+hubert+cohere,5,seamless_m4t,4,55
whisper_v3+fastconformer+w2vbert+hubert+cohere,5,seamless_m4t,5,866
whisper_v3+fastconformer+w2vbert+hubert+cohere,5,whisper_v3,2,666
whisper_v3+fastconformer+w2vbert+hubert+cohere,5,whisper_v3,3,247
whisper_v3+fastconformer+w2vbert+hubert+cohere,5,whisper_v3,4,79
whisper_v3+fastconformer+w2vbert+hubert+cohere,5,whisper_v3,5,8
whisper_v3+fastconformer+w2vbert+hubert+cohere,5,whisper_v2,1,1000
whisper_v3+fastconformer+w2vbert+hubert+cohere,5,fastconformer,2,218
whisper_v3+fastconformer+w2vbert+hubert+cohere,5,fastconformer,3,532
whisper_v3+fastconformer+w2vbert+hubert+cohere,5,fastconformer,4,227
whisper_v3+fastconformer+w2vbert+hubert+cohere,5,fastconformer,5,23
whisper_v3+fastconformer+w2vbert+hubert+cohere,5,xlsr,8,1000
whisper_v3+fastconformer+w2vbert+hubert+cohere,5,w2vbert,7,1000
whisper_v3+fastconformer+w2vbert+hubert+cohere,5,hubert,6,1000
whisper_v3+fastconformer+w2vbert+hubert+cohere,5,wav2vec_sb,9,1000
whisper_v3+fastconformer+w2vbert+hubert+cohere,5,cohere,2,74
whisper_v3+fastconformer+w2vbert+hubert+cohere,5,cohere,3,184
whisper_v3+fastconformer+w2vbert+hubert+cohere,5,cohere,4,639
whisper_v3+fastconformer+w2vbert+hubert+cohere,5,cohere,5,103
whisper_v3+fastconformer+w2vbert+wav2vec_sb+cohere,5,seamless_m4t,1,2
whisper_v3+fastconformer+w2vbert+wav2vec_sb+cohere,5,seamless_m4t,2,378
whisper_v3+fastconformer+w2vbert+wav2vec_sb+cohere,5,seamless_m4t,3,73
whisper_v3+fastconformer+w2vbert+wav2vec_sb+cohere,5,seamless_m4t,4,96
whisper_v3+fastconformer+w2vbert+wav2vec_sb+cohere,5,seamless_m4t,5,451
whisper_v3+fastconformer+w2vbert+wav2vec_sb+cohere,5,whisper_v3,2,370
whisper_v3+fastconformer+w2vbert+wav2vec_sb+cohere,5,whisper_v3,3,363
whisper_v3+fastconformer+w2vbert+wav2vec_sb+cohere,5,whisper_v3,4,195
whisper_v3+fastconformer+w2vbert+wav2vec_sb+cohere,5,whisper_v3,5,72
whisper_v3+fastconformer+w2vbert+wav2vec_sb+cohere,5,whisper_v2,1,998
whisper_v3+fastconformer+w2vbert+wav2vec_sb+cohere,5,whisper_v2,2,2
whisper_v3+fastconformer+w2vbert+wav2vec_sb+cohere,5,fastconformer,2,154
whisper_v3+fastconformer+w2vbert+wav2vec_sb+cohere,5,fastconformer,3,341
whisper_v3+fastconformer+w2vbert+wav2vec_sb+cohere,5,fastconformer,4,354
whisper_v3+fastconformer+w2vbert+wav2vec_sb+cohere,5,fastconformer,5,151
whisper_v3+fastconformer+w2vbert+wav2vec_sb+cohere,5,xlsr,8,1000
whisper_v3+fastconformer+w2vbert+wav2vec_sb+cohere,5,w2vbert,7,1000
whisper_v3+fastconformer+w2vbert+wav2vec_sb+cohere,5,hubert,6,1000
whisper_v3+fastconformer+w2vbert+wav2vec_sb+cohere,5,wav2vec_sb,9,1000
whisper_v3+fastconformer+w2vbert+wav2vec_sb+cohere,5,cohere,2,96
whisper_v3+fastconformer+w2vbert+wav2vec_sb+cohere,5,cohere,3,223
whisper_v3+fastconformer+w2vbert+wav2vec_sb+cohere,5,cohere,4,355
whisper_v3+fastconformer+w2vbert+wav2vec_sb+cohere,5,cohere,5,326
whisper_v3+fastconformer+hubert+wav2vec_sb+cohere,5,seamless_m4t,2,34
whisper_v3+fastconformer+hubert+wav2vec_sb+cohere,5,seamless_m4t,3,33
whisper_v3+fastconformer+hubert+wav2vec_sb+cohere,5,seamless_m4t,4,80
whisper_v3+fastconformer+hubert+wav2vec_sb+cohere,5,seamless_m4t,5,853
whisper_v3+fastconformer+hubert+wav2vec_sb+cohere,5,whisper_v3,2,660
whisper_v3+fastconformer+hubert+wav2vec_sb+cohere,5,whisper_v3,3,277
whisper_v3+fastconformer+hubert+wav2vec_sb+cohere,5,whisper_v3,4,58
whisper_v3+fastconformer+hubert+wav2vec_sb+cohere,5,whisper_v3,5,5
whisper_v3+fastconformer+hubert+wav2vec_sb+cohere,5,whisper_v2,1,998
whisper_v3+fastconformer+hubert+wav2vec_sb+cohere,5,whisper_v2,2,2
whisper_v3+fastconformer+hubert+wav2vec_sb+cohere,5,fastconformer,1,2
whisper_v3+fastconformer+hubert+wav2vec_sb+cohere,5,fastconformer,2,271
whisper_v3+fastconformer+hubert+wav2vec_sb+cohere,5,fastconformer,3,596
whisper_v3+fastconformer+hubert+wav2vec_sb+cohere,5,fastconformer,4,125
whisper_v3+fastconformer+hubert+wav2vec_sb+cohere,5,fastconformer,5,6
whisper_v3+fastconformer+hubert+wav2vec_sb+cohere,5,xlsr,8,1000
whisper_v3+fastconformer+hubert+wav2vec_sb+cohere,5,w2vbert,7,1000
whisper_v3+fastconformer+hubert+wav2vec_sb+cohere,5,hubert,6,1000
whisper_v3+fastconformer+hubert+wav2vec_sb+cohere,5,wav2vec_sb,9,1000
whisper_v3+fastconformer+hubert+wav2vec_sb+cohere,5,cohere,2,33
whisper_v3+fastconformer+hubert+wav2vec_sb+cohere,5,cohere,3,94
whisper_v3+fastconformer+hubert+wav2vec_sb+cohere,5,cohere,4,737
whisper_v3+fastconformer+hubert+wav2vec_sb+cohere,5,cohere,5,136
whisper_v3+xlsr+w2vbert+hubert+wav2vec_sb,5,seamless_m4t,4,1000
whisper_v3+xlsr+w2vbert+hubert+wav2vec_sb,5,whisper_v3,6,1000
whisper_v3+xlsr+w2vbert+hubert+wav2vec_sb,5,whisper_v2,1,998
whisper_v3+xlsr+w2vbert+hubert+wav2vec_sb,5,whisper_v2,2,2
whisper_v3+xlsr+w2vbert+hubert+wav2vec_sb,5,fastconformer,1,2
whisper_v3+xlsr+w2vbert+hubert+wav2vec_sb,5,fastconformer,2,998
whisper_v3+xlsr+w2vbert+hubert+wav2vec_sb,5,xlsr,8,1000
whisper_v3+xlsr+w2vbert+hubert+wav2vec_sb,5,w2vbert,7,1000
whisper_v3+xlsr+w2vbert+hubert+wav2vec_sb,5,hubert,5,1000
whisper_v3+xlsr+w2vbert+hubert+wav2vec_sb,5,wav2vec_sb,9,1000
whisper_v3+xlsr+w2vbert+hubert+wav2vec_sb,5,cohere,3,1000
whisper_v3+xlsr+w2vbert+hubert+cohere,5,seamless_m4t,3,1000
whisper_v3+xlsr+w2vbert+hubert+cohere,5,whisper_v3,4,16
whisper_v3+xlsr+w2vbert+hubert+cohere,5,whisper_v3,5,984
whisper_v3+xlsr+w2vbert+hubert+cohere,5,whisper_v2,1,839
whisper_v3+xlsr+w2vbert+hubert+cohere,5,whisper_v2,2,161
whisper_v3+xlsr+w2vbert+hubert+cohere,5,fastconformer,1,161
whisper_v3+xlsr+w2vbert+hubert+cohere,5,fastconformer,2,839
whisper_v3+xlsr+w2vbert+hubert+cohere,5,xlsr,8,1000
whisper_v3+xlsr+w2vbert+hubert+cohere,5,w2vbert,7,1000
whisper_v3+xlsr+w2vbert+hubert+cohere,5,hubert,6,1000
whisper_v3+xlsr+w2vbert+hubert+cohere,5,wav2vec_sb,9,1000
whisper_v3+xlsr+w2vbert+hubert+cohere,5,cohere,4,984
whisper_v3+xlsr+w2vbert+hubert+cohere,5,cohere,5,16
whisper_v3+xlsr+w2vbert+wav2vec_sb+cohere,5,seamless_m4t,3,1000
whisper_v3+xlsr+w2vbert+wav2vec_sb+cohere,5,whisper_v3,5,1
whisper_v3+xlsr+w2vbert+wav2vec_sb+cohere,5,whisper_v3,6,999
whisper_v3+xlsr+w2vbert+wav2vec_sb+cohere,5,whisper_v2,1,998
whisper_v3+xlsr+w2vbert+wav2vec_sb+cohere,5,whisper_v2,2,2
whisper_v3+xlsr+w2vbert+wav2vec_sb+cohere,5,fastconformer,1,2
whisper_v3+xlsr+w2vbert+wav2vec_sb+cohere,5,fastconformer,2,998
whisper_v3+xlsr+w2vbert+wav2vec_sb+cohere,5,xlsr,8,1000
whisper_v3+xlsr+w2vbert+wav2vec_sb+cohere,5,w2vbert,7,1000
whisper_v3+xlsr+w2vbert+wav2vec_sb+cohere,5,hubert,4,1000
whisper_v3+xlsr+w2vbert+wav2vec_sb+cohere,5,wav2vec_sb,9,1000
whisper_v3+xlsr+w2vbert+wav2vec_sb+cohere,5,cohere,5,999
whisper_v3+xlsr+w2vbert+wav2vec_sb+cohere,5,cohere,6,1
whisper_v3+xlsr+hubert+wav2vec_sb+cohere,5,seamless_m4t,3,1000
whisper_v3+xlsr+hubert+wav2vec_sb+cohere,5,whisper_v3,5,1000
whisper_v3+xlsr+hubert+wav2vec_sb+cohere,5,whisper_v2,1,879
whisper_v3+xlsr+hubert+wav2vec_sb+cohere,5,whisper_v2,2,121
whisper_v3+xlsr+hubert+wav2vec_sb+cohere,5,fastconformer,1,121
whisper_v3+xlsr+hubert+wav2vec_sb+cohere,5,fastconformer,2,879
whisper_v3+xlsr+hubert+wav2vec_sb+cohere,5,xlsr,8,1000
whisper_v3+xlsr+hubert+wav2vec_sb+cohere,5,w2vbert,7,1000
whisper_v3+xlsr+hubert+wav2vec_sb+cohere,5,hubert,6,1000
whisper_v3+xlsr+hubert+wav2vec_sb+cohere,5,wav2vec_sb,9,1000
whisper_v3+xlsr+hubert+wav2vec_sb+cohere,5,cohere,4,1000
whisper_v3+w2vbert+hubert+wav2vec_sb+cohere,5,seamless_m4t,3,1000
whisper_v3+w2vbert+hubert+wav2vec_sb+cohere,5,whisper_v3,4,49
whisper_v3+w2vbert+hubert+wav2vec_sb+cohere,5,whisper_v3,5,951
whisper_v3+w2vbert+hubert+wav2vec_sb+cohere,5,whisper_v2,1,899
whisper_v3+w2vbert+hubert+wav2vec_sb+cohere,5,whisper_v2,2,101
whisper_v3+w2vbert+hubert+wav2vec_sb+cohere,5,fastconformer,1,101
whisper_v3+w2vbert+hubert+wav2vec_sb+cohere,5,fastconformer,2,899
whisper_v3+w2vbert+hubert+wav2vec_sb+cohere,5,xlsr,8,1000
whisper_v3+w2vbert+hubert+wav2vec_sb+cohere,5,w2vbert,7,1000
whisper_v3+w2vbert+hubert+wav2vec_sb+cohere,5,hubert,6,1000
whisper_v3+w2vbert+hubert+wav2vec_sb+cohere,5,wav2vec_sb,9,1000
whisper_v3+w2vbert+hubert+wav2vec_sb+cohere,5,cohere,4,951
whisper_v3+w2vbert+hubert+wav2vec_sb+cohere,5,cohere,5,49
whisper_v2+fastconformer+xlsr+w2vbert+hubert,5,seamless_m4t,3,1000
whisper_v2+fastconformer+xlsr+w2vbert+hubert,5,whisper_v3,1,1000
whisper_v2+fastconformer+xlsr+w2vbert+hubert,5,whisper_v2,5,1000
whisper_v2+fastconformer+xlsr+w2vbert+hubert,5,fastconformer,4,1000
whisper_v2+fastconformer+xlsr+w2vbert+hubert,5,xlsr,8,1000
whisper_v2+fastconformer+xlsr+w2vbert+hubert,5,w2vbert,7,1000
whisper_v2+fastconformer+xlsr+w2vbert+hubert,5,hubert,6,1000
whisper_v2+fastconformer+xlsr+w2vbert+hubert,5,wav2vec_sb,9,1000
whisper_v2+fastconformer+xlsr+w2vbert+hubert,5,cohere,2,1000
whisper_v2+fastconformer+xlsr+w2vbert+wav2vec_sb,5,seamless_m4t,3,1000
whisper_v2+fastconformer+xlsr+w2vbert+wav2vec_sb,5,whisper_v3,1,1000
whisper_v2+fastconformer+xlsr+w2vbert+wav2vec_sb,5,whisper_v2,6,1000
whisper_v2+fastconformer+xlsr+w2vbert+wav2vec_sb,5,fastconformer,5,1000
whisper_v2+fastconformer+xlsr+w2vbert+wav2vec_sb,5,xlsr,8,1000
whisper_v2+fastconformer+xlsr+w2vbert+wav2vec_sb,5,w2vbert,7,1000
whisper_v2+fastconformer+xlsr+w2vbert+wav2vec_sb,5,hubert,4,1000
whisper_v2+fastconformer+xlsr+w2vbert+wav2vec_sb,5,wav2vec_sb,9,1000
whisper_v2+fastconformer+xlsr+w2vbert+wav2vec_sb,5,cohere,2,1000
whisper_v2+fastconformer+xlsr+w2vbert+cohere,5,seamless_m4t,2,916
whisper_v2+fastconformer+xlsr+w2vbert+cohere,5,seamless_m4t,3,45
whisper_v2+fastconformer+xlsr+w2vbert+cohere,5,seamless_m4t,4,39
whisper_v2+fastconformer+xlsr+w2vbert+cohere,5,whisper_v3,1,1000
whisper_v2+fastconformer+xlsr+w2vbert+cohere,5,whisper_v2,5,1000
whisper_v2+fastconformer+xlsr+w2vbert+cohere,5,fastconformer,2,27
whisper_v2+fastconformer+xlsr+w2vbert+cohere,5,fastconformer,3,347
whisper_v2+fastconformer+xlsr+w2vbert+cohere,5,fastconformer,4,626
whisper_v2+fastconformer+xlsr+w2vbert+cohere,5,xlsr,8,1000
whisper_v2+fastconformer+xlsr+w2vbert+cohere,5,w2vbert,7,1000
whisper_v2+fastconformer+xlsr+w2vbert+cohere,5,hubert,6,1000
whisper_v2+fastconformer+xlsr+w2vbert+cohere,5,wav2vec_sb,9,1000
whisper_v2+fastconformer+xlsr+w2vbert+cohere,5,cohere,2,57
whisper_v2+fastconformer+xlsr+w2vbert+cohere,5,cohere,3,608
whisper_v2+fastconformer+xlsr+w2vbert+cohere,5,cohere,4,335
whisper_v2+fastconformer+xlsr+hubert+wav2vec_sb,5,seamless_m4t,3,1000
whisper_v2+fastconformer+xlsr+hubert+wav2vec_sb,5,whisper_v3,1,1000
whisper_v2+fastconformer+xlsr+hubert+wav2vec_sb,5,whisper_v2,5,1000
whisper_v2+fastconformer+xlsr+hubert+wav2vec_sb,5,fastconformer,4,1000
whisper_v2+fastconformer+xlsr+hubert+wav2vec_sb,5,xlsr,8,1000
whisper_v2+fastconformer+xlsr+hubert+wav2vec_sb,5,w2vbert,7,1000
whisper_v2+fastconformer+xlsr+hubert+wav2vec_sb,5,hubert,6,1000
whisper_v2+fastconformer+xlsr+hubert+wav2vec_sb,5,wav2vec_sb,9,1000
whisper_v2+fastconformer+xlsr+hubert+wav2vec_sb,5,cohere,2,1000
whisper_v2+fastconformer+xlsr+hubert+cohere,5,seamless_m4t,2,309
whisper_v2+fastconformer+xlsr+hubert+cohere,5,seamless_m4t,3,270
whisper_v2+fastconformer+xlsr+hubert+cohere,5,seamless_m4t,4,415
whisper_v2+fastconformer+xlsr+hubert+cohere,5,seamless_m4t,5,6
whisper_v2+fastconformer+xlsr+hubert+cohere,5,whisper_v3,1,1000
whisper_v2+fastconformer+xlsr+hubert+cohere,5,whisper_v2,4,6
whisper_v2+fastconformer+xlsr+hubert+cohere,5,whisper_v2,5,994
whisper_v2+fastconformer+xlsr+hubert+cohere,5,fastconformer,2,681
whisper_v2+fastconformer+xlsr+hubert+cohere,5,fastconformer,3,312
whisper_v2+fastconformer+xlsr+hubert+cohere,5,fastconformer,4,7
whisper_v2+fastconformer+xlsr+hubert+cohere,5,xlsr,8,1000
whisper_v2+fastconformer+xlsr+hubert+cohere,5,w2vbert,7,1000
whisper_v2+fastconformer+xlsr+hubert+cohere,5,hubert,6,1000
whisper_v2+fastconformer+xlsr+hubert+cohere,5,wav2vec_sb,9,1000
whisper_v2+fastconformer+xlsr+hubert+cohere,5,cohere,2,10
whisper_v2+fastconformer+xlsr+hubert+cohere,5,cohere,3,418
whisper_v2+fastconformer+xlsr+hubert+cohere,5,cohere,4,572
whisper_v2+fastconformer+xlsr+wav2vec_sb+cohere,5,seamless_m4t,2,984
whisper_v2+fastconformer+xlsr+wav2vec_sb+cohere,5,seamless_m4t,3,7
whisper_v2+fastconformer+xlsr+wav2vec_sb+cohere,5,seamless_m4t,4,9
whisper_v2+fastconformer+xlsr+wav2vec_sb+cohere,5,whisper_v3,1,1000
whisper_v2+fastconformer+xlsr+wav2vec_sb+cohere,5,whisper_v2,5,1000
whisper_v2+fastconformer+xlsr+wav2vec_sb+cohere,5,fastconformer,2,4
whisper_v2+fastconformer+xlsr+wav2vec_sb+cohere,5,fastconformer,3,426
whisper_v2+fastconformer+xlsr+wav2vec_sb+cohere,5,fastconformer,4,570
whisper_v2+fastconformer+xlsr+wav2vec_sb+cohere,5,xlsr,8,1000
whisper_v2+fastconformer+xlsr+wav2vec_sb+cohere,5,w2vbert,7,1000
whisper_v2+fastconformer+xlsr+wav2vec_sb+cohere,5,hubert,6,1000
whisper_v2+fastconformer+xlsr+wav2vec_sb+cohere,5,wav2vec_sb,9,1000
whisper_v2+fastconformer+xlsr+wav2vec_sb+cohere,5,cohere,2,12
whisper_v2+fastconformer+xlsr+wav2vec_sb+cohere,5,cohere,3,567
whisper_v2+fastconformer+xlsr+wav2vec_sb+cohere,5,cohere,4,421
whisper_v2+fastconformer+w2vbert+hubert+wav2vec_sb,5,seamless_m4t,3,1000
whisper_v2+fastconformer+w2vbert+hubert+wav2vec_sb,5,whisper_v3,1,1000
whisper_v2+fastconformer+w2vbert+hubert+wav2vec_sb,5,whisper_v2,5,1000
whisper_v2+fastconformer+w2vbert+hubert+wav2vec_sb,5,fastconformer,4,1000
whisper_v2+fastconformer+w2vbert+hubert+wav2vec_sb,5,xlsr,8,1000
whisper_v2+fastconformer+w2vbert+hubert+wav2vec_sb,5,w2vbert,7,1000
whisper_v2+fastconformer+w2vbert+hubert+wav2vec_sb,5,hubert,6,1000
whisper_v2+fastconformer+w2vbert+hubert+wav2vec_sb,5,wav2vec_sb,9,1000
whisper_v2+fastconformer+w2vbert+hubert+wav2vec_sb,5,cohere,2,1000
whisper_v2+fastconformer+w2vbert+hubert+cohere,5,seamless_m4t,2,414
whisper_v2+fastconformer+w2vbert+hubert+cohere,5,seamless_m4t,3,212
whisper_v2+fastconformer+w2vbert+hubert+cohere,5,seamless_m4t,4,368
whisper_v2+fastconformer+w2vbert+hubert+cohere,5,seamless_m4t,5,6
whisper_v2+fastconformer+w2vbert+hubert+cohere,5,whisper_v3,1,1000
whisper_v2+fastconformer+w2vbert+hubert+cohere,5,whisper_v2,4,6
whisper_v2+fastconformer+w2vbert+hubert+cohere,5,whisper_v2,5,994
whisper_v2+fastconformer+w2vbert+hubert+cohere,5,fastconformer,2,551
whisper_v2+fastconformer+w2vbert+hubert+cohere,5,fastconformer,3,420
whisper_v2+fastconformer+w2vbert+hubert+cohere,5,fastconformer,4,29
whisper_v2+fastconformer+w2vbert+hubert+cohere,5,xlsr,8,1000
whisper_v2+fastconformer+w2vbert+hubert+cohere,5,w2vbert,7,1000
whisper_v2+fastconformer+w2vbert+hubert+cohere,5,hubert,6,1000
whisper_v2+fastconformer+w2vbert+hubert+cohere,5,wav2vec_sb,9,1000
whisper_v2+fastconformer+w2vbert+hubert+cohere,5,cohere,2,35
whisper_v2+fastconformer+w2vbert+hubert+cohere,5,cohere,3,368
whisper_v2+fastconformer+w2vbert+hubert+cohere,5,cohere,4,597
whisper_v2+fastconformer+w2vbert+wav2vec_sb+cohere,5,seamless_m4t,2,927
whisper_v2+fastconformer+w2vbert+wav2vec_sb+cohere,5,seamless_m4t,3,27
whisper_v2+fastconformer+w2vbert+wav2vec_sb+cohere,5,seamless_m4t,4,46
whisper_v2+fastconformer+w2vbert+wav2vec_sb+cohere,5,whisper_v3,1,1000
whisper_v2+fastconformer+w2vbert+wav2vec_sb+cohere,5,whisper_v2,5,1000
whisper_v2+fastconformer+w2vbert+wav2vec_sb+cohere,5,fastconformer,2,27
whisper_v2+fastconformer+w2vbert+wav2vec_sb+cohere,5,fastconformer,3,477
whisper_v2+fastconformer+w2vbert+wav2vec_sb+cohere,5,fastconformer,4,496
whisper_v2+fastconformer+w2vbert+wav2vec_sb+cohere,5,xlsr,8,1000
whisper_v2+fastconformer+w2vbert+wav2vec_sb+cohere,5,w2vbert,7,1000
whisper_v2+fastconformer+w2vbert+wav2vec_sb+cohere,5,hubert,6,1000
whisper_v2+fastconformer+w2vbert+wav2vec_sb+cohere,5,wav2vec_sb,9,1000
whisper_v2+fastconformer+w2vbert+wav2vec_sb+cohere,5,cohere,2,46
whisper_v2+fastconformer+w2vbert+wav2vec_sb+cohere,5,cohere,3,496
whisper_v2+fastconformer+w2vbert+wav2vec_sb+cohere,5,cohere,4,458
whisper_v2+fastconformer+hubert+wav2vec_sb+cohere,5,seamless_m4t,2,235
whisper_v2+fastconformer+hubert+wav2vec_sb+cohere,5,seamless_m4t,3,265
whisper_v2+fastconformer+hubert+wav2vec_sb+cohere,5,seamless_m4t,4,496
whisper_v2+fastconformer+hubert+wav2vec_sb+cohere,5,seamless_m4t,5,4
whisper_v2+fastconformer+hubert+wav2vec_sb+cohere,5,whisper_v3,1,1000
whisper_v2+fastconformer+hubert+wav2vec_sb+cohere,5,whisper_v2,4,4
whisper_v2+fastconformer+hubert+wav2vec_sb+cohere,5,whisper_v2,5,996
whisper_v2+fastconformer+hubert+wav2vec_sb+cohere,5,fastconformer,2,750
whisper_v2+fastconformer+hubert+wav2vec_sb+cohere,5,fastconformer,3,245
whisper_v2+fastconformer+hubert+wav2vec_sb+cohere,5,fastconformer,4,5
whisper_v2+fastconformer+hubert+wav2vec_sb+cohere,5,xlsr,8,1000
whisper_v2+fastconformer+hubert+wav2vec_sb+cohere,5,w2vbert,7,1000
whisper_v2+fastconformer+hubert+wav2vec_sb+cohere,5,hubert,6,1000
whisper_v2+fastconformer+hubert+wav2vec_sb+cohere,5,wav2vec_sb,9,1000
whisper_v2+fastconformer+hubert+wav2vec_sb+cohere,5,cohere,2,15
whisper_v2+fastconformer+hubert+wav2vec_sb+cohere,5,cohere,3,490
whisper_v2+fastconformer+hubert+wav2vec_sb+cohere,5,cohere,4,495
whisper_v2+xlsr+w2vbert+hubert+wav2vec_sb,5,seamless_m4t,4,1000
whisper_v2+xlsr+w2vbert+hubert+wav2vec_sb,5,whisper_v3,1,1000
whisper_v2+xlsr+w2vbert+hubert+wav2vec_sb,5,whisper_v2,6,847
whisper_v2+xlsr+w2vbert+hubert+wav2vec_sb,5,whisper_v2,7,153
whisper_v2+xlsr+w2vbert+hubert+wav2vec_sb,5,fastconformer,2,1000
whisper_v2+xlsr+w2vbert+hubert+wav2vec_sb,5,xlsr,8,1000
whisper_v2+xlsr+w2vbert+hubert+wav2vec_sb,5,w2vbert,6,153
whisper_v2+xlsr+w2vbert+hubert+wav2vec_sb,5,w2vbert,7,847
whisper_v2+xlsr+w2vbert+hubert+wav2vec_sb,5,hubert,5,1000
whisper_v2+xlsr+w2vbert+hubert+wav2vec_sb,5,wav2vec_sb,9,1000
whisper_v2+xlsr+w2vbert+hubert+wav2vec_sb,5,cohere,3,1000
whisper_v2+xlsr+w2vbert+hubert+cohere,5,seamless_m4t,3,1000
whisper_v2+xlsr+w2vbert+hubert+cohere,5,whisper_v3,1,1000
whisper_v2+xlsr+w2vbert+hubert+cohere,5,whisper_v2,5,1000
whisper_v2+xlsr+w2vbert+hubert+cohere,5,fastconformer,2,1000
whisper_v2+xlsr+w2vbert+hubert+cohere,5,xlsr,8,1000
whisper_v2+xlsr+w2vbert+hubert+cohere,5,w2vbert,7,1000
whisper_v2+xlsr+w2vbert+hubert+cohere,5,hubert,6,1000
whisper_v2+xlsr+w2vbert+hubert+cohere,5,wav2vec_sb,9,1000
whisper_v2+xlsr+w2vbert+hubert+cohere,5,cohere,4,1000
whisper_v2+xlsr+w2vbert+wav2vec_sb+cohere,5,seamless_m4t,3,1000
whisper_v2+xlsr+w2vbert+wav2vec_sb+cohere,5,whisper_v3,1,1000
whisper_v2+xlsr+w2vbert+wav2vec_sb+cohere,5,whisper_v2,6,1000
whisper_v2+xlsr+w2vbert+wav2vec_sb+cohere,5,fastconformer,2,1000
whisper_v2+xlsr+w2vbert+wav2vec_sb+cohere,5,xlsr,8,1000
whisper_v2+xlsr+w2vbert+wav2vec_sb+cohere,5,w2vbert,7,1000
whisper_v2+xlsr+w2vbert+wav2vec_sb+cohere,5,hubert,4,1000
whisper_v2+xlsr+w2vbert+wav2vec_sb+cohere,5,wav2vec_sb,9,1000
whisper_v2+xlsr+w2vbert+wav2vec_sb+cohere,5,cohere,5,1000
whisper_v2+xlsr+hubert+wav2vec_sb+cohere,5,seamless_m4t,3,1000
whisper_v2+xlsr+hubert+wav2vec_sb+cohere,5,whisper_v3,1,1000
whisper_v2+xlsr+hubert+wav2vec_sb+cohere,5,whisper_v2,5,1000
whisper_v2+xlsr+hubert+wav2vec_sb+cohere,5,fastconformer,2,1000
whisper_v2+xlsr+hubert+wav2vec_sb+cohere,5,xlsr,8,1000
whisper_v2+xlsr+hubert+wav2vec_sb+cohere,5,w2vbert,7,1000
whisper_v2+xlsr+hubert+wav2vec_sb+cohere,5,hubert,6,1000
whisper_v2+xlsr+hubert+wav2vec_sb+cohere,5,wav2vec_sb,9,1000
whisper_v2+xlsr+hubert+wav2vec_sb+cohere,5,cohere,4,1000
whisper_v2+w2vbert+hubert+wav2vec_sb+cohere,5,seamless_m4t,3,1000
whisper_v2+w2vbert+hubert+wav2vec_sb+cohere,5,whisper_v3,1,1000
whisper_v2+w2vbert+hubert+wav2vec_sb+cohere,5,whisper_v2,5,1000
whisper_v2+w2vbert+hubert+wav2vec_sb+cohere,5,fastconformer,2,1000
whisper_v2+w2vbert+hubert+wav2vec_sb+cohere,5,xlsr,8,1000
whisper_v2+w2vbert+hubert+wav2vec_sb+cohere,5,w2vbert,7,1000
whisper_v2+w2vbert+hubert+wav2vec_sb+cohere,5,hubert,6,1000
whisper_v2+w2vbert+hubert+wav2vec_sb+cohere,5,wav2vec_sb,9,1000
whisper_v2+w2vbert+hubert+wav2vec_sb+cohere,5,cohere,4,1000
fastconformer+xlsr+w2vbert+hubert+wav2vec_sb,5,seamless_m4t,4,1000
fastconformer+xlsr+w2vbert+hubert+wav2vec_sb,5,whisper_v3,1,1000
fastconformer+xlsr+w2vbert+hubert+wav2vec_sb,5,whisper_v2,3,1000
fastconformer+xlsr+w2vbert+hubert+wav2vec_sb,5,fastconformer,6,1000
fastconformer+xlsr+w2vbert+hubert+wav2vec_sb,5,xlsr,8,1000
fastconformer+xlsr+w2vbert+hubert+wav2vec_sb,5,w2vbert,7,1000
fastconformer+xlsr+w2vbert+hubert+wav2vec_sb,5,hubert,5,1000
fastconformer+xlsr+w2vbert+hubert+wav2vec_sb,5,wav2vec_sb,9,1000
fastconformer+xlsr+w2vbert+hubert+wav2vec_sb,5,cohere,2,1000
fastconformer+xlsr+w2vbert+hubert+cohere,5,seamless_m4t,2,44
fastconformer+xlsr+w2vbert+hubert+cohere,5,seamless_m4t,3,956
fastconformer+xlsr+w2vbert+hubert+cohere,5,whisper_v3,1,1000
fastconformer+xlsr+w2vbert+hubert+cohere,5,whisper_v2,2,956
fastconformer+xlsr+w2vbert+hubert+cohere,5,whisper_v2,3,44
fastconformer+xlsr+w2vbert+hubert+cohere,5,fastconformer,4,176
fastconformer+xlsr+w2vbert+hubert+cohere,5,fastconformer,5,824
fastconformer+xlsr+w2vbert+hubert+cohere,5,xlsr,8,1000
fastconformer+xlsr+w2vbert+hubert+cohere,5,w2vbert,7,1000
fastconformer+xlsr+w2vbert+hubert+cohere,5,hubert,6,1000
fastconformer+xlsr+w2vbert+hubert+cohere,5,wav2vec_sb,9,1000
fastconformer+xlsr+w2vbert+hubert+cohere,5,cohere,4,824
fastconformer+xlsr+w2vbert+hubert+cohere,5,cohere,5,176
fastconformer+xlsr+w2vbert+wav2vec_sb+cohere,5,seamless_m4t,2,217
fastconformer+xlsr+w2vbert+wav2vec_sb+cohere,5,seamless_m4t,3,783
fastconformer+xlsr+w2vbert+wav2vec_sb+cohere,5,whisper_v3,1,1000
fastconformer+xlsr+w2vbert+wav2vec_sb+cohere,5,whisper_v2,2,783
fastconformer+xlsr+w2vbert+wav2vec_sb+cohere,5,whisper_v2,3,217
fastconformer+xlsr+w2vbert+wav2vec_sb+cohere,5,fastconformer,5,54
fastconformer+xlsr+w2vbert+wav2vec_sb+cohere,5,fastconformer,6,946
fastconformer+xlsr+w2vbert+wav2vec_sb+cohere,5,xlsr,8,1000
fastconformer+xlsr+w2vbert+wav2vec_sb+cohere,5,w2vbert,7,1000
fastconformer+xlsr+w2vbert+wav2vec_sb+cohere,5,hubert,4,1000
fastconformer+xlsr+w2vbert+wav2vec_sb+cohere,5,wav2vec_sb,9,1000
fastconformer+xlsr+w2vbert+wav2vec_sb+cohere,5,cohere,5,946
fastconformer+xlsr+w2vbert+wav2vec_sb+cohere,5,cohere,6,54
fastconformer+xlsr+hubert+wav2vec_sb+cohere,5,seamless_m4t,2,67
fastconformer+xlsr+hubert+wav2vec_sb+cohere,5,seamless_m4t,3,933
fastconformer+xlsr+hubert+wav2vec_sb+cohere,5,whisper_v3,1,1000
fastconformer+xlsr+hubert+wav2vec_sb+cohere,5,whisper_v2,2,933
fastconformer+xlsr+hubert+wav2vec_sb+cohere,5,whisper_v2,3,67
fastconformer+xlsr+hubert+wav2vec_sb+cohere,5,fastconformer,4,8
fastconformer+xlsr+hubert+wav2vec_sb+cohere,5,fastconformer,5,992
fastconformer+xlsr+hubert+wav2vec_sb+cohere,5,xlsr,8,1000
fastconformer+xlsr+hubert+wav2vec_sb+cohere,5,w2vbert,7,1000
fastconformer+xlsr+hubert+wav2vec_sb+cohere,5,hubert,6,1000
fastconformer+xlsr+hubert+wav2vec_sb+cohere,5,wav2vec_sb,9,1000
fastconformer+xlsr+hubert+wav2vec_sb+cohere,5,cohere,4,992
fastconformer+xlsr+hubert+wav2vec_sb+cohere,5,cohere,5,8
fastconformer+w2vbert+hubert+wav2vec_sb+cohere,5,seamless_m4t,2,39
fastconformer+w2vbert+hubert+wav2vec_sb+cohere,5,seamless_m4t,3,961
fastconformer+w2vbert+hubert+wav2vec_sb+cohere,5,whisper_v3,1,1000
fastconformer+w2vbert+hubert+wav2vec_sb+cohere,5,whisper_v2,2,961
fastconformer+w2vbert+hubert+wav2vec_sb+cohere,5,whisper_v2,3,39
fastconformer+w2vbert+hubert+wav2vec_sb+cohere,5,fastconformer,4,509
fastconformer+w2vbert+hubert+wav2vec_sb+cohere,5,fastconformer,5,491
fastconformer+w2vbert+hubert+wav2vec_sb+cohere,5,xlsr,8,1000
fastconformer+w2vbert+hubert+wav2vec_sb+cohere,5,w2vbert,7,1000
fastconformer+w2vbert+hubert+wav2vec_sb+cohere,5,hubert,6,1000
fastconformer+w2vbert+hubert+wav2vec_sb+cohere,5,wav2vec_sb,9,1000
fastconformer+w2vbert+hubert+wav2vec_sb+cohere,5,cohere,4,491
fastconformer+w2vbert+hubert+wav2vec_sb+cohere,5,cohere,5,509
xlsr+w2vbert+hubert+wav2vec_sb+cohere,5,seamless_m4t,4,1000
xlsr+w2vbert+hubert+wav2vec_sb+cohere,5,whisper_v3,1,561
xlsr+w2vbert+hubert+wav2vec_sb+cohere,5,whisper_v3,2,439
xlsr+w2vbert+hubert+wav2vec_sb+cohere,5,whisper_v2,3,1000
xlsr+w2vbert+hubert+wav2vec_sb+cohere,5,fastconformer,1,439
xlsr+w2vbert+hubert+wav2vec_sb+cohere,5,fastconformer,2,561
xlsr+w2vbert+hubert+wav2vec_sb+cohere,5,xlsr,8,1000
xlsr+w2vbert+hubert+wav2vec_sb+cohere,5,w2vbert,6,462
xlsr+w2vbert+hubert+wav2vec_sb+cohere,5,w2vbert,7,538
xlsr+w2vbert+hubert+wav2vec_sb+cohere,5,hubert,5,1000
xlsr+w2vbert+hubert+wav2vec_sb+cohere,5,wav2vec_sb,9,1000
xlsr+w2vbert+hubert+wav2vec_sb+cohere,5,cohere,6,538
xlsr+w2vbert+hubert+wav2vec_sb+cohere,5,cohere,7,462
seamless_m4t+whisper_v3+whisper_v2+fastconformer+xlsr+w2vbert,6,seamless_m4t,5,1000
seamless_m4t+whisper_v3+whisper_v2+fastconformer+xlsr+w2vbert,6,whisper_v3,1,2
seamless_m4t+whisper_v3+whisper_v2+fastconformer+xlsr+w2vbert,6,whisper_v3,2,998
seamless_m4t+whisper_v3+whisper_v2+fastconformer+xlsr+w2vbert,6,whisper_v2,3,1000
seamless_m4t+whisper_v3+whisper_v2+fastconformer+xlsr+w2vbert,6,fastconformer,4,1000
seamless_m4t+whisper_v3+whisper_v2+fastconformer+xlsr+w2vbert,6,xlsr,8,1000
seamless_m4t+whisper_v3+whisper_v2+fastconformer+xlsr+w2vbert,6,w2vbert,7,1000
seamless_m4t+whisper_v3+whisper_v2+fastconformer+xlsr+w2vbert,6,hubert,6,1000
seamless_m4t+whisper_v3+whisper_v2+fastconformer+xlsr+w2vbert,6,wav2vec_sb,9,1000
seamless_m4t+whisper_v3+whisper_v2+fastconformer+xlsr+w2vbert,6,cohere,1,998
seamless_m4t+whisper_v3+whisper_v2+fastconformer+xlsr+w2vbert,6,cohere,2,2
seamless_m4t+whisper_v3+whisper_v2+fastconformer+xlsr+hubert,6,seamless_m4t,5,1000
seamless_m4t+whisper_v3+whisper_v2+fastconformer+xlsr+hubert,6,whisper_v3,1,2
seamless_m4t+whisper_v3+whisper_v2+fastconformer+xlsr+hubert,6,whisper_v3,2,998
seamless_m4t+whisper_v3+whisper_v2+fastconformer+xlsr+hubert,6,whisper_v2,3,1000
seamless_m4t+whisper_v3+whisper_v2+fastconformer+xlsr+hubert,6,fastconformer,4,1000
seamless_m4t+whisper_v3+whisper_v2+fastconformer+xlsr+hubert,6,xlsr,8,1000
seamless_m4t+whisper_v3+whisper_v2+fastconformer+xlsr+hubert,6,w2vbert,7,1000
seamless_m4t+whisper_v3+whisper_v2+fastconformer+xlsr+hubert,6,hubert,6,1000
seamless_m4t+whisper_v3+whisper_v2+fastconformer+xlsr+hubert,6,wav2vec_sb,9,1000
seamless_m4t+whisper_v3+whisper_v2+fastconformer+xlsr+hubert,6,cohere,1,998
seamless_m4t+whisper_v3+whisper_v2+fastconformer+xlsr+hubert,6,cohere,2,2
seamless_m4t+whisper_v3+whisper_v2+fastconformer+xlsr+wav2vec_sb,6,seamless_m4t,5,1000
seamless_m4t+whisper_v3+whisper_v2+fastconformer+xlsr+wav2vec_sb,6,whisper_v3,1,1
seamless_m4t+whisper_v3+whisper_v2+fastconformer+xlsr+wav2vec_sb,6,whisper_v3,2,999
seamless_m4t+whisper_v3+whisper_v2+fastconformer+xlsr+wav2vec_sb,6,whisper_v2,3,1000
seamless_m4t+whisper_v3+whisper_v2+fastconformer+xlsr+wav2vec_sb,6,fastconformer,4,1000
seamless_m4t+whisper_v3+whisper_v2+fastconformer+xlsr+wav2vec_sb,6,xlsr,8,1000
seamless_m4t+whisper_v3+whisper_v2+fastconformer+xlsr+wav2vec_sb,6,w2vbert,7,1000
seamless_m4t+whisper_v3+whisper_v2+fastconformer+xlsr+wav2vec_sb,6,hubert,6,1000
seamless_m4t+whisper_v3+whisper_v2+fastconformer+xlsr+wav2vec_sb,6,wav2vec_sb,9,1000
seamless_m4t+whisper_v3+whisper_v2+fastconformer+xlsr+wav2vec_sb,6,cohere,1,999
seamless_m4t+whisper_v3+whisper_v2+fastconformer+xlsr+wav2vec_sb,6,cohere,2,1
seamless_m4t+whisper_v3+whisper_v2+fastconformer+xlsr+cohere,6,seamless_m4t,5,1000
seamless_m4t+whisper_v3+whisper_v2+fastconformer+xlsr+cohere,6,whisper_v3,1,792
seamless_m4t+whisper_v3+whisper_v2+fastconformer+xlsr+cohere,6,whisper_v3,2,208
seamless_m4t+whisper_v3+whisper_v2+fastconformer+xlsr+cohere,6,whisper_v2,3,21
seamless_m4t+whisper_v3+whisper_v2+fastconformer+xlsr+cohere,6,whisper_v2,4,979
seamless_m4t+whisper_v3+whisper_v2+fastconformer+xlsr+cohere,6,fastconformer,3,979
seamless_m4t+whisper_v3+whisper_v2+fastconformer+xlsr+cohere,6,fastconformer,4,21
seamless_m4t+whisper_v3+whisper_v2+fastconformer+xlsr+cohere,6,xlsr,8,1000
seamless_m4t+whisper_v3+whisper_v2+fastconformer+xlsr+cohere,6,w2vbert,7,1000
seamless_m4t+whisper_v3+whisper_v2+fastconformer+xlsr+cohere,6,hubert,6,1000
seamless_m4t+whisper_v3+whisper_v2+fastconformer+xlsr+cohere,6,wav2vec_sb,9,1000
seamless_m4t+whisper_v3+whisper_v2+fastconformer+xlsr+cohere,6,cohere,1,208
seamless_m4t+whisper_v3+whisper_v2+fastconformer+xlsr+cohere,6,cohere,2,792
seamless_m4t+whisper_v3+whisper_v2+fastconformer+w2vbert+hubert,6,seamless_m4t,5,1000
seamless_m4t+whisper_v3+whisper_v2+fastconformer+w2vbert+hubert,6,whisper_v3,2,1000
seamless_m4t+whisper_v3+whisper_v2+fastconformer+w2vbert+hubert,6,whisper_v2,3,998
seamless_m4t+whisper_v3+whisper_v2+fastconformer+w2vbert+hubert,6,whisper_v2,4,2
seamless_m4t+whisper_v3+whisper_v2+fastconformer+w2vbert+hubert,6,fastconformer,3,2
seamless_m4t+whisper_v3+whisper_v2+fastconformer+w2vbert+hubert,6,fastconformer,4,998
seamless_m4t+whisper_v3+whisper_v2+fastconformer+w2vbert+hubert,6,xlsr,8,1000
seamless_m4t+whisper_v3+whisper_v2+fastconformer+w2vbert+hubert,6,w2vbert,7,1000
seamless_m4t+whisper_v3+whisper_v2+fastconformer+w2vbert+hubert,6,hubert,6,1000
seamless_m4t+whisper_v3+whisper_v2+fastconformer+w2vbert+hubert,6,wav2vec_sb,9,1000
seamless_m4t+whisper_v3+whisper_v2+fastconformer+w2vbert+hubert,6,cohere,1,1000
seamless_m4t+whisper_v3+whisper_v2+fastconformer+w2vbert+wav2vec_sb,6,seamless_m4t,5,1000
seamless_m4t+whisper_v3+whisper_v2+fastconformer+w2vbert+wav2vec_sb,6,whisper_v3,2,1000
seamless_m4t+whisper_v3+whisper_v2+fastconformer+w2vbert+wav2vec_sb,6,whisper_v2,3,1000
seamless_m4t+whisper_v3+whisper_v2+fastconformer+w2vbert+wav2vec_sb,6,fastconformer,4,1000
seamless_m4t+whisper_v3+whisper_v2+fastconformer+w2vbert+wav2vec_sb,6,xlsr,8,1000
seamless_m4t+whisper_v3+whisper_v2+fastconformer+w2vbert+wav2vec_sb,6,w2vbert,7,1000
seamless_m4t+whisper_v3+whisper_v2+fastconformer+w2vbert+wav2vec_sb,6,hubert,6,1000
seamless_m4t+whisper_v3+whisper_v2+fastconformer+w2vbert+wav2vec_sb,6,wav2vec_sb,9,1000
seamless_m4t+whisper_v3+whisper_v2+fastconformer+w2vbert+wav2vec_sb,6,cohere,1,1000
seamless_m4t+whisper_v3+whisper_v2+fastconformer+w2vbert+cohere,6,seamless_m4t,5,1000
seamless_m4t+whisper_v3+whisper_v2+fastconformer+w2vbert+cohere,6,whisper_v3,1,827
seamless_m4t+whisper_v3+whisper_v2+fastconformer+w2vbert+cohere,6,whisper_v3,2,173
seamless_m4t+whisper_v3+whisper_v2+fastconformer+w2vbert+cohere,6,whisper_v2,3,17
seamless_m4t+whisper_v3+whisper_v2+fastconformer+w2vbert+cohere,6,whisper_v2,4,983
seamless_m4t+whisper_v3+whisper_v2+fastconformer+w2vbert+cohere,6,fastconformer,3,983
seamless_m4t+whisper_v3+whisper_v2+fastconformer+w2vbert+cohere,6,fastconformer,4,17
seamless_m4t+whisper_v3+whisper_v2+fastconformer+w2vbert+cohere,6,xlsr,8,1000
seamless_m4t+whisper_v3+whisper_v2+fastconformer+w2vbert+cohere,6,w2vbert,7,1000
seamless_m4t+whisper_v3+whisper_v2+fastconformer+w2vbert+cohere,6,hubert,6,1000
seamless_m4t+whisper_v3+whisper_v2+fastconformer+w2vbert+cohere,6,wav2vec_sb,9,1000
seamless_m4t+whisper_v3+whisper_v2+fastconformer+w2vbert+cohere,6,cohere,1,173
seamless_m4t+whisper_v3+whisper_v2+fastconformer+w2vbert+cohere,6,cohere,2,827
seamless_m4t+whisper_v3+whisper_v2+fastconformer+hubert+wav2vec_sb,6,seamless_m4t,5,1000
seamless_m4t+whisper_v3+whisper_v2+fastconformer+hubert+wav2vec_sb,6,whisper_v3,2,1000
seamless_m4t+whisper_v3+whisper_v2+fastconformer+hubert+wav2vec_sb,6,whisper_v2,3,997
seamless_m4t+whisper_v3+whisper_v2+fastconformer+hubert+wav2vec_sb,6,whisper_v2,4,3
seamless_m4t+whisper_v3+whisper_v2+fastconformer+hubert+wav2vec_sb,6,fastconformer,3,3
seamless_m4t+whisper_v3+whisper_v2+fastconformer+hubert+wav2vec_sb,6,fastconformer,4,997
seamless_m4t+whisper_v3+whisper_v2+fastconformer+hubert+wav2vec_sb,6,xlsr,8,1000
seamless_m4t+whisper_v3+whisper_v2+fastconformer+hubert+wav2vec_sb,6,w2vbert,7,1000
seamless_m4t+whisper_v3+whisper_v2+fastconformer+hubert+wav2vec_sb,6,hubert,6,1000
seamless_m4t+whisper_v3+whisper_v2+fastconformer+hubert+wav2vec_sb,6,wav2vec_sb,9,1000
seamless_m4t+whisper_v3+whisper_v2+fastconformer+hubert+wav2vec_sb,6,cohere,1,1000
seamless_m4t+whisper_v3+whisper_v2+fastconformer+hubert+cohere,6,seamless_m4t,5,1000
seamless_m4t+whisper_v3+whisper_v2+fastconformer+hubert+cohere,6,whisper_v3,1,782
seamless_m4t+whisper_v3+whisper_v2+fastconformer+hubert+cohere,6,whisper_v3,2,218
seamless_m4t+whisper_v3+whisper_v2+fastconformer+hubert+cohere,6,whisper_v2,3,17
seamless_m4t+whisper_v3+whisper_v2+fastconformer+hubert+cohere,6,whisper_v2,4,983
seamless_m4t+whisper_v3+whisper_v2+fastconformer+hubert+cohere,6,fastconformer,3,983
seamless_m4t+whisper_v3+whisper_v2+fastconformer+hubert+cohere,6,fastconformer,4,17
seamless_m4t+whisper_v3+whisper_v2+fastconformer+hubert+cohere,6,xlsr,8,1000
seamless_m4t+whisper_v3+whisper_v2+fastconformer+hubert+cohere,6,w2vbert,7,1000
seamless_m4t+whisper_v3+whisper_v2+fastconformer+hubert+cohere,6,hubert,6,1000
seamless_m4t+whisper_v3+whisper_v2+fastconformer+hubert+cohere,6,wav2vec_sb,9,1000
seamless_m4t+whisper_v3+whisper_v2+fastconformer+hubert+cohere,6,cohere,1,218
seamless_m4t+whisper_v3+whisper_v2+fastconformer+hubert+cohere,6,cohere,2,782
seamless_m4t+whisper_v3+whisper_v2+fastconformer+wav2vec_sb+cohere,6,seamless_m4t,5,1000
seamless_m4t+whisper_v3+whisper_v2+fastconformer+wav2vec_sb+cohere,6,whisper_v3,1,767
seamless_m4t+whisper_v3+whisper_v2+fastconformer+wav2vec_sb+cohere,6,whisper_v3,2,233
seamless_m4t+whisper_v3+whisper_v2+fastconformer+wav2vec_sb+cohere,6,whisper_v2,3,15
seamless_m4t+whisper_v3+whisper_v2+fastconformer+wav2vec_sb+cohere,6,whisper_v2,4,985
seamless_m4t+whisper_v3+whisper_v2+fastconformer+wav2vec_sb+cohere,6,fastconformer,3,985
seamless_m4t+whisper_v3+whisper_v2+fastconformer+wav2vec_sb+cohere,6,fastconformer,4,15
seamless_m4t+whisper_v3+whisper_v2+fastconformer+wav2vec_sb+cohere,6,xlsr,8,1000
seamless_m4t+whisper_v3+whisper_v2+fastconformer+wav2vec_sb+cohere,6,w2vbert,7,1000
seamless_m4t+whisper_v3+whisper_v2+fastconformer+wav2vec_sb+cohere,6,hubert,6,1000
seamless_m4t+whisper_v3+whisper_v2+fastconformer+wav2vec_sb+cohere,6,wav2vec_sb,9,1000
seamless_m4t+whisper_v3+whisper_v2+fastconformer+wav2vec_sb+cohere,6,cohere,1,233
seamless_m4t+whisper_v3+whisper_v2+fastconformer+wav2vec_sb+cohere,6,cohere,2,767
seamless_m4t+whisper_v3+whisper_v2+xlsr+w2vbert+hubert,6,seamless_m4t,5,1000
seamless_m4t+whisper_v3+whisper_v2+xlsr+w2vbert+hubert,6,whisper_v3,2,546
seamless_m4t+whisper_v3+whisper_v2+xlsr+w2vbert+hubert,6,whisper_v3,3,454
seamless_m4t+whisper_v3+whisper_v2+xlsr+w2vbert+hubert,6,whisper_v2,4,1000
seamless_m4t+whisper_v3+whisper_v2+xlsr+w2vbert+hubert,6,fastconformer,2,454
seamless_m4t+whisper_v3+whisper_v2+xlsr+w2vbert+hubert,6,fastconformer,3,546
seamless_m4t+whisper_v3+whisper_v2+xlsr+w2vbert+hubert,6,xlsr,8,1000
seamless_m4t+whisper_v3+whisper_v2+xlsr+w2vbert+hubert,6,w2vbert,7,1000
seamless_m4t+whisper_v3+whisper_v2+xlsr+w2vbert+hubert,6,hubert,6,1000
seamless_m4t+whisper_v3+whisper_v2+xlsr+w2vbert+hubert,6,wav2vec_sb,9,1000
seamless_m4t+whisper_v3+whisper_v2+xlsr+w2vbert+hubert,6,cohere,1,1000
seamless_m4t+whisper_v3+whisper_v2+xlsr+w2vbert+wav2vec_sb,6,seamless_m4t,5,1000
seamless_m4t+whisper_v3+whisper_v2+xlsr+w2vbert+wav2vec_sb,6,whisper_v3,2,1
seamless_m4t+whisper_v3+whisper_v2+xlsr+w2vbert+wav2vec_sb,6,whisper_v3,3,999
seamless_m4t+whisper_v3+whisper_v2+xlsr+w2vbert+wav2vec_sb,6,whisper_v2,4,1000
seamless_m4t+whisper_v3+whisper_v2+xlsr+w2vbert+wav2vec_sb,6,fastconformer,2,999
seamless_m4t+whisper_v3+whisper_v2+xlsr+w2vbert+wav2vec_sb,6,fastconformer,3,1
seamless_m4t+whisper_v3+whisper_v2+xlsr+w2vbert+wav2vec_sb,6,xlsr,8,1000
seamless_m4t+whisper_v3+whisper_v2+xlsr+w2vbert+wav2vec_sb,6,w2vbert,7,1000
seamless_m4t+whisper_v3+whisper_v2+xlsr+w2vbert+wav2vec_sb,6,hubert,6,1000
seamless_m4t+whisper_v3+whisper_v2+xlsr+w2vbert+wav2vec_sb,6,wav2vec_sb,9,1000
seamless_m4t+whisper_v3+whisper_v2+xlsr+w2vbert+wav2vec_sb,6,cohere,1,1000
seamless_m4t+whisper_v3+whisper_v2+xlsr+w2vbert+cohere,6,seamless_m4t,5,1000
seamless_m4t+whisper_v3+whisper_v2+xlsr+w2vbert+cohere,6,whisper_v3,1,1000
seamless_m4t+whisper_v3+whisper_v2+xlsr+w2vbert+cohere,6,whisper_v2,3,1
seamless_m4t+whisper_v3+whisper_v2+xlsr+w2vbert+cohere,6,whisper_v2,4,999
seamless_m4t+whisper_v3+whisper_v2+xlsr+w2vbert+cohere,6,fastconformer,2,343
seamless_m4t+whisper_v3+whisper_v2+xlsr+w2vbert+cohere,6,fastconformer,3,656
seamless_m4t+whisper_v3+whisper_v2+xlsr+w2vbert+cohere,6,fastconformer,4,1
seamless_m4t+whisper_v3+whisper_v2+xlsr+w2vbert+cohere,6,xlsr,8,1000
seamless_m4t+whisper_v3+whisper_v2+xlsr+w2vbert+cohere,6,w2vbert,7,1000
seamless_m4t+whisper_v3+whisper_v2+xlsr+w2vbert+cohere,6,hubert,6,1000
seamless_m4t+whisper_v3+whisper_v2+xlsr+w2vbert+cohere,6,wav2vec_sb,9,1000
seamless_m4t+whisper_v3+whisper_v2+xlsr+w2vbert+cohere,6,cohere,2,657
seamless_m4t+whisper_v3+whisper_v2+xlsr+w2vbert+cohere,6,cohere,3,343
seamless_m4t+whisper_v3+whisper_v2+xlsr+hubert+wav2vec_sb,6,seamless_m4t,5,1000
seamless_m4t+whisper_v3+whisper_v2+xlsr+hubert+wav2vec_sb,6,whisper_v3,2,747
seamless_m4t+whisper_v3+whisper_v2+xlsr+hubert+wav2vec_sb,6,whisper_v3,3,253
seamless_m4t+whisper_v3+whisper_v2+xlsr+hubert+wav2vec_sb,6,whisper_v2,4,1000
seamless_m4t+whisper_v3+whisper_v2+xlsr+hubert+wav2vec_sb,6,fastconformer,2,253
seamless_m4t+whisper_v3+whisper_v2+xlsr+hubert+wav2vec_sb,6,fastconformer,3,747
seamless_m4t+whisper_v3+whisper_v2+xlsr+hubert+wav2vec_sb,6,xlsr,8,1000
seamless_m4t+whisper_v3+whisper_v2+xlsr+hubert+wav2vec_sb,6,w2vbert,7,1000
seamless_m4t+whisper_v3+whisper_v2+xlsr+hubert+wav2vec_sb,6,hubert,6,1000
seamless_m4t+whisper_v3+whisper_v2+xlsr+hubert+wav2vec_sb,6,wav2vec_sb,9,1000
seamless_m4t+whisper_v3+whisper_v2+xlsr+hubert+wav2vec_sb,6,cohere,1,1000
seamless_m4t+whisper_v3+whisper_v2+xlsr+hubert+cohere,6,seamless_m4t,5,1000
seamless_m4t+whisper_v3+whisper_v2+xlsr+hubert+cohere,6,whisper_v3,1,1000
seamless_m4t+whisper_v3+whisper_v2+xlsr+hubert+cohere,6,whisper_v2,3,7
seamless_m4t+whisper_v3+whisper_v2+xlsr+hubert+cohere,6,whisper_v2,4,993
seamless_m4t+whisper_v3+whisper_v2+xlsr+hubert+cohere,6,fastconformer,2,424
seamless_m4t+whisper_v3+whisper_v2+xlsr+hubert+cohere,6,fastconformer,3,570
seamless_m4t+whisper_v3+whisper_v2+xlsr+hubert+cohere,6,fastconformer,4,6
seamless_m4t+whisper_v3+whisper_v2+xlsr+hubert+cohere,6,xlsr,8,1000
seamless_m4t+whisper_v3+whisper_v2+xlsr+hubert+cohere,6,w2vbert,7,1000
seamless_m4t+whisper_v3+whisper_v2+xlsr+hubert+cohere,6,hubert,6,1000
seamless_m4t+whisper_v3+whisper_v2+xlsr+hubert+cohere,6,wav2vec_sb,9,1000
seamless_m4t+whisper_v3+whisper_v2+xlsr+hubert+cohere,6,cohere,2,576
seamless_m4t+whisper_v3+whisper_v2+xlsr+hubert+cohere,6,cohere,3,423
seamless_m4t+whisper_v3+whisper_v2+xlsr+hubert+cohere,6,cohere,4,1
seamless_m4t+whisper_v3+whisper_v2+xlsr+wav2vec_sb+cohere,6,seamless_m4t,5,1000
seamless_m4t+whisper_v3+whisper_v2+xlsr+wav2vec_sb+cohere,6,whisper_v3,1,1000
seamless_m4t+whisper_v3+whisper_v2+xlsr+wav2vec_sb+cohere,6,whisper_v2,3,2
seamless_m4t+whisper_v3+whisper_v2+xlsr+wav2vec_sb+cohere,6,whisper_v2,4,998
seamless_m4t+whisper_v3+whisper_v2+xlsr+wav2vec_sb+cohere,6,fastconformer,2,247
seamless_m4t+whisper_v3+whisper_v2+xlsr+wav2vec_sb+cohere,6,fastconformer,3,751
seamless_m4t+whisper_v3+whisper_v2+xlsr+wav2vec_sb+cohere,6,fastconformer,4,2
seamless_m4t+whisper_v3+whisper_v2+xlsr+wav2vec_sb+cohere,6,xlsr,8,1000
seamless_m4t+whisper_v3+whisper_v2+xlsr+wav2vec_sb+cohere,6,w2vbert,7,1000
seamless_m4t+whisper_v3+whisper_v2+xlsr+wav2vec_sb+cohere,6,hubert,6,1000
seamless_m4t+whisper_v3+whisper_v2+xlsr+wav2vec_sb+cohere,6,wav2vec_sb,9,1000
seamless_m4t+whisper_v3+whisper_v2+xlsr+wav2vec_sb+cohere,6,cohere,2,753
seamless_m4t+whisper_v3+whisper_v2+xlsr+wav2vec_sb+cohere,6,cohere,3,247
seamless_m4t+whisper_v3+whisper_v2+w2vbert+hubert+wav2vec_sb,6,seamless_m4t,5,1000
seamless_m4t+whisper_v3+whisper_v2+w2vbert+hubert+wav2vec_sb,6,whisper_v3,2,559
seamless_m4t+whisper_v3+whisper_v2+w2vbert+hubert+wav2vec_sb,6,whisper_v3,3,441
seamless_m4t+whisper_v3+whisper_v2+w2vbert+hubert+wav2vec_sb,6,whisper_v2,4,1000
seamless_m4t+whisper_v3+whisper_v2+w2vbert+hubert+wav2vec_sb,6,fastconformer,2,441
seamless_m4t+whisper_v3+whisper_v2+w2vbert+hubert+wav2vec_sb,6,fastconformer,3,559
seamless_m4t+whisper_v3+whisper_v2+w2vbert+hubert+wav2vec_sb,6,xlsr,8,1000
seamless_m4t+whisper_v3+whisper_v2+w2vbert+hubert+wav2vec_sb,6,w2vbert,7,1000
seamless_m4t+whisper_v3+whisper_v2+w2vbert+hubert+wav2vec_sb,6,hubert,6,1000
seamless_m4t+whisper_v3+whisper_v2+w2vbert+hubert+wav2vec_sb,6,wav2vec_sb,9,1000
seamless_m4t+whisper_v3+whisper_v2+w2vbert+hubert+wav2vec_sb,6,cohere,1,1000
seamless_m4t+whisper_v3+whisper_v2+w2vbert+hubert+cohere,6,seamless_m4t,5,1000
seamless_m4t+whisper_v3+whisper_v2+w2vbert+hubert+cohere,6,whisper_v3,1,1000
seamless_m4t+whisper_v3+whisper_v2+w2vbert+hubert+cohere,6,whisper_v2,2,1
seamless_m4t+whisper_v3+whisper_v2+w2vbert+hubert+cohere,6,whisper_v2,3,3
seamless_m4t+whisper_v3+whisper_v2+w2vbert+hubert+cohere,6,whisper_v2,4,996
seamless_m4t+whisper_v3+whisper_v2+w2vbert+hubert+cohere,6,fastconformer,2,416
seamless_m4t+whisper_v3+whisper_v2+w2vbert+hubert+cohere,6,fastconformer,3,581
seamless_m4t+whisper_v3+whisper_v2+w2vbert+hubert+cohere,6,fastconformer,4,3
seamless_m4t+whisper_v3+whisper_v2+w2vbert+hubert+cohere,6,xlsr,8,1000
seamless_m4t+whisper_v3+whisper_v2+w2vbert+hubert+cohere,6,w2vbert,7,1000
seamless_m4t+whisper_v3+whisper_v2+w2vbert+hubert+cohere,6,hubert,6,1000
seamless_m4t+whisper_v3+whisper_v2+w2vbert+hubert+cohere,6,wav2vec_sb,9,1000
seamless_m4t+whisper_v3+whisper_v2+w2vbert+hubert+cohere,6,cohere,2,583
seamless_m4t+whisper_v3+whisper_v2+w2vbert+hubert+cohere,6,cohere,3,416
seamless_m4t+whisper_v3+whisper_v2+w2vbert+hubert+cohere,6,cohere,4,1
seamless_m4t+whisper_v3+whisper_v2+w2vbert+wav2vec_sb+cohere,6,seamless_m4t,5,1000
seamless_m4t+whisper_v3+whisper_v2+w2vbert+wav2vec_sb+cohere,6,whisper_v3,1,1000
seamless_m4t+whisper_v3+whisper_v2+w2vbert+wav2vec_sb+cohere,6,whisper_v2,3,4
seamless_m4t+whisper_v3+whisper_v2+w2vbert+wav2vec_sb+cohere,6,whisper_v2,4,996
seamless_m4t+whisper_v3+whisper_v2+w2vbert+wav2vec_sb+cohere,6,fastconformer,2,177
seamless_m4t+whisper_v3+whisper_v2+w2vbert+wav2vec_sb+cohere,6,fastconformer,3,819
seamless_m4t+whisper_v3+whisper_v2+w2vbert+wav2vec_sb+cohere,6,fastconformer,4,4
seamless_m4t+whisper_v3+whisper_v2+w2vbert+wav2vec_sb+cohere,6,xlsr,8,1000
seamless_m4t+whisper_v3+whisper_v2+w2vbert+wav2vec_sb+cohere,6,w2vbert,7,1000
seamless_m4t+whisper_v3+whisper_v2+w2vbert+wav2vec_sb+cohere,6,hubert,6,1000
seamless_m4t+whisper_v3+whisper_v2+w2vbert+wav2vec_sb+cohere,6,wav2vec_sb,9,1000
seamless_m4t+whisper_v3+whisper_v2+w2vbert+wav2vec_sb+cohere,6,cohere,2,823
seamless_m4t+whisper_v3+whisper_v2+w2vbert+wav2vec_sb+cohere,6,cohere,3,177
seamless_m4t+whisper_v3+whisper_v2+hubert+wav2vec_sb+cohere,6,seamless_m4t,5,1000
seamless_m4t+whisper_v3+whisper_v2+hubert+wav2vec_sb+cohere,6,whisper_v3,1,1000
seamless_m4t+whisper_v3+whisper_v2+hubert+wav2vec_sb+cohere,6,whisper_v2,3,6
seamless_m4t+whisper_v3+whisper_v2+hubert+wav2vec_sb+cohere,6,whisper_v2,4,994
seamless_m4t+whisper_v3+whisper_v2+hubert+wav2vec_sb+cohere,6,fastconformer,2,481
seamless_m4t+whisper_v3+whisper_v2+hubert+wav2vec_sb+cohere,6,fastconformer,3,514
seamless_m4t+whisper_v3+whisper_v2+hubert+wav2vec_sb+cohere,6,fastconformer,4,5
seamless_m4t+whisper_v3+whisper_v2+hubert+wav2vec_sb+cohere,6,xlsr,8,1000
seamless_m4t+whisper_v3+whisper_v2+hubert+wav2vec_sb+cohere,6,w2vbert,7,1000
seamless_m4t+whisper_v3+whisper_v2+hubert+wav2vec_sb+cohere,6,hubert,6,1000
seamless_m4t+whisper_v3+whisper_v2+hubert+wav2vec_sb+cohere,6,wav2vec_sb,9,1000
seamless_m4t+whisper_v3+whisper_v2+hubert+wav2vec_sb+cohere,6,cohere,2,519
seamless_m4t+whisper_v3+whisper_v2+hubert+wav2vec_sb+cohere,6,cohere,3,480
seamless_m4t+whisper_v3+whisper_v2+hubert+wav2vec_sb+cohere,6,cohere,4,1
seamless_m4t+whisper_v3+fastconformer+xlsr+w2vbert+hubert,6,seamless_m4t,5,1000
seamless_m4t+whisper_v3+fastconformer+xlsr+w2vbert+hubert,6,whisper_v3,3,997
seamless_m4t+whisper_v3+fastconformer+xlsr+w2vbert+hubert,6,whisper_v3,4,3
seamless_m4t+whisper_v3+fastconformer+xlsr+w2vbert+hubert,6,whisper_v2,2,1000
seamless_m4t+whisper_v3+fastconformer+xlsr+w2vbert+hubert,6,fastconformer,3,3
seamless_m4t+whisper_v3+fastconformer+xlsr+w2vbert+hubert,6,fastconformer,4,997
seamless_m4t+whisper_v3+fastconformer+xlsr+w2vbert+hubert,6,xlsr,8,1000
seamless_m4t+whisper_v3+fastconformer+xlsr+w2vbert+hubert,6,w2vbert,7,1000
seamless_m4t+whisper_v3+fastconformer+xlsr+w2vbert+hubert,6,hubert,6,1000
seamless_m4t+whisper_v3+fastconformer+xlsr+w2vbert+hubert,6,wav2vec_sb,9,1000
seamless_m4t+whisper_v3+fastconformer+xlsr+w2vbert+hubert,6,cohere,1,1000
seamless_m4t+whisper_v3+fastconformer+xlsr+w2vbert+wav2vec_sb,6,seamless_m4t,5,1000
seamless_m4t+whisper_v3+fastconformer+xlsr+w2vbert+wav2vec_sb,6,whisper_v3,3,995
seamless_m4t+whisper_v3+fastconformer+xlsr+w2vbert+wav2vec_sb,6,whisper_v3,4,5
seamless_m4t+whisper_v3+fastconformer+xlsr+w2vbert+wav2vec_sb,6,whisper_v2,2,1000
seamless_m4t+whisper_v3+fastconformer+xlsr+w2vbert+wav2vec_sb,6,fastconformer,3,5
seamless_m4t+whisper_v3+fastconformer+xlsr+w2vbert+wav2vec_sb,6,fastconformer,4,995
seamless_m4t+whisper_v3+fastconformer+xlsr+w2vbert+wav2vec_sb,6,xlsr,8,1000
seamless_m4t+whisper_v3+fastconformer+xlsr+w2vbert+wav2vec_sb,6,w2vbert,7,1000
seamless_m4t+whisper_v3+fastconformer+xlsr+w2vbert+wav2vec_sb,6,hubert,6,1000
seamless_m4t+whisper_v3+fastconformer+xlsr+w2vbert+wav2vec_sb,6,wav2vec_sb,9,1000
seamless_m4t+whisper_v3+fastconformer+xlsr+w2vbert+wav2vec_sb,6,cohere,1,1000
seamless_m4t+whisper_v3+fastconformer+xlsr+w2vbert+cohere,6,seamless_m4t,5,1000
seamless_m4t+whisper_v3+fastconformer+xlsr+w2vbert+cohere,6,whisper_v3,2,980
seamless_m4t+whisper_v3+fastconformer+xlsr+w2vbert+cohere,6,whisper_v3,3,20
seamless_m4t+whisper_v3+fastconformer+xlsr+w2vbert+cohere,6,whisper_v2,3,14
seamless_m4t+whisper_v3+fastconformer+xlsr+w2vbert+cohere,6,whisper_v2,4,986
seamless_m4t+whisper_v3+fastconformer+xlsr+w2vbert+cohere,6,fastconformer,2,20
seamless_m4t+whisper_v3+fastconformer+xlsr+w2vbert+cohere,6,fastconformer,3,966
seamless_m4t+whisper_v3+fastconformer+xlsr+w2vbert+cohere,6,fastconformer,4,14
seamless_m4t+whisper_v3+fastconformer+xlsr+w2vbert+cohere,6,xlsr,8,1000
seamless_m4t+whisper_v3+fastconformer+xlsr+w2vbert+cohere,6,w2vbert,7,1000
seamless_m4t+whisper_v3+fastconformer+xlsr+w2vbert+cohere,6,hubert,6,1000
seamless_m4t+whisper_v3+fastconformer+xlsr+w2vbert+cohere,6,wav2vec_sb,9,1000
seamless_m4t+whisper_v3+fastconformer+xlsr+w2vbert+cohere,6,cohere,1,1000
seamless_m4t+whisper_v3+fastconformer+xlsr+hubert+wav2vec_sb,6,seamless_m4t,5,1000
seamless_m4t+whisper_v3+fastconformer+xlsr+hubert+wav2vec_sb,6,whisper_v3,3,925
seamless_m4t+whisper_v3+fastconformer+xlsr+hubert+wav2vec_sb,6,whisper_v3,4,75
seamless_m4t+whisper_v3+fastconformer+xlsr+hubert+wav2vec_sb,6,whisper_v2,2,1000
seamless_m4t+whisper_v3+fastconformer+xlsr+hubert+wav2vec_sb,6,fastconformer,3,75
seamless_m4t+whisper_v3+fastconformer+xlsr+hubert+wav2vec_sb,6,fastconformer,4,925
seamless_m4t+whisper_v3+fastconformer+xlsr+hubert+wav2vec_sb,6,xlsr,8,1000
seamless_m4t+whisper_v3+fastconformer+xlsr+hubert+wav2vec_sb,6,w2vbert,7,1000
seamless_m4t+whisper_v3+fastconformer+xlsr+hubert+wav2vec_sb,6,hubert,6,1000
seamless_m4t+whisper_v3+fastconformer+xlsr+hubert+wav2vec_sb,6,wav2vec_sb,9,1000
seamless_m4t+whisper_v3+fastconformer+xlsr+hubert+wav2vec_sb,6,cohere,1,1000
seamless_m4t+whisper_v3+fastconformer+xlsr+hubert+cohere,6,seamless_m4t,5,1000
seamless_m4t+whisper_v3+fastconformer+xlsr+hubert+cohere,6,whisper_v3,2,864
seamless_m4t+whisper_v3+fastconformer+xlsr+hubert+cohere,6,whisper_v3,3,136
seamless_m4t+whisper_v3+fastconformer+xlsr+hubert+cohere,6,whisper_v2,3,1
seamless_m4t+whisper_v3+fastconformer+xlsr+hubert+cohere,6,whisper_v2,4,999
seamless_m4t+whisper_v3+fastconformer+xlsr+hubert+cohere,6,fastconformer,2,136
seamless_m4t+whisper_v3+fastconformer+xlsr+hubert+cohere,6,fastconformer,3,863
seamless_m4t+whisper_v3+fastconformer+xlsr+hubert+cohere,6,fastconformer,4,1
seamless_m4t+whisper_v3+fastconformer+xlsr+hubert+cohere,6,xlsr,8,1000
seamless_m4t+whisper_v3+fastconformer+xlsr+hubert+cohere,6,w2vbert,7,1000
seamless_m4t+whisper_v3+fastconformer+xlsr+hubert+cohere,6,hubert,6,1000
seamless_m4t+whisper_v3+fastconformer+xlsr+hubert+cohere,6,wav2vec_sb,9,1000
seamless_m4t+whisper_v3+fastconformer+xlsr+hubert+cohere,6,cohere,1,1000
seamless_m4t+whisper_v3+fastconformer+xlsr+wav2vec_sb+cohere,6,seamless_m4t,5,1000
seamless_m4t+whisper_v3+fastconformer+xlsr+wav2vec_sb+cohere,6,whisper_v3,2,936
seamless_m4t+whisper_v3+fastconformer+xlsr+wav2vec_sb+cohere,6,whisper_v3,3,64
seamless_m4t+whisper_v3+fastconformer+xlsr+wav2vec_sb+cohere,6,whisper_v2,3,3
seamless_m4t+whisper_v3+fastconformer+xlsr+wav2vec_sb+cohere,6,whisper_v2,4,997
seamless_m4t+whisper_v3+fastconformer+xlsr+wav2vec_sb+cohere,6,fastconformer,2,64
seamless_m4t+whisper_v3+fastconformer+xlsr+wav2vec_sb+cohere,6,fastconformer,3,933
seamless_m4t+whisper_v3+fastconformer+xlsr+wav2vec_sb+cohere,6,fastconformer,4,3
seamless_m4t+whisper_v3+fastconformer+xlsr+wav2vec_sb+cohere,6,xlsr,8,1000
seamless_m4t+whisper_v3+fastconformer+xlsr+wav2vec_sb+cohere,6,w2vbert,7,1000
seamless_m4t+whisper_v3+fastconformer+xlsr+wav2vec_sb+cohere,6,hubert,6,1000
seamless_m4t+whisper_v3+fastconformer+xlsr+wav2vec_sb+cohere,6,wav2vec_sb,9,1000
seamless_m4t+whisper_v3+fastconformer+xlsr+wav2vec_sb+cohere,6,cohere,1,1000
seamless_m4t+whisper_v3+fastconformer+w2vbert+hubert+wav2vec_sb,6,seamless_m4t,5,1000
seamless_m4t+whisper_v3+fastconformer+w2vbert+hubert+wav2vec_sb,6,whisper_v3,3,999
seamless_m4t+whisper_v3+fastconformer+w2vbert+hubert+wav2vec_sb,6,whisper_v3,4,1
seamless_m4t+whisper_v3+fastconformer+w2vbert+hubert+wav2vec_sb,6,whisper_v2,2,1000
seamless_m4t+whisper_v3+fastconformer+w2vbert+hubert+wav2vec_sb,6,fastconformer,3,1
seamless_m4t+whisper_v3+fastconformer+w2vbert+hubert+wav2vec_sb,6,fastconformer,4,999
seamless_m4t+whisper_v3+fastconformer+w2vbert+hubert+wav2vec_sb,6,xlsr,8,1000
seamless_m4t+whisper_v3+fastconformer+w2vbert+hubert+wav2vec_sb,6,w2vbert,7,1000
seamless_m4t+whisper_v3+fastconformer+w2vbert+hubert+wav2vec_sb,6,hubert,6,1000
seamless_m4t+whisper_v3+fastconformer+w2vbert+hubert+wav2vec_sb,6,wav2vec_sb,9,1000
seamless_m4t+whisper_v3+fastconformer+w2vbert+hubert+wav2vec_sb,6,cohere,1,1000
seamless_m4t+whisper_v3+fastconformer+w2vbert+hubert+cohere,6,seamless_m4t,5,1000
seamless_m4t+whisper_v3+fastconformer+w2vbert+hubert+cohere,6,whisper_v3,2,950
seamless_m4t+whisper_v3+fastconformer+w2vbert+hubert+cohere,6,whisper_v3,3,50
seamless_m4t+whisper_v3+fastconformer+w2vbert+hubert+cohere,6,whisper_v2,3,8
seamless_m4t+whisper_v3+fastconformer+w2vbert+hubert+cohere,6,whisper_v2,4,992
seamless_m4t+whisper_v3+fastconformer+w2vbert+hubert+cohere,6,fastconformer,2,50
seamless_m4t+whisper_v3+fastconformer+w2vbert+hubert+cohere,6,fastconformer,3,942
seamless_m4t+whisper_v3+fastconformer+w2vbert+hubert+cohere,6,fastconformer,4,8
seamless_m4t+whisper_v3+fastconformer+w2vbert+hubert+cohere,6,xlsr,8,1000
seamless_m4t+whisper_v3+fastconformer+w2vbert+hubert+cohere,6,w2vbert,7,1000
seamless_m4t+whisper_v3+fastconformer+w2vbert+hubert+cohere,6,hubert,6,1000
seamless_m4t+whisper_v3+fastconformer+w2vbert+hubert+cohere,6,wav2vec_sb,9,1000
seamless_m4t+whisper_v3+fastconformer+w2vbert+hubert+cohere,6,cohere,1,1000
seamless_m4t+whisper_v3+fastconformer+w2vbert+wav2vec_sb+cohere,6,seamless_m4t,5,1000
seamless_m4t+whisper_v3+fastconformer+w2vbert+wav2vec_sb+cohere,6,whisper_v3,2,958
seamless_m4t+whisper_v3+fastconformer+w2vbert+wav2vec_sb+cohere,6,whisper_v3,3,42
seamless_m4t+whisper_v3+fastconformer+w2vbert+wav2vec_sb+cohere,6,whisper_v2,3,4
seamless_m4t+whisper_v3+fastconformer+w2vbert+wav2vec_sb+cohere,6,whisper_v2,4,996
seamless_m4t+whisper_v3+fastconformer+w2vbert+wav2vec_sb+cohere,6,fastconformer,2,42
seamless_m4t+whisper_v3+fastconformer+w2vbert+wav2vec_sb+cohere,6,fastconformer,3,954
seamless_m4t+whisper_v3+fastconformer+w2vbert+wav2vec_sb+cohere,6,fastconformer,4,4
seamless_m4t+whisper_v3+fastconformer+w2vbert+wav2vec_sb+cohere,6,xlsr,8,1000
seamless_m4t+whisper_v3+fastconformer+w2vbert+wav2vec_sb+cohere,6,w2vbert,7,1000
seamless_m4t+whisper_v3+fastconformer+w2vbert+wav2vec_sb+cohere,6,hubert,6,1000
seamless_m4t+whisper_v3+fastconformer+w2vbert+wav2vec_sb+cohere,6,wav2vec_sb,9,1000
seamless_m4t+whisper_v3+fastconformer+w2vbert+wav2vec_sb+cohere,6,cohere,1,1000
seamless_m4t+whisper_v3+fastconformer+hubert+wav2vec_sb+cohere,6,seamless_m4t,5,1000
seamless_m4t+whisper_v3+fastconformer+hubert+wav2vec_sb+cohere,6,whisper_v3,2,911
seamless_m4t+whisper_v3+fastconformer+hubert+wav2vec_sb+cohere,6,whisper_v3,3,89
seamless_m4t+whisper_v3+fastconformer+hubert+wav2vec_sb+cohere,6,whisper_v2,3,1
seamless_m4t+whisper_v3+fastconformer+hubert+wav2vec_sb+cohere,6,whisper_v2,4,999
seamless_m4t+whisper_v3+fastconformer+hubert+wav2vec_sb+cohere,6,fastconformer,2,89
seamless_m4t+whisper_v3+fastconformer+hubert+wav2vec_sb+cohere,6,fastconformer,3,910
seamless_m4t+whisper_v3+fastconformer+hubert+wav2vec_sb+cohere,6,fastconformer,4,1
seamless_m4t+whisper_v3+fastconformer+hubert+wav2vec_sb+cohere,6,xlsr,8,1000
seamless_m4t+whisper_v3+fastconformer+hubert+wav2vec_sb+cohere,6,w2vbert,7,1000
seamless_m4t+whisper_v3+fastconformer+hubert+wav2vec_sb+cohere,6,hubert,6,1000
seamless_m4t+whisper_v3+fastconformer+hubert+wav2vec_sb+cohere,6,wav2vec_sb,9,1000
seamless_m4t+whisper_v3+fastconformer+hubert+wav2vec_sb+cohere,6,cohere,1,1000
seamless_m4t+whisper_v3+xlsr+w2vbert+hubert+wav2vec_sb,6,seamless_m4t,5,1000
seamless_m4t+whisper_v3+xlsr+w2vbert+hubert+wav2vec_sb,6,whisper_v3,4,1000
seamless_m4t+whisper_v3+xlsr+w2vbert+hubert+wav2vec_sb,6,whisper_v2,1,7
seamless_m4t+whisper_v3+xlsr+w2vbert+hubert+wav2vec_sb,6,whisper_v2,2,986
seamless_m4t+whisper_v3+xlsr+w2vbert+hubert+wav2vec_sb,6,whisper_v2,3,7
seamless_m4t+whisper_v3+xlsr+w2vbert+hubert+wav2vec_sb,6,fastconformer,2,7
seamless_m4t+whisper_v3+xlsr+w2vbert+hubert+wav2vec_sb,6,fastconformer,3,993
seamless_m4t+whisper_v3+xlsr+w2vbert+hubert+wav2vec_sb,6,xlsr,8,1000
seamless_m4t+whisper_v3+xlsr+w2vbert+hubert+wav2vec_sb,6,w2vbert,7,1000
seamless_m4t+whisper_v3+xlsr+w2vbert+hubert+wav2vec_sb,6,hubert,6,1000
seamless_m4t+whisper_v3+xlsr+w2vbert+hubert+wav2vec_sb,6,wav2vec_sb,9,1000
seamless_m4t+whisper_v3+xlsr+w2vbert+hubert+wav2vec_sb,6,cohere,1,993
seamless_m4t+whisper_v3+xlsr+w2vbert+hubert+wav2vec_sb,6,cohere,2,7
seamless_m4t+whisper_v3+xlsr+w2vbert+hubert+cohere,6,seamless_m4t,5,1000
seamless_m4t+whisper_v3+xlsr+w2vbert+hubert+cohere,6,whisper_v3,3,858
seamless_m4t+whisper_v3+xlsr+w2vbert+hubert+cohere,6,whisper_v3,4,142
seamless_m4t+whisper_v3+xlsr+w2vbert+hubert+cohere,6,whisper_v2,1,3
seamless_m4t+whisper_v3+xlsr+w2vbert+hubert+cohere,6,whisper_v2,2,997
seamless_m4t+whisper_v3+xlsr+w2vbert+hubert+cohere,6,fastconformer,1,997
seamless_m4t+whisper_v3+xlsr+w2vbert+hubert+cohere,6,fastconformer,2,3
seamless_m4t+whisper_v3+xlsr+w2vbert+hubert+cohere,6,xlsr,8,1000
seamless_m4t+whisper_v3+xlsr+w2vbert+hubert+cohere,6,w2vbert,7,1000
seamless_m4t+whisper_v3+xlsr+w2vbert+hubert+cohere,6,hubert,6,1000
seamless_m4t+whisper_v3+xlsr+w2vbert+hubert+cohere,6,wav2vec_sb,9,1000
seamless_m4t+whisper_v3+xlsr+w2vbert+hubert+cohere,6,cohere,3,142
seamless_m4t+whisper_v3+xlsr+w2vbert+hubert+cohere,6,cohere,4,858
seamless_m4t+whisper_v3+xlsr+w2vbert+wav2vec_sb+cohere,6,seamless_m4t,5,1000
seamless_m4t+whisper_v3+xlsr+w2vbert+wav2vec_sb+cohere,6,whisper_v3,3,562
seamless_m4t+whisper_v3+xlsr+w2vbert+wav2vec_sb+cohere,6,whisper_v3,4,438
seamless_m4t+whisper_v3+xlsr+w2vbert+wav2vec_sb+cohere,6,whisper_v2,1,1
seamless_m4t+whisper_v3+xlsr+w2vbert+wav2vec_sb+cohere,6,whisper_v2,2,999
seamless_m4t+whisper_v3+xlsr+w2vbert+wav2vec_sb+cohere,6,fastconformer,1,999
seamless_m4t+whisper_v3+xlsr+w2vbert+wav2vec_sb+cohere,6,fastconformer,2,1
seamless_m4t+whisper_v3+xlsr+w2vbert+wav2vec_sb+cohere,6,xlsr,8,1000
seamless_m4t+whisper_v3+xlsr+w2vbert+wav2vec_sb+cohere,6,w2vbert,7,1000
seamless_m4t+whisper_v3+xlsr+w2vbert+wav2vec_sb+cohere,6,hubert,6,1000
seamless_m4t+whisper_v3+xlsr+w2vbert+wav2vec_sb+cohere,6,wav2vec_sb,9,1000
seamless_m4t+whisper_v3+xlsr+w2vbert+wav2vec_sb+cohere,6,cohere,3,438
seamless_m4t+whisper_v3+xlsr+w2vbert+wav2vec_sb+cohere,6,cohere,4,562
seamless_m4t+whisper_v3+xlsr+hubert+wav2vec_sb+cohere,6,seamless_m4t,5,1000
seamless_m4t+whisper_v3+xlsr+hubert+wav2vec_sb+cohere,6,whisper_v3,3,247
seamless_m4t+whisper_v3+xlsr+hubert+wav2vec_sb+cohere,6,whisper_v3,4,753
seamless_m4t+whisper_v3+xlsr+hubert+wav2vec_sb+cohere,6,whisper_v2,2,1000
seamless_m4t+whisper_v3+xlsr+hubert+wav2vec_sb+cohere,6,fastconformer,1,1000
seamless_m4t+whisper_v3+xlsr+hubert+wav2vec_sb+cohere,6,xlsr,8,1000
seamless_m4t+whisper_v3+xlsr+hubert+wav2vec_sb+cohere,6,w2vbert,7,1000
seamless_m4t+whisper_v3+xlsr+hubert+wav2vec_sb+cohere,6,hubert,6,1000
seamless_m4t+whisper_v3+xlsr+hubert+wav2vec_sb+cohere,6,wav2vec_sb,9,1000
seamless_m4t+whisper_v3+xlsr+hubert+wav2vec_sb+cohere,6,cohere,3,753
seamless_m4t+whisper_v3+xlsr+hubert+wav2vec_sb+cohere,6,cohere,4,247
seamless_m4t+whisper_v3+w2vbert+hubert+wav2vec_sb+cohere,6,seamless_m4t,5,1000
seamless_m4t+whisper_v3+w2vbert+hubert+wav2vec_sb+cohere,6,whisper_v3,3,705
seamless_m4t+whisper_v3+w2vbert+hubert+wav2vec_sb+cohere,6,whisper_v3,4,295
seamless_m4t+whisper_v3+w2vbert+hubert+wav2vec_sb+cohere,6,whisper_v2,1,1
seamless_m4t+whisper_v3+w2vbert+hubert+wav2vec_sb+cohere,6,whisper_v2,2,999
seamless_m4t+whisper_v3+w2vbert+hubert+wav2vec_sb+cohere,6,fastconformer,1,999
seamless_m4t+whisper_v3+w2vbert+hubert+wav2vec_sb+cohere,6,fastconformer,2,1
seamless_m4t+whisper_v3+w2vbert+hubert+wav2vec_sb+cohere,6,xlsr,8,1000
seamless_m4t+whisper_v3+w2vbert+hubert+wav2vec_sb+cohere,6,w2vbert,7,1000
seamless_m4t+whisper_v3+w2vbert+hubert+wav2vec_sb+cohere,6,hubert,6,1000
seamless_m4t+whisper_v3+w2vbert+hubert+wav2vec_sb+cohere,6,wav2vec_sb,9,1000
seamless_m4t+whisper_v3+w2vbert+hubert+wav2vec_sb+cohere,6,cohere,3,295
seamless_m4t+whisper_v3+w2vbert+hubert+wav2vec_sb+cohere,6,cohere,4,705
seamless_m4t+whisper_v2+fastconformer+xlsr+w2vbert+hubert,6,seamless_m4t,5,1000
seamless_m4t+whisper_v2+fastconformer+xlsr+w2vbert+hubert,6,whisper_v3,1,900
seamless_m4t+whisper_v2+fastconformer+xlsr+w2vbert+hubert,6,whisper_v3,2,100
seamless_m4t+whisper_v2+fastconformer+xlsr+w2vbert+hubert,6,whisper_v2,4,1000
seamless_m4t+whisper_v2+fastconformer+xlsr+w2vbert+hubert,6,fastconformer,3,1000
seamless_m4t+whisper_v2+fastconformer+xlsr+w2vbert+hubert,6,xlsr,8,1000
seamless_m4t+whisper_v2+fastconformer+xlsr+w2vbert+hubert,6,w2vbert,7,1000
seamless_m4t+whisper_v2+fastconformer+xlsr+w2vbert+hubert,6,hubert,6,1000
seamless_m4t+whisper_v2+fastconformer+xlsr+w2vbert+hubert,6,wav2vec_sb,9,1000
seamless_m4t+whisper_v2+fastconformer+xlsr+w2vbert+hubert,6,cohere,1,100
seamless_m4t+whisper_v2+fastconformer+xlsr+w2vbert+hubert,6,cohere,2,900
seamless_m4t+whisper_v2+fastconformer+xlsr+w2vbert+wav2vec_sb,6,seamless_m4t,5,1000
seamless_m4t+whisper_v2+fastconformer+xlsr+w2vbert+wav2vec_sb,6,whisper_v3,1,453
seamless_m4t+whisper_v2+fastconformer+xlsr+w2vbert+wav2vec_sb,6,whisper_v3,2,547
seamless_m4t+whisper_v2+fastconformer+xlsr+w2vbert+wav2vec_sb,6,whisper_v2,4,1000
seamless_m4t+whisper_v2+fastconformer+xlsr+w2vbert+wav2vec_sb,6,fastconformer,3,1000
seamless_m4t+whisper_v2+fastconformer+xlsr+w2vbert+wav2vec_sb,6,xlsr,8,1000
seamless_m4t+whisper_v2+fastconformer+xlsr+w2vbert+wav2vec_sb,6,w2vbert,7,1000
seamless_m4t+whisper_v2+fastconformer+xlsr+w2vbert+wav2vec_sb,6,hubert,6,1000
seamless_m4t+whisper_v2+fastconformer+xlsr+w2vbert+wav2vec_sb,6,wav2vec_sb,9,1000
seamless_m4t+whisper_v2+fastconformer+xlsr+w2vbert+wav2vec_sb,6,cohere,1,547
seamless_m4t+whisper_v2+fastconformer+xlsr+w2vbert+wav2vec_sb,6,cohere,2,453
seamless_m4t+whisper_v2+fastconformer+xlsr+w2vbert+cohere,6,seamless_m4t,4,179
seamless_m4t+whisper_v2+fastconformer+xlsr+w2vbert+cohere,6,seamless_m4t,5,821
seamless_m4t+whisper_v2+fastconformer+xlsr+w2vbert+cohere,6,whisper_v3,1,1000
seamless_m4t+whisper_v2+fastconformer+xlsr+w2vbert+cohere,6,whisper_v2,4,821
seamless_m4t+whisper_v2+fastconformer+xlsr+w2vbert+cohere,6,whisper_v2,5,179
seamless_m4t+whisper_v2+fastconformer+xlsr+w2vbert+cohere,6,fastconformer,3,1000
seamless_m4t+whisper_v2+fastconformer+xlsr+w2vbert+cohere,6,xlsr,8,1000
seamless_m4t+whisper_v2+fastconformer+xlsr+w2vbert+cohere,6,w2vbert,7,1000
seamless_m4t+whisper_v2+fastconformer+xlsr+w2vbert+cohere,6,hubert,6,1000
seamless_m4t+whisper_v2+fastconformer+xlsr+w2vbert+cohere,6,wav2vec_sb,9,1000
seamless_m4t+whisper_v2+fastconformer+xlsr+w2vbert+cohere,6,cohere,2,1000
seamless_m4t+whisper_v2+fastconformer+xlsr+hubert+wav2vec_sb,6,seamless_m4t,5,1000
seamless_m4t+whisper_v2+fastconformer+xlsr+hubert+wav2vec_sb,6,whisper_v3,1,862
seamless_m4t+whisper_v2+fastconformer+xlsr+hubert+wav2vec_sb,6,whisper_v3,2,138
seamless_m4t+whisper_v2+fastconformer+xlsr+hubert+wav2vec_sb,6,whisper_v2,4,1000
seamless_m4t+whisper_v2+fastconformer+xlsr+hubert+wav2vec_sb,6,fastconformer,3,1000
seamless_m4t+whisper_v2+fastconformer+xlsr+hubert+wav2vec_sb,6,xlsr,8,1000
seamless_m4t+whisper_v2+fastconformer+xlsr+hubert+wav2vec_sb,6,w2vbert,7,1000
seamless_m4t+whisper_v2+fastconformer+xlsr+hubert+wav2vec_sb,6,hubert,6,1000
seamless_m4t+whisper_v2+fastconformer+xlsr+hubert+wav2vec_sb,6,wav2vec_sb,9,1000
seamless_m4t+whisper_v2+fastconformer+xlsr+hubert+wav2vec_sb,6,cohere,1,138
seamless_m4t+whisper_v2+fastconformer+xlsr+hubert+wav2vec_sb,6,cohere,2,862
seamless_m4t+whisper_v2+fastconformer+xlsr+hubert+cohere,6,seamless_m4t,4,52
seamless_m4t+whisper_v2+fastconformer+xlsr+hubert+cohere,6,seamless_m4t,5,948
seamless_m4t+whisper_v2+fastconformer+xlsr+hubert+cohere,6,whisper_v3,1,1000
seamless_m4t+whisper_v2+fastconformer+xlsr+hubert+cohere,6,whisper_v2,4,948
seamless_m4t+whisper_v2+fastconformer+xlsr+hubert+cohere,6,whisper_v2,5,52
seamless_m4t+whisper_v2+fastconformer+xlsr+hubert+cohere,6,fastconformer,3,1000
seamless_m4t+whisper_v2+fastconformer+xlsr+hubert+cohere,6,xlsr,8,1000
seamless_m4t+whisper_v2+fastconformer+xlsr+hubert+cohere,6,w2vbert,7,1000
seamless_m4t+whisper_v2+fastconformer+xlsr+hubert+cohere,6,hubert,6,1000
seamless_m4t+whisper_v2+fastconformer+xlsr+hubert+cohere,6,wav2vec_sb,9,1000
seamless_m4t+whisper_v2+fastconformer+xlsr+hubert+cohere,6,cohere,2,1000
seamless_m4t+whisper_v2+fastconformer+xlsr+wav2vec_sb+cohere,6,seamless_m4t,4,269
seamless_m4t+whisper_v2+fastconformer+xlsr+wav2vec_sb+cohere,6,seamless_m4t,5,731
seamless_m4t+whisper_v2+fastconformer+xlsr+wav2vec_sb+cohere,6,whisper_v3,1,998
seamless_m4t+whisper_v2+fastconformer+xlsr+wav2vec_sb+cohere,6,whisper_v3,2,2
seamless_m4t+whisper_v2+fastconformer+xlsr+wav2vec_sb+cohere,6,whisper_v2,4,731
seamless_m4t+whisper_v2+fastconformer+xlsr+wav2vec_sb+cohere,6,whisper_v2,5,269
seamless_m4t+whisper_v2+fastconformer+xlsr+wav2vec_sb+cohere,6,fastconformer,3,1000
seamless_m4t+whisper_v2+fastconformer+xlsr+wav2vec_sb+cohere,6,xlsr,8,1000
seamless_m4t+whisper_v2+fastconformer+xlsr+wav2vec_sb+cohere,6,w2vbert,7,1000
seamless_m4t+whisper_v2+fastconformer+xlsr+wav2vec_sb+cohere,6,hubert,6,1000
seamless_m4t+whisper_v2+fastconformer+xlsr+wav2vec_sb+cohere,6,wav2vec_sb,9,1000
seamless_m4t+whisper_v2+fastconformer+xlsr+wav2vec_sb+cohere,6,cohere,1,2
seamless_m4t+whisper_v2+fastconformer+xlsr+wav2vec_sb+cohere,6,cohere,2,998
seamless_m4t+whisper_v2+fastconformer+w2vbert+hubert+wav2vec_sb,6,seamless_m4t,5,1000
seamless_m4t+whisper_v2+fastconformer+w2vbert+hubert+wav2vec_sb,6,whisper_v3,1,839
seamless_m4t+whisper_v2+fastconformer+w2vbert+hubert+wav2vec_sb,6,whisper_v3,2,161
seamless_m4t+whisper_v2+fastconformer+w2vbert+hubert+wav2vec_sb,6,whisper_v2,4,1000
seamless_m4t+whisper_v2+fastconformer+w2vbert+hubert+wav2vec_sb,6,fastconformer,3,1000
seamless_m4t+whisper_v2+fastconformer+w2vbert+hubert+wav2vec_sb,6,xlsr,8,1000
seamless_m4t+whisper_v2+fastconformer+w2vbert+hubert+wav2vec_sb,6,w2vbert,7,1000
seamless_m4t+whisper_v2+fastconformer+w2vbert+hubert+wav2vec_sb,6,hubert,6,1000
seamless_m4t+whisper_v2+fastconformer+w2vbert+hubert+wav2vec_sb,6,wav2vec_sb,9,1000
seamless_m4t+whisper_v2+fastconformer+w2vbert+hubert+wav2vec_sb,6,cohere,1,161
seamless_m4t+whisper_v2+fastconformer+w2vbert+hubert+wav2vec_sb,6,cohere,2,839
seamless_m4t+whisper_v2+fastconformer+w2vbert+hubert+cohere,6,seamless_m4t,4,70
seamless_m4t+whisper_v2+fastconformer+w2vbert+hubert+cohere,6,seamless_m4t,5,930
seamless_m4t+whisper_v2+fastconformer+w2vbert+hubert+cohere,6,whisper_v3,1,1000
seamless_m4t+whisper_v2+fastconformer+w2vbert+hubert+cohere,6,whisper_v2,4,930
seamless_m4t+whisper_v2+fastconformer+w2vbert+hubert+cohere,6,whisper_v2,5,70
seamless_m4t+whisper_v2+fastconformer+w2vbert+hubert+cohere,6,fastconformer,3,1000
seamless_m4t+whisper_v2+fastconformer+w2vbert+hubert+cohere,6,xlsr,8,1000
seamless_m4t+whisper_v2+fastconformer+w2vbert+hubert+cohere,6,w2vbert,7,1000
seamless_m4t+whisper_v2+fastconformer+w2vbert+hubert+cohere,6,hubert,6,1000
seamless_m4t+whisper_v2+fastconformer+w2vbert+hubert+cohere,6,wav2vec_sb,9,1000
seamless_m4t+whisper_v2+fastconformer+w2vbert+hubert+cohere,6,cohere,2,1000
seamless_m4t+whisper_v2+fastconformer+w2vbert+wav2vec_sb+cohere,6,seamless_m4t,4,189
seamless_m4t+whisper_v2+fastconformer+w2vbert+wav2vec_sb+cohere,6,seamless_m4t,5,811
seamless_m4t+whisper_v2+fastconformer+w2vbert+wav2vec_sb+cohere,6,whisper_v3,1,1000
seamless_m4t+whisper_v2+fastconformer+w2vbert+wav2vec_sb+cohere,6,whisper_v2,4,811
seamless_m4t+whisper_v2+fastconformer+w2vbert+wav2vec_sb+cohere,6,whisper_v2,5,189
seamless_m4t+whisper_v2+fastconformer+w2vbert+wav2vec_sb+cohere,6,fastconformer,3,1000
seamless_m4t+whisper_v2+fastconformer+w2vbert+wav2vec_sb+cohere,6,xlsr,8,1000
seamless_m4t+whisper_v2+fastconformer+w2vbert+wav2vec_sb+cohere,6,w2vbert,7,1000
seamless_m4t+whisper_v2+fastconformer+w2vbert+wav2vec_sb+cohere,6,hubert,6,1000
seamless_m4t+whisper_v2+fastconformer+w2vbert+wav2vec_sb+cohere,6,wav2vec_sb,9,1000
seamless_m4t+whisper_v2+fastconformer+w2vbert+wav2vec_sb+cohere,6,cohere,2,1000
seamless_m4t+whisper_v2+fastconformer+hubert+wav2vec_sb+cohere,6,seamless_m4t,4,77
seamless_m4t+whisper_v2+fastconformer+hubert+wav2vec_sb+cohere,6,seamless_m4t,5,923
seamless_m4t+whisper_v2+fastconformer+hubert+wav2vec_sb+cohere,6,whisper_v3,1,1000
seamless_m4t+whisper_v2+fastconformer+hubert+wav2vec_sb+cohere,6,whisper_v2,4,923
seamless_m4t+whisper_v2+fastconformer+hubert+wav2vec_sb+cohere,6,whisper_v2,5,77
seamless_m4t+whisper_v2+fastconformer+hubert+wav2vec_sb+cohere,6,fastconformer,3,1000
seamless_m4t+whisper_v2+fastconformer+hubert+wav2vec_sb+cohere,6,xlsr,8,1000
seamless_m4t+whisper_v2+fastconformer+hubert+wav2vec_sb+cohere,6,w2vbert,7,1000
seamless_m4t+whisper_v2+fastconformer+hubert+wav2vec_sb+cohere,6,hubert,6,1000
seamless_m4t+whisper_v2+fastconformer+hubert+wav2vec_sb+cohere,6,wav2vec_sb,9,1000
seamless_m4t+whisper_v2+fastconformer+hubert+wav2vec_sb+cohere,6,cohere,2,1000
seamless_m4t+whisper_v2+xlsr+w2vbert+hubert+wav2vec_sb,6,seamless_m4t,5,1000
seamless_m4t+whisper_v2+xlsr+w2vbert+hubert+wav2vec_sb,6,whisper_v3,1,1000
seamless_m4t+whisper_v2+xlsr+w2vbert+hubert+wav2vec_sb,6,whisper_v2,4,1000
seamless_m4t+whisper_v2+xlsr+w2vbert+hubert+wav2vec_sb,6,fastconformer,3,1000
seamless_m4t+whisper_v2+xlsr+w2vbert+hubert+wav2vec_sb,6,xlsr,8,1000
seamless_m4t+whisper_v2+xlsr+w2vbert+hubert+wav2vec_sb,6,w2vbert,7,1000
seamless_m4t+whisper_v2+xlsr+w2vbert+hubert+wav2vec_sb,6,hubert,6,1000
seamless_m4t+whisper_v2+xlsr+w2vbert+hubert+wav2vec_sb,6,wav2vec_sb,9,1000
seamless_m4t+whisper_v2+xlsr+w2vbert+hubert+wav2vec_sb,6,cohere,2,1000
seamless_m4t+whisper_v2+xlsr+w2vbert+hubert+cohere,6,seamless_m4t,5,1000
seamless_m4t+whisper_v2+xlsr+w2vbert+hubert+cohere,6,whisper_v3,1,1000
seamless_m4t+whisper_v2+xlsr+w2vbert+hubert+cohere,6,whisper_v2,4,1000
seamless_m4t+whisper_v2+xlsr+w2vbert+hubert+cohere,6,fastconformer,2,1000
seamless_m4t+whisper_v2+xlsr+w2vbert+hubert+cohere,6,xlsr,8,1000
seamless_m4t+whisper_v2+xlsr+w2vbert+hubert+cohere,6,w2vbert,7,1000
seamless_m4t+whisper_v2+xlsr+w2vbert+hubert+cohere,6,hubert,6,1000
seamless_m4t+whisper_v2+xlsr+w2vbert+hubert+cohere,6,wav2vec_sb,9,1000
seamless_m4t+whisper_v2+xlsr+w2vbert+hubert+cohere,6,cohere,3,1000
seamless_m4t+whisper_v2+xlsr+w2vbert+wav2vec_sb+cohere,6,seamless_m4t,4,2
seamless_m4t+whisper_v2+xlsr+w2vbert+wav2vec_sb+cohere,6,seamless_m4t,5,998
seamless_m4t+whisper_v2+xlsr+w2vbert+wav2vec_sb+cohere,6,whisper_v3,1,1000
seamless_m4t+whisper_v2+xlsr+w2vbert+wav2vec_sb+cohere,6,whisper_v2,4,998
seamless_m4t+whisper_v2+xlsr+w2vbert+wav2vec_sb+cohere,6,whisper_v2,5,2
seamless_m4t+whisper_v2+xlsr+w2vbert+wav2vec_sb+cohere,6,fastconformer,2,1000
seamless_m4t+whisper_v2+xlsr+w2vbert+wav2vec_sb+cohere,6,xlsr,8,1000
seamless_m4t+whisper_v2+xlsr+w2vbert+wav2vec_sb+cohere,6,w2vbert,7,1000
seamless_m4t+whisper_v2+xlsr+w2vbert+wav2vec_sb+cohere,6,hubert,6,1000
seamless_m4t+whisper_v2+xlsr+w2vbert+wav2vec_sb+cohere,6,wav2vec_sb,9,1000
seamless_m4t+whisper_v2+xlsr+w2vbert+wav2vec_sb+cohere,6,cohere,3,1000
seamless_m4t+whisper_v2+xlsr+hubert+wav2vec_sb+cohere,6,seamless_m4t,5,1000
seamless_m4t+whisper_v2+xlsr+hubert+wav2vec_sb+cohere,6,whisper_v3,1,1000
seamless_m4t+whisper_v2+xlsr+hubert+wav2vec_sb+cohere,6,whisper_v2,4,1000
seamless_m4t+whisper_v2+xlsr+hubert+wav2vec_sb+cohere,6,fastconformer,2,1000
seamless_m4t+whisper_v2+xlsr+hubert+wav2vec_sb+cohere,6,xlsr,8,1000
seamless_m4t+whisper_v2+xlsr+hubert+wav2vec_sb+cohere,6,w2vbert,7,1000
seamless_m4t+whisper_v2+xlsr+hubert+wav2vec_sb+cohere,6,hubert,6,1000
seamless_m4t+whisper_v2+xlsr+hubert+wav2vec_sb+cohere,6,wav2vec_sb,9,1000
seamless_m4t+whisper_v2+xlsr+hubert+wav2vec_sb+cohere,6,cohere,3,1000
seamless_m4t+whisper_v2+w2vbert+hubert+wav2vec_sb+cohere,6,seamless_m4t,5,1000
seamless_m4t+whisper_v2+w2vbert+hubert+wav2vec_sb+cohere,6,whisper_v3,1,1000
seamless_m4t+whisper_v2+w2vbert+hubert+wav2vec_sb+cohere,6,whisper_v2,4,1000
seamless_m4t+whisper_v2+w2vbert+hubert+wav2vec_sb+cohere,6,fastconformer,2,1000
seamless_m4t+whisper_v2+w2vbert+hubert+wav2vec_sb+cohere,6,xlsr,8,1000
seamless_m4t+whisper_v2+w2vbert+hubert+wav2vec_sb+cohere,6,w2vbert,7,1000
seamless_m4t+whisper_v2+w2vbert+hubert+wav2vec_sb+cohere,6,hubert,6,1000
seamless_m4t+whisper_v2+w2vbert+hubert+wav2vec_sb+cohere,6,wav2vec_sb,9,1000
seamless_m4t+whisper_v2+w2vbert+hubert+wav2vec_sb+cohere,6,cohere,3,1000
seamless_m4t+fastconformer+xlsr+w2vbert+hubert+wav2vec_sb,6,seamless_m4t,5,1000
seamless_m4t+fastconformer+xlsr+w2vbert+hubert+wav2vec_sb,6,whisper_v3,1,3
seamless_m4t+fastconformer+xlsr+w2vbert+hubert+wav2vec_sb,6,whisper_v3,2,997
seamless_m4t+fastconformer+xlsr+w2vbert+hubert+wav2vec_sb,6,whisper_v2,3,1000
seamless_m4t+fastconformer+xlsr+w2vbert+hubert+wav2vec_sb,6,fastconformer,4,1000
seamless_m4t+fastconformer+xlsr+w2vbert+hubert+wav2vec_sb,6,xlsr,8,1000
seamless_m4t+fastconformer+xlsr+w2vbert+hubert+wav2vec_sb,6,w2vbert,7,1000
seamless_m4t+fastconformer+xlsr+w2vbert+hubert+wav2vec_sb,6,hubert,6,1000
seamless_m4t+fastconformer+xlsr+w2vbert+hubert+wav2vec_sb,6,wav2vec_sb,9,1000
seamless_m4t+fastconformer+xlsr+w2vbert+hubert+wav2vec_sb,6,cohere,1,997
seamless_m4t+fastconformer+xlsr+w2vbert+hubert+wav2vec_sb,6,cohere,2,3
seamless_m4t+fastconformer+xlsr+w2vbert+hubert+cohere,6,seamless_m4t,5,1000
seamless_m4t+fastconformer+xlsr+w2vbert+hubert+cohere,6,whisper_v3,1,1000
seamless_m4t+fastconformer+xlsr+w2vbert+hubert+cohere,6,whisper_v2,2,617
seamless_m4t+fastconformer+xlsr+w2vbert+hubert+cohere,6,whisper_v2,3,253
seamless_m4t+fastconformer+xlsr+w2vbert+hubert+cohere,6,whisper_v2,4,130
seamless_m4t+fastconformer+xlsr+w2vbert+hubert+cohere,6,fastconformer,2,27
seamless_m4t+fastconformer+xlsr+w2vbert+hubert+cohere,6,fastconformer,3,239
seamless_m4t+fastconformer+xlsr+w2vbert+hubert+cohere,6,fastconformer,4,734
seamless_m4t+fastconformer+xlsr+w2vbert+hubert+cohere,6,xlsr,8,1000
seamless_m4t+fastconformer+xlsr+w2vbert+hubert+cohere,6,w2vbert,7,1000
seamless_m4t+fastconformer+xlsr+w2vbert+hubert+cohere,6,hubert,6,1000
seamless_m4t+fastconformer+xlsr+w2vbert+hubert+cohere,6,wav2vec_sb,9,1000
seamless_m4t+fastconformer+xlsr+w2vbert+hubert+cohere,6,cohere,2,356
seamless_m4t+fastconformer+xlsr+w2vbert+hubert+cohere,6,cohere,3,508
seamless_m4t+fastconformer+xlsr+w2vbert+hubert+cohere,6,cohere,4,136
seamless_m4t+fastconformer+xlsr+w2vbert+wav2vec_sb+cohere,6,seamless_m4t,5,1000
seamless_m4t+fastconformer+xlsr+w2vbert+wav2vec_sb+cohere,6,whisper_v3,1,1000
seamless_m4t+fastconformer+xlsr+w2vbert+wav2vec_sb+cohere,6,whisper_v2,2,1000
seamless_m4t+fastconformer+xlsr+w2vbert+wav2vec_sb+cohere,6,fastconformer,3,29
seamless_m4t+fastconformer+xlsr+w2vbert+wav2vec_sb+cohere,6,fastconformer,4,971
seamless_m4t+fastconformer+xlsr+w2vbert+wav2vec_sb+cohere,6,xlsr,8,1000
seamless_m4t+fastconformer+xlsr+w2vbert+wav2vec_sb+cohere,6,w2vbert,7,1000
seamless_m4t+fastconformer+xlsr+w2vbert+wav2vec_sb+cohere,6,hubert,6,1000
seamless_m4t+fastconformer+xlsr+w2vbert+wav2vec_sb+cohere,6,wav2vec_sb,9,1000
seamless_m4t+fastconformer+xlsr+w2vbert+wav2vec_sb+cohere,6,cohere,3,971
seamless_m4t+fastconformer+xlsr+w2vbert+wav2vec_sb+cohere,6,cohere,4,29
seamless_m4t+fastconformer+xlsr+hubert+wav2vec_sb+cohere,6,seamless_m4t,5,1000
seamless_m4t+fastconformer+xlsr+hubert+wav2vec_sb+cohere,6,whisper_v3,1,1000
seamless_m4t+fastconformer+xlsr+hubert+wav2vec_sb+cohere,6,whisper_v2,2,573
seamless_m4t+fastconformer+xlsr+hubert+wav2vec_sb+cohere,6,whisper_v2,3,362
seamless_m4t+fastconformer+xlsr+hubert+wav2vec_sb+cohere,6,whisper_v2,4,65
seamless_m4t+fastconformer+xlsr+hubert+wav2vec_sb+cohere,6,fastconformer,2,4
seamless_m4t+fastconformer+xlsr+hubert+wav2vec_sb+cohere,6,fastconformer,3,77
seamless_m4t+fastconformer+xlsr+hubert+wav2vec_sb+cohere,6,fastconformer,4,919
seamless_m4t+fastconformer+xlsr+hubert+wav2vec_sb+cohere,6,xlsr,8,1000
seamless_m4t+fastconformer+xlsr+hubert+wav2vec_sb+cohere,6,w2vbert,7,1000
seamless_m4t+fastconformer+xlsr+hubert+wav2vec_sb+cohere,6,hubert,6,1000
seamless_m4t+fastconformer+xlsr+hubert+wav2vec_sb+cohere,6,wav2vec_sb,9,1000
seamless_m4t+fastconformer+xlsr+hubert+wav2vec_sb+cohere,6,cohere,2,423
seamless_m4t+fastconformer+xlsr+hubert+wav2vec_sb+cohere,6,cohere,3,561
seamless_m4t+fastconformer+xlsr+hubert+wav2vec_sb+cohere,6,cohere,4,16
seamless_m4t+fastconformer+w2vbert+hubert+wav2vec_sb+cohere,6,seamless_m4t,5,1000
seamless_m4t+fastconformer+w2vbert+hubert+wav2vec_sb+cohere,6,whisper_v3,1,1000
seamless_m4t+fastconformer+w2vbert+hubert+wav2vec_sb+cohere,6,whisper_v2,2,743
seamless_m4t+fastconformer+w2vbert+hubert+wav2vec_sb+cohere,6,whisper_v2,3,231
seamless_m4t+fastconformer+w2vbert+hubert+wav2vec_sb+cohere,6,whisper_v2,4,26
seamless_m4t+fastconformer+w2vbert+hubert+wav2vec_sb+cohere,6,fastconformer,3,58
seamless_m4t+fastconformer+w2vbert+hubert+wav2vec_sb+cohere,6,fastconformer,4,942
seamless_m4t+fastconformer+w2vbert+hubert+wav2vec_sb+cohere,6,xlsr,8,1000
seamless_m4t+fastconformer+w2vbert+hubert+wav2vec_sb+cohere,6,w2vbert,7,1000
seamless_m4t+fastconformer+w2vbert+hubert+wav2vec_sb+cohere,6,hubert,6,1000
seamless_m4t+fastconformer+w2vbert+hubert+wav2vec_sb+cohere,6,wav2vec_sb,9,1000
seamless_m4t+fastconformer+w2vbert+hubert+wav2vec_sb+cohere,6,cohere,2,257
seamless_m4t+fastconformer+w2vbert+hubert+wav2vec_sb+cohere,6,cohere,3,711
seamless_m4t+fastconformer+w2vbert+hubert+wav2vec_sb+cohere,6,cohere,4,32
seamless_m4t+xlsr+w2vbert+hubert+wav2vec_sb+cohere,6,seamless_m4t,5,1000
seamless_m4t+xlsr+w2vbert+hubert+wav2vec_sb+cohere,6,whisper_v3,1,967
seamless_m4t+xlsr+w2vbert+hubert+wav2vec_sb+cohere,6,whisper_v3,2,33
seamless_m4t+xlsr+w2vbert+hubert+wav2vec_sb+cohere,6,whisper_v2,3,1000
seamless_m4t+xlsr+w2vbert+hubert+wav2vec_sb+cohere,6,fastconformer,1,33
seamless_m4t+xlsr+w2vbert+hubert+wav2vec_sb+cohere,6,fastconformer,2,967
seamless_m4t+xlsr+w2vbert+hubert+wav2vec_sb+cohere,6,xlsr,8,1000
seamless_m4t+xlsr+w2vbert+hubert+wav2vec_sb+cohere,6,w2vbert,7,1000
seamless_m4t+xlsr+w2vbert+hubert+wav2vec_sb+cohere,6,hubert,6,1000
seamless_m4t+xlsr+w2vbert+hubert+wav2vec_sb+cohere,6,wav2vec_sb,9,1000
seamless_m4t+xlsr+w2vbert+hubert+wav2vec_sb+cohere,6,cohere,4,1000
whisper_v3+whisper_v2+fastconformer+xlsr+w2vbert+hubert,6,seamless_m4t,4,107
whisper_v3+whisper_v2+fastconformer+xlsr+w2vbert+hubert,6,seamless_m4t,5,893
whisper_v3+whisper_v2+fastconformer+xlsr+w2vbert+hubert,6,whisper_v3,2,1000
whisper_v3+whisper_v2+fastconformer+xlsr+w2vbert+hubert,6,whisper_v2,3,1000
whisper_v3+whisper_v2+fastconformer+xlsr+w2vbert+hubert,6,fastconformer,4,893
whisper_v3+whisper_v2+fastconformer+xlsr+w2vbert+hubert,6,fastconformer,5,107
whisper_v3+whisper_v2+fastconformer+xlsr+w2vbert+hubert,6,xlsr,8,1000
whisper_v3+whisper_v2+fastconformer+xlsr+w2vbert+hubert,6,w2vbert,7,1000
whisper_v3+whisper_v2+fastconformer+xlsr+w2vbert+hubert,6,hubert,6,1000
whisper_v3+whisper_v2+fastconformer+xlsr+w2vbert+hubert,6,wav2vec_sb,9,1000
whisper_v3+whisper_v2+fastconformer+xlsr+w2vbert+hubert,6,cohere,1,1000
whisper_v3+whisper_v2+fastconformer+xlsr+w2vbert+wav2vec_sb,6,seamless_m4t,3,23
whisper_v3+whisper_v2+fastconformer+xlsr+w2vbert+wav2vec_sb,6,seamless_m4t,4,546
whisper_v3+whisper_v2+fastconformer+xlsr+w2vbert+wav2vec_sb,6,seamless_m4t,5,431
whisper_v3+whisper_v2+fastconformer+xlsr+w2vbert+wav2vec_sb,6,whisper_v3,2,1000
whisper_v3+whisper_v2+fastconformer+xlsr+w2vbert+wav2vec_sb,6,whisper_v2,3,977
whisper_v3+whisper_v2+fastconformer+xlsr+w2vbert+wav2vec_sb,6,whisper_v2,4,23
whisper_v3+whisper_v2+fastconformer+xlsr+w2vbert+wav2vec_sb,6,fastconformer,4,431
whisper_v3+whisper_v2+fastconformer+xlsr+w2vbert+wav2vec_sb,6,fastconformer,5,569
whisper_v3+whisper_v2+fastconformer+xlsr+w2vbert+wav2vec_sb,6,xlsr,8,1000
whisper_v3+whisper_v2+fastconformer+xlsr+w2vbert+wav2vec_sb,6,w2vbert,7,1000
whisper_v3+whisper_v2+fastconformer+xlsr+w2vbert+wav2vec_sb,6,hubert,6,1000
whisper_v3+whisper_v2+fastconformer+xlsr+w2vbert+wav2vec_sb,6,wav2vec_sb,9,1000
whisper_v3+whisper_v2+fastconformer+xlsr+w2vbert+wav2vec_sb,6,cohere,1,1000
whisper_v3+whisper_v2+fastconformer+xlsr+w2vbert+cohere,6,seamless_m4t,3,1
whisper_v3+whisper_v2+fastconformer+xlsr+w2vbert+cohere,6,seamless_m4t,4,7
whisper_v3+whisper_v2+fastconformer+xlsr+w2vbert+cohere,6,seamless_m4t,5,992
whisper_v3+whisper_v2+fastconformer+xlsr+w2vbert+cohere,6,whisper_v3,1,1000
whisper_v3+whisper_v2+fastconformer+xlsr+w2vbert+cohere,6,whisper_v2,3,927
whisper_v3+whisper_v2+fastconformer+xlsr+w2vbert+cohere,6,whisper_v2,4,73
whisper_v3+whisper_v2+fastconformer+xlsr+w2vbert+cohere,6,fastconformer,3,72
whisper_v3+whisper_v2+fastconformer+xlsr+w2vbert+cohere,6,fastconformer,4,920
whisper_v3+whisper_v2+fastconformer+xlsr+w2vbert+cohere,6,fastconformer,5,8
whisper_v3+whisper_v2+fastconformer+xlsr+w2vbert+cohere,6,xlsr,8,1000
whisper_v3+whisper_v2+fastconformer+xlsr+w2vbert+cohere,6,w2vbert,7,1000
whisper_v3+whisper_v2+fastconformer+xlsr+w2vbert+cohere,6,hubert,6,1000
whisper_v3+whisper_v2+fastconformer+xlsr+w2vbert+cohere,6,wav2vec_sb,9,1000
whisper_v3+whisper_v2+fastconformer+xlsr+w2vbert+cohere,6,cohere,2,1000
whisper_v3+whisper_v2+fastconformer+xlsr+hubert+wav2vec_sb,6,seamless_m4t,3,1
whisper_v3+whisper_v2+fastconformer+xlsr+hubert+wav2vec_sb,6,seamless_m4t,4,134
whisper_v3+whisper_v2+fastconformer+xlsr+hubert+wav2vec_sb,6,seamless_m4t,5,865
whisper_v3+whisper_v2+fastconformer+xlsr+hubert+wav2vec_sb,6,whisper_v3,2,1000
whisper_v3+whisper_v2+fastconformer+xlsr+hubert+wav2vec_sb,6,whisper_v2,3,999
whisper_v3+whisper_v2+fastconformer+xlsr+hubert+wav2vec_sb,6,whisper_v2,4,1
whisper_v3+whisper_v2+fastconformer+xlsr+hubert+wav2vec_sb,6,fastconformer,4,865
whisper_v3+whisper_v2+fastconformer+xlsr+hubert+wav2vec_sb,6,fastconformer,5,135
whisper_v3+whisper_v2+fastconformer+xlsr+hubert+wav2vec_sb,6,xlsr,8,1000
whisper_v3+whisper_v2+fastconformer+xlsr+hubert+wav2vec_sb,6,w2vbert,7,1000
whisper_v3+whisper_v2+fastconformer+xlsr+hubert+wav2vec_sb,6,hubert,6,1000
whisper_v3+whisper_v2+fastconformer+xlsr+hubert+wav2vec_sb,6,wav2vec_sb,9,1000
whisper_v3+whisper_v2+fastconformer+xlsr+hubert+wav2vec_sb,6,cohere,1,1000
whisper_v3+whisper_v2+fastconformer+xlsr+hubert+cohere,6,seamless_m4t,4,3
whisper_v3+whisper_v2+fastconformer+xlsr+hubert+cohere,6,seamless_m4t,5,997
whisper_v3+whisper_v2+fastconformer+xlsr+hubert+cohere,6,whisper_v3,1,1000
whisper_v3+whisper_v2+fastconformer+xlsr+hubert+cohere,6,whisper_v2,2,5
whisper_v3+whisper_v2+fastconformer+xlsr+hubert+cohere,6,whisper_v2,3,905
whisper_v3+whisper_v2+fastconformer+xlsr+hubert+cohere,6,whisper_v2,4,90
whisper_v3+whisper_v2+fastconformer+xlsr+hubert+cohere,6,fastconformer,3,90
whisper_v3+whisper_v2+fastconformer+xlsr+hubert+cohere,6,fastconformer,4,907
whisper_v3+whisper_v2+fastconformer+xlsr+hubert+cohere,6,fastconformer,5,3
whisper_v3+whisper_v2+fastconformer+xlsr+hubert+cohere,6,xlsr,8,1000
whisper_v3+whisper_v2+fastconformer+xlsr+hubert+cohere,6,w2vbert,7,1000
whisper_v3+whisper_v2+fastconformer+xlsr+hubert+cohere,6,hubert,6,1000
whisper_v3+whisper_v2+fastconformer+xlsr+hubert+cohere,6,wav2vec_sb,9,1000
whisper_v3+whisper_v2+fastconformer+xlsr+hubert+cohere,6,cohere,2,995
whisper_v3+whisper_v2+fastconformer+xlsr+hubert+cohere,6,cohere,3,5
whisper_v3+whisper_v2+fastconformer+xlsr+wav2vec_sb+cohere,6,seamless_m4t,3,2
whisper_v3+whisper_v2+fastconformer+xlsr+wav2vec_sb+cohere,6,seamless_m4t,4,16
whisper_v3+whisper_v2+fastconformer+xlsr+wav2vec_sb+cohere,6,seamless_m4t,5,982
whisper_v3+whisper_v2+fastconformer+xlsr+wav2vec_sb+cohere,6,whisper_v3,1,1000
whisper_v3+whisper_v2+fastconformer+xlsr+wav2vec_sb+cohere,6,whisper_v2,2,1
whisper_v3+whisper_v2+fastconformer+xlsr+wav2vec_sb+cohere,6,whisper_v2,3,981
whisper_v3+whisper_v2+fastconformer+xlsr+wav2vec_sb+cohere,6,whisper_v2,4,18
whisper_v3+whisper_v2+fastconformer+xlsr+wav2vec_sb+cohere,6,fastconformer,3,16
whisper_v3+whisper_v2+fastconformer+xlsr+wav2vec_sb+cohere,6,fastconformer,4,966
whisper_v3+whisper_v2+fastconformer+xlsr+wav2vec_sb+cohere,6,fastconformer,5,18
whisper_v3+whisper_v2+fastconformer+xlsr+wav2vec_sb+cohere,6,xlsr,8,1000
whisper_v3+whisper_v2+fastconformer+xlsr+wav2vec_sb+cohere,6,w2vbert,7,1000
whisper_v3+whisper_v2+fastconformer+xlsr+wav2vec_sb+cohere,6,hubert,6,1000
whisper_v3+whisper_v2+fastconformer+xlsr+wav2vec_sb+cohere,6,wav2vec_sb,9,1000
whisper_v3+whisper_v2+fastconformer+xlsr+wav2vec_sb+cohere,6,cohere,2,999
whisper_v3+whisper_v2+fastconformer+xlsr+wav2vec_sb+cohere,6,cohere,3,1
whisper_v3+whisper_v2+fastconformer+w2vbert+hubert+wav2vec_sb,6,seamless_m4t,3,1
whisper_v3+whisper_v2+fastconformer+w2vbert+hubert+wav2vec_sb,6,seamless_m4t,4,118
whisper_v3+whisper_v2+fastconformer+w2vbert+hubert+wav2vec_sb,6,seamless_m4t,5,881
whisper_v3+whisper_v2+fastconformer+w2vbert+hubert+wav2vec_sb,6,whisper_v3,2,1000
whisper_v3+whisper_v2+fastconformer+w2vbert+hubert+wav2vec_sb,6,whisper_v2,3,999
whisper_v3+whisper_v2+fastconformer+w2vbert+hubert+wav2vec_sb,6,whisper_v2,4,1
whisper_v3+whisper_v2+fastconformer+w2vbert+hubert+wav2vec_sb,6,fastconformer,4,881
whisper_v3+whisper_v2+fastconformer+w2vbert+hubert+wav2vec_sb,6,fastconformer,5,119
whisper_v3+whisper_v2+fastconformer+w2vbert+hubert+wav2vec_sb,6,xlsr,8,1000
whisper_v3+whisper_v2+fastconformer+w2vbert+hubert+wav2vec_sb,6,w2vbert,7,1000
whisper_v3+whisper_v2+fastconformer+w2vbert+hubert+wav2vec_sb,6,hubert,6,1000
whisper_v3+whisper_v2+fastconformer+w2vbert+hubert+wav2vec_sb,6,wav2vec_sb,9,1000
whisper_v3+whisper_v2+fastconformer+w2vbert+hubert+wav2vec_sb,6,cohere,1,1000
whisper_v3+whisper_v2+fastconformer+w2vbert+hubert+cohere,6,seamless_m4t,4,4
whisper_v3+whisper_v2+fastconformer+w2vbert+hubert+cohere,6,seamless_m4t,5,996
whisper_v3+whisper_v2+fastconformer+w2vbert+hubert+cohere,6,whisper_v3,1,1000
whisper_v3+whisper_v2+fastconformer+w2vbert+hubert+cohere,6,whisper_v2,2,2
whisper_v3+whisper_v2+fastconformer+w2vbert+hubert+cohere,6,whisper_v2,3,891
whisper_v3+whisper_v2+fastconformer+w2vbert+hubert+cohere,6,whisper_v2,4,107
whisper_v3+whisper_v2+fastconformer+w2vbert+hubert+cohere,6,fastconformer,3,107
whisper_v3+whisper_v2+fastconformer+w2vbert+hubert+cohere,6,fastconformer,4,889
whisper_v3+whisper_v2+fastconformer+w2vbert+hubert+cohere,6,fastconformer,5,4
whisper_v3+whisper_v2+fastconformer+w2vbert+hubert+cohere,6,xlsr,8,1000
whisper_v3+whisper_v2+fastconformer+w2vbert+hubert+cohere,6,w2vbert,7,1000
whisper_v3+whisper_v2+fastconformer+w2vbert+hubert+cohere,6,hubert,6,1000
whisper_v3+whisper_v2+fastconformer+w2vbert+hubert+cohere,6,wav2vec_sb,9,1000
whisper_v3+whisper_v2+fastconformer+w2vbert+hubert+cohere,6,cohere,2,998
whisper_v3+whisper_v2+fastconformer+w2vbert+hubert+cohere,6,cohere,3,2
whisper_v3+whisper_v2+fastconformer+w2vbert+wav2vec_sb+cohere,6,seamless_m4t,3,1
whisper_v3+whisper_v2+fastconformer+w2vbert+wav2vec_sb+cohere,6,seamless_m4t,4,8
whisper_v3+whisper_v2+fastconformer+w2vbert+wav2vec_sb+cohere,6,seamless_m4t,5,991
whisper_v3+whisper_v2+fastconformer+w2vbert+wav2vec_sb+cohere,6,whisper_v3,1,1000
whisper_v3+whisper_v2+fastconformer+w2vbert+wav2vec_sb+cohere,6,whisper_v2,3,953
whisper_v3+whisper_v2+fastconformer+w2vbert+wav2vec_sb+cohere,6,whisper_v2,4,47
whisper_v3+whisper_v2+fastconformer+w2vbert+wav2vec_sb+cohere,6,fastconformer,3,46
whisper_v3+whisper_v2+fastconformer+w2vbert+wav2vec_sb+cohere,6,fastconformer,4,945
whisper_v3+whisper_v2+fastconformer+w2vbert+wav2vec_sb+cohere,6,fastconformer,5,9
whisper_v3+whisper_v2+fastconformer+w2vbert+wav2vec_sb+cohere,6,xlsr,8,1000
whisper_v3+whisper_v2+fastconformer+w2vbert+wav2vec_sb+cohere,6,w2vbert,7,1000
whisper_v3+whisper_v2+fastconformer+w2vbert+wav2vec_sb+cohere,6,hubert,6,1000
whisper_v3+whisper_v2+fastconformer+w2vbert+wav2vec_sb+cohere,6,wav2vec_sb,9,1000
whisper_v3+whisper_v2+fastconformer+w2vbert+wav2vec_sb+cohere,6,cohere,2,1000
whisper_v3+whisper_v2+fastconformer+hubert+wav2vec_sb+cohere,6,seamless_m4t,4,5
whisper_v3+whisper_v2+fastconformer+hubert+wav2vec_sb+cohere,6,seamless_m4t,5,995
whisper_v3+whisper_v2+fastconformer+hubert+wav2vec_sb+cohere,6,whisper_v3,1,1000
whisper_v3+whisper_v2+fastconformer+hubert+wav2vec_sb+cohere,6,whisper_v2,2,4
whisper_v3+whisper_v2+fastconformer+hubert+wav2vec_sb+cohere,6,whisper_v2,3,855
whisper_v3+whisper_v2+fastconformer+hubert+wav2vec_sb+cohere,6,whisper_v2,4,141
whisper_v3+whisper_v2+fastconformer+hubert+wav2vec_sb+cohere,6,fastconformer,3,141
whisper_v3+whisper_v2+fastconformer+hubert+wav2vec_sb+cohere,6,fastconformer,4,854
whisper_v3+whisper_v2+fastconformer+hubert+wav2vec_sb+cohere,6,fastconformer,5,5
whisper_v3+whisper_v2+fastconformer+hubert+wav2vec_sb+cohere,6,xlsr,8,1000
whisper_v3+whisper_v2+fastconformer+hubert+wav2vec_sb+cohere,6,w2vbert,7,1000
whisper_v3+whisper_v2+fastconformer+hubert+wav2vec_sb+cohere,6,hubert,6,1000
whisper_v3+whisper_v2+fastconformer+hubert+wav2vec_sb+cohere,6,wav2vec_sb,9,1000
whisper_v3+whisper_v2+fastconformer+hubert+wav2vec_sb+cohere,6,cohere,2,996
whisper_v3+whisper_v2+fastconformer+hubert+wav2vec_sb+cohere,6,cohere,3,4
whisper_v3+whisper_v2+xlsr+w2vbert+hubert+wav2vec_sb,6,seamless_m4t,3,1000
whisper_v3+whisper_v2+xlsr+w2vbert+hubert+wav2vec_sb,6,whisper_v3,4,1000
whisper_v3+whisper_v2+xlsr+w2vbert+hubert+wav2vec_sb,6,whisper_v2,5,1000
whisper_v3+whisper_v2+xlsr+w2vbert+hubert+wav2vec_sb,6,fastconformer,2,1000
whisper_v3+whisper_v2+xlsr+w2vbert+hubert+wav2vec_sb,6,xlsr,8,1000
whisper_v3+whisper_v2+xlsr+w2vbert+hubert+wav2vec_sb,6,w2vbert,7,1000
whisper_v3+whisper_v2+xlsr+w2vbert+hubert+wav2vec_sb,6,hubert,6,1000
whisper_v3+whisper_v2+xlsr+w2vbert+hubert+wav2vec_sb,6,wav2vec_sb,9,1000
whisper_v3+whisper_v2+xlsr+w2vbert+hubert+wav2vec_sb,6,cohere,1,1000
whisper_v3+whisper_v2+xlsr+w2vbert+hubert+cohere,6,seamless_m4t,4,158
whisper_v3+whisper_v2+xlsr+w2vbert+hubert+cohere,6,seamless_m4t,5,842
whisper_v3+whisper_v2+xlsr+w2vbert+hubert+cohere,6,whisper_v3,1,1000
whisper_v3+whisper_v2+xlsr+w2vbert+hubert+cohere,6,whisper_v2,2,1
whisper_v3+whisper_v2+xlsr+w2vbert+hubert+cohere,6,whisper_v2,3,999
whisper_v3+whisper_v2+xlsr+w2vbert+hubert+cohere,6,fastconformer,2,999
whisper_v3+whisper_v2+xlsr+w2vbert+hubert+cohere,6,fastconformer,3,1
whisper_v3+whisper_v2+xlsr+w2vbert+hubert+cohere,6,xlsr,8,1000
whisper_v3+whisper_v2+xlsr+w2vbert+hubert+cohere,6,w2vbert,7,1000
whisper_v3+whisper_v2+xlsr+w2vbert+hubert+cohere,6,hubert,6,1000
whisper_v3+whisper_v2+xlsr+w2vbert+hubert+cohere,6,wav2vec_sb,9,1000
whisper_v3+whisper_v2+xlsr+w2vbert+hubert+cohere,6,cohere,4,842
whisper_v3+whisper_v2+xlsr+w2vbert+hubert+cohere,6,cohere,5,158
whisper_v3+whisper_v2+xlsr+w2vbert+wav2vec_sb+cohere,6,seamless_m4t,3,2
whisper_v3+whisper_v2+xlsr+w2vbert+wav2vec_sb+cohere,6,seamless_m4t,4,335
whisper_v3+whisper_v2+xlsr+w2vbert+wav2vec_sb+cohere,6,seamless_m4t,5,663
whisper_v3+whisper_v2+xlsr+w2vbert+wav2vec_sb+cohere,6,whisper_v3,1,814
whisper_v3+whisper_v2+xlsr+w2vbert+wav2vec_sb+cohere,6,whisper_v3,2,186
whisper_v3+whisper_v2+xlsr+w2vbert+wav2vec_sb+cohere,6,whisper_v2,3,998
whisper_v3+whisper_v2+xlsr+w2vbert+wav2vec_sb+cohere,6,whisper_v2,4,2
whisper_v3+whisper_v2+xlsr+w2vbert+wav2vec_sb+cohere,6,fastconformer,1,186
whisper_v3+whisper_v2+xlsr+w2vbert+wav2vec_sb+cohere,6,fastconformer,2,814
whisper_v3+whisper_v2+xlsr+w2vbert+wav2vec_sb+cohere,6,xlsr,8,1000
whisper_v3+whisper_v2+xlsr+w2vbert+wav2vec_sb+cohere,6,w2vbert,7,1000
whisper_v3+whisper_v2+xlsr+w2vbert+wav2vec_sb+cohere,6,hubert,6,1000
whisper_v3+whisper_v2+xlsr+w2vbert+wav2vec_sb+cohere,6,wav2vec_sb,9,1000
whisper_v3+whisper_v2+xlsr+w2vbert+wav2vec_sb+cohere,6,cohere,4,663
whisper_v3+whisper_v2+xlsr+w2vbert+wav2vec_sb+cohere,6,cohere,5,337
whisper_v3+whisper_v2+xlsr+hubert+wav2vec_sb+cohere,6,seamless_m4t,4,131
whisper_v3+whisper_v2+xlsr+hubert+wav2vec_sb+cohere,6,seamless_m4t,5,869
whisper_v3+whisper_v2+xlsr+hubert+wav2vec_sb+cohere,6,whisper_v3,1,1000
whisper_v3+whisper_v2+xlsr+hubert+wav2vec_sb+cohere,6,whisper_v2,3,1000
whisper_v3+whisper_v2+xlsr+hubert+wav2vec_sb+cohere,6,fastconformer,2,1000
whisper_v3+whisper_v2+xlsr+hubert+wav2vec_sb+cohere,6,xlsr,8,1000
whisper_v3+whisper_v2+xlsr+hubert+wav2vec_sb+cohere,6,w2vbert,7,1000
whisper_v3+whisper_v2+xlsr+hubert+wav2vec_sb+cohere,6,hubert,6,1000
whisper_v3+whisper_v2+xlsr+hubert+wav2vec_sb+cohere,6,wav2vec_sb,9,1000
whisper_v3+whisper_v2+xlsr+hubert+wav2vec_sb+cohere,6,cohere,4,869
whisper_v3+whisper_v2+xlsr+hubert+wav2vec_sb+cohere,6,cohere,5,131
whisper_v3+whisper_v2+w2vbert+hubert+wav2vec_sb+cohere,6,seamless_m4t,4,108
whisper_v3+whisper_v2+w2vbert+hubert+wav2vec_sb+cohere,6,seamless_m4t,5,892
whisper_v3+whisper_v2+w2vbert+hubert+wav2vec_sb+cohere,6,whisper_v3,1,999
whisper_v3+whisper_v2+w2vbert+hubert+wav2vec_sb+cohere,6,whisper_v3,2,1
whisper_v3+whisper_v2+w2vbert+hubert+wav2vec_sb+cohere,6,whisper_v2,3,1000
whisper_v3+whisper_v2+w2vbert+hubert+wav2vec_sb+cohere,6,fastconformer,1,1
whisper_v3+whisper_v2+w2vbert+hubert+wav2vec_sb+cohere,6,fastconformer,2,999
whisper_v3+whisper_v2+w2vbert+hubert+wav2vec_sb+cohere,6,xlsr,8,1000
whisper_v3+whisper_v2+w2vbert+hubert+wav2vec_sb+cohere,6,w2vbert,7,1000
whisper_v3+whisper_v2+w2vbert+hubert+wav2vec_sb+cohere,6,hubert,6,1000
whisper_v3+whisper_v2+w2vbert+hubert+wav2vec_sb+cohere,6,wav2vec_sb,9,1000
whisper_v3+whisper_v2+w2vbert+hubert+wav2vec_sb+cohere,6,cohere,4,892
whisper_v3+whisper_v2+w2vbert+hubert+wav2vec_sb+cohere,6,cohere,5,108
whisper_v3+fastconformer+xlsr+w2vbert+hubert+wav2vec_sb,6,seamless_m4t,3,1000
whisper_v3+fastconformer+xlsr+w2vbert+hubert+wav2vec_sb,6,whisper_v3,4,67
whisper_v3+fastconformer+xlsr+w2vbert+hubert+wav2vec_sb,6,whisper_v3,5,933
whisper_v3+fastconformer+xlsr+w2vbert+hubert+wav2vec_sb,6,whisper_v2,1,17
whisper_v3+fastconformer+xlsr+w2vbert+hubert+wav2vec_sb,6,whisper_v2,2,983
whisper_v3+fastconformer+xlsr+w2vbert+hubert+wav2vec_sb,6,fastconformer,4,933
whisper_v3+fastconformer+xlsr+w2vbert+hubert+wav2vec_sb,6,fastconformer,5,67
whisper_v3+fastconformer+xlsr+w2vbert+hubert+wav2vec_sb,6,xlsr,8,1000
whisper_v3+fastconformer+xlsr+w2vbert+hubert+wav2vec_sb,6,w2vbert,7,1000
whisper_v3+fastconformer+xlsr+w2vbert+hubert+wav2vec_sb,6,hubert,6,1000
whisper_v3+fastconformer+xlsr+w2vbert+hubert+wav2vec_sb,6,wav2vec_sb,9,1000
whisper_v3+fastconformer+xlsr+w2vbert+hubert+wav2vec_sb,6,cohere,1,983
whisper_v3+fastconformer+xlsr+w2vbert+hubert+wav2vec_sb,6,cohere,2,17
whisper_v3+fastconformer+xlsr+w2vbert+hubert+cohere,6,seamless_m4t,2,58
whisper_v3+fastconformer+xlsr+w2vbert+hubert+cohere,6,seamless_m4t,3,50
whisper_v3+fastconformer+xlsr+w2vbert+hubert+cohere,6,seamless_m4t,4,168
whisper_v3+fastconformer+xlsr+w2vbert+hubert+cohere,6,seamless_m4t,5,724
whisper_v3+fastconformer+xlsr+w2vbert+hubert+cohere,6,whisper_v3,2,727
whisper_v3+fastconformer+xlsr+w2vbert+hubert+cohere,6,whisper_v3,3,253
whisper_v3+fastconformer+xlsr+w2vbert+hubert+cohere,6,whisper_v3,4,19
whisper_v3+fastconformer+xlsr+w2vbert+hubert+cohere,6,whisper_v3,5,1
whisper_v3+fastconformer+xlsr+w2vbert+hubert+cohere,6,whisper_v2,1,1000
whisper_v3+fastconformer+xlsr+w2vbert+hubert+cohere,6,fastconformer,2,210
whisper_v3+fastconformer+xlsr+w2vbert+hubert+cohere,6,fastconformer,3,670
whisper_v3+fastconformer+xlsr+w2vbert+hubert+cohere,6,fastconformer,4,115
whisper_v3+fastconformer+xlsr+w2vbert+hubert+cohere,6,fastconformer,5,5
whisper_v3+fastconformer+xlsr+w2vbert+hubert+cohere,6,xlsr,8,1000
whisper_v3+fastconformer+xlsr+w2vbert+hubert+cohere,6,w2vbert,7,1000
whisper_v3+fastconformer+xlsr+w2vbert+hubert+cohere,6,hubert,6,1000
whisper_v3+fastconformer+xlsr+w2vbert+hubert+cohere,6,wav2vec_sb,9,1000
whisper_v3+fastconformer+xlsr+w2vbert+hubert+cohere,6,cohere,2,5
whisper_v3+fastconformer+xlsr+w2vbert+hubert+cohere,6,cohere,3,27
whisper_v3+fastconformer+xlsr+w2vbert+hubert+cohere,6,cohere,4,698
whisper_v3+fastconformer+xlsr+w2vbert+hubert+cohere,6,cohere,5,270
whisper_v3+fastconformer+xlsr+w2vbert+wav2vec_sb+cohere,6,seamless_m4t,1,1
whisper_v3+fastconformer+xlsr+w2vbert+wav2vec_sb+cohere,6,seamless_m4t,2,755
whisper_v3+fastconformer+xlsr+w2vbert+wav2vec_sb+cohere,6,seamless_m4t,3,70
whisper_v3+fastconformer+xlsr+w2vbert+wav2vec_sb+cohere,6,seamless_m4t,4,54
whisper_v3+fastconformer+xlsr+w2vbert+wav2vec_sb+cohere,6,seamless_m4t,5,120
whisper_v3+fastconformer+xlsr+w2vbert+wav2vec_sb+cohere,6,whisper_v3,2,162
whisper_v3+fastconformer+xlsr+w2vbert+wav2vec_sb+cohere,6,whisper_v3,3,557
whisper_v3+fastconformer+xlsr+w2vbert+wav2vec_sb+cohere,6,whisper_v3,4,220
whisper_v3+fastconformer+xlsr+w2vbert+wav2vec_sb+cohere,6,whisper_v3,5,61
whisper_v3+fastconformer+xlsr+w2vbert+wav2vec_sb+cohere,6,whisper_v2,1,999
whisper_v3+fastconformer+xlsr+w2vbert+wav2vec_sb+cohere,6,whisper_v2,2,1
whisper_v3+fastconformer+xlsr+w2vbert+wav2vec_sb+cohere,6,fastconformer,2,42
whisper_v3+fastconformer+xlsr+w2vbert+wav2vec_sb+cohere,6,fastconformer,3,237
whisper_v3+fastconformer+xlsr+w2vbert+wav2vec_sb+cohere,6,fastconformer,4,442
whisper_v3+fastconformer+xlsr+w2vbert+wav2vec_sb+cohere,6,fastconformer,5,279
whisper_v3+fastconformer+xlsr+w2vbert+wav2vec_sb+cohere,6,xlsr,8,1000
whisper_v3+fastconformer+xlsr+w2vbert+wav2vec_sb+cohere,6,w2vbert,7,1000
whisper_v3+fastconformer+xlsr+w2vbert+wav2vec_sb+cohere,6,hubert,6,1000
whisper_v3+fastconformer+xlsr+w2vbert+wav2vec_sb+cohere,6,wav2vec_sb,9,1000
whisper_v3+fastconformer+xlsr+w2vbert+wav2vec_sb+cohere,6,cohere,2,40
whisper_v3+fastconformer+xlsr+w2vbert+wav2vec_sb+cohere,6,cohere,3,136
whisper_v3+fastconformer+xlsr+w2vbert+wav2vec_sb+cohere,6,cohere,4,284
whisper_v3+fastconformer+xlsr+w2vbert+wav2vec_sb+cohere,6,cohere,5,540
whisper_v3+fastconformer+xlsr+hubert+wav2vec_sb+cohere,6,seamless_m4t,2,62
whisper_v3+fastconformer+xlsr+hubert+wav2vec_sb+cohere,6,seamless_m4t,3,48
whisper_v3+fastconformer+xlsr+hubert+wav2vec_sb+cohere,6,seamless_m4t,4,165
whisper_v3+fastconformer+xlsr+hubert+wav2vec_sb+cohere,6,seamless_m4t,5,725
whisper_v3+fastconformer+xlsr+hubert+wav2vec_sb+cohere,6,whisper_v3,2,779
whisper_v3+fastconformer+xlsr+hubert+wav2vec_sb+cohere,6,whisper_v3,3,200
whisper_v3+fastconformer+xlsr+hubert+wav2vec_sb+cohere,6,whisper_v3,4,20
whisper_v3+fastconformer+xlsr+hubert+wav2vec_sb+cohere,6,whisper_v3,5,1
whisper_v3+fastconformer+xlsr+hubert+wav2vec_sb+cohere,6,whisper_v2,1,1000
whisper_v3+fastconformer+xlsr+hubert+wav2vec_sb+cohere,6,fastconformer,2,155
whisper_v3+fastconformer+xlsr+hubert+wav2vec_sb+cohere,6,fastconformer,3,703
whisper_v3+fastconformer+xlsr+hubert+wav2vec_sb+cohere,6,fastconformer,4,134
whisper_v3+fastconformer+xlsr+hubert+wav2vec_sb+cohere,6,fastconformer,5,8
whisper_v3+fastconformer+xlsr+hubert+wav2vec_sb+cohere,6,xlsr,8,1000
whisper_v3+fastconformer+xlsr+hubert+wav2vec_sb+cohere,6,w2vbert,7,1000
whisper_v3+fastconformer+xlsr+hubert+wav2vec_sb+cohere,6,hubert,6,1000
whisper_v3+fastconformer+xlsr+hubert+wav2vec_sb+cohere,6,wav2vec_sb,9,1000
whisper_v3+fastconformer+xlsr+hubert+wav2vec_sb+cohere,6,cohere,2,4
whisper_v3+fastconformer+xlsr+hubert+wav2vec_sb+cohere,6,cohere,3,49
whisper_v3+fastconformer+xlsr+hubert+wav2vec_sb+cohere,6,cohere,4,681
whisper_v3+fastconformer+xlsr+hubert+wav2vec_sb+cohere,6,cohere,5,266
whisper_v3+fastconformer+w2vbert+hubert+wav2vec_sb+cohere,6,seamless_m4t,2,74
whisper_v3+fastconformer+w2vbert+hubert+wav2vec_sb+cohere,6,seamless_m4t,3,76
whisper_v3+fastconformer+w2vbert+hubert+wav2vec_sb+cohere,6,seamless_m4t,4,231
whisper_v3+fastconformer+w2vbert+hubert+wav2vec_sb+cohere,6,seamless_m4t,5,619
whisper_v3+fastconformer+w2vbert+hubert+wav2vec_sb+cohere,6,whisper_v3,2,786
whisper_v3+fastconformer+w2vbert+hubert+wav2vec_sb+cohere,6,whisper_v3,3,189
whisper_v3+fastconformer+w2vbert+hubert+wav2vec_sb+cohere,6,whisper_v3,4,25
whisper_v3+fastconformer+w2vbert+hubert+wav2vec_sb+cohere,6,whisper_v2,1,1000
whisper_v3+fastconformer+w2vbert+hubert+wav2vec_sb+cohere,6,fastconformer,2,138
whisper_v3+fastconformer+w2vbert+hubert+wav2vec_sb+cohere,6,fastconformer,3,722
whisper_v3+fastconformer+w2vbert+hubert+wav2vec_sb+cohere,6,fastconformer,4,132
whisper_v3+fastconformer+w2vbert+hubert+wav2vec_sb+cohere,6,fastconformer,5,8
whisper_v3+fastconformer+w2vbert+hubert+wav2vec_sb+cohere,6,xlsr,8,1000
whisper_v3+fastconformer+w2vbert+hubert+wav2vec_sb+cohere,6,w2vbert,7,1000
whisper_v3+fastconformer+w2vbert+hubert+wav2vec_sb+cohere,6,hubert,6,1000
whisper_v3+fastconformer+w2vbert+hubert+wav2vec_sb+cohere,6,wav2vec_sb,9,1000
whisper_v3+fastconformer+w2vbert+hubert+wav2vec_sb+cohere,6,cohere,2,2
whisper_v3+fastconformer+w2vbert+hubert+wav2vec_sb+cohere,6,cohere,3,13
whisper_v3+fastconformer+w2vbert+hubert+wav2vec_sb+cohere,6,cohere,4,612
whisper_v3+fastconformer+w2vbert+hubert+wav2vec_sb+cohere,6,cohere,5,373
whisper_v3+xlsr+w2vbert+hubert+wav2vec_sb+cohere,6,seamless_m4t,3,1000
whisper_v3+xlsr+w2vbert+hubert+wav2vec_sb+cohere,6,whisper_v3,4,143
whisper_v3+xlsr+w2vbert+hubert+wav2vec_sb+cohere,6,whisper_v3,5,857
whisper_v3+xlsr+w2vbert+hubert+wav2vec_sb+cohere,6,whisper_v2,1,817
whisper_v3+xlsr+w2vbert+hubert+wav2vec_sb+cohere,6,whisper_v2,2,183
whisper_v3+xlsr+w2vbert+hubert+wav2vec_sb+cohere,6,fastconformer,1,183
whisper_v3+xlsr+w2vbert+hubert+wav2vec_sb+cohere,6,fastconformer,2,817
whisper_v3+xlsr+w2vbert+hubert+wav2vec_sb+cohere,6,xlsr,8,1000
whisper_v3+xlsr+w2vbert+hubert+wav2vec_sb+cohere,6,w2vbert,7,1000
whisper_v3+xlsr+w2vbert+hubert+wav2vec_sb+cohere,6,hubert,6,1000
whisper_v3+xlsr+w2vbert+hubert+wav2vec_sb+cohere,6,wav2vec_sb,9,1000
whisper_v3+xlsr+w2vbert+hubert+wav2vec_sb+cohere,6,cohere,4,857
whisper_v3+xlsr+w2vbert+hubert+wav2vec_sb+cohere,6,cohere,5,143
whisper_v2+fastconformer+xlsr+w2vbert+hubert+wav2vec_sb,6,seamless_m4t,3,1000
whisper_v2+fastconformer+xlsr+w2vbert+hubert+wav2vec_sb,6,whisper_v3,1,1000
whisper_v2+fastconformer+xlsr+w2vbert+hubert+wav2vec_sb,6,whisper_v2,5,1000
whisper_v2+fastconformer+xlsr+w2vbert+hubert+wav2vec_sb,6,fastconformer,4,1000
whisper_v2+fastconformer+xlsr+w2vbert+hubert+wav2vec_sb,6,xlsr,8,1000
whisper_v2+fastconformer+xlsr+w2vbert+hubert+wav2vec_sb,6,w2vbert,7,1000
whisper_v2+fastconformer+xlsr+w2vbert+hubert+wav2vec_sb,6,hubert,6,1000
whisper_v2+fastconformer+xlsr+w2vbert+hubert+wav2vec_sb,6,wav2vec_sb,9,1000
whisper_v2+fastconformer+xlsr+w2vbert+hubert+wav2vec_sb,6,cohere,2,1000
whisper_v2+fastconformer+xlsr+w2vbert+hubert+cohere,6,seamless_m4t,2,479
whisper_v2+fastconformer+xlsr+w2vbert+hubert+cohere,6,seamless_m4t,3,354
whisper_v2+fastconformer+xlsr+w2vbert+hubert+cohere,6,seamless_m4t,4,165
whisper_v2+fastconformer+xlsr+w2vbert+hubert+cohere,6,seamless_m4t,5,2
whisper_v2+fastconformer+xlsr+w2vbert+hubert+cohere,6,whisper_v3,1,1000
whisper_v2+fastconformer+xlsr+w2vbert+hubert+cohere,6,whisper_v2,4,2
whisper_v2+fastconformer+xlsr+w2vbert+hubert+cohere,6,whisper_v2,5,998
whisper_v2+fastconformer+xlsr+w2vbert+hubert+cohere,6,fastconformer,2,521
whisper_v2+fastconformer+xlsr+w2vbert+hubert+cohere,6,fastconformer,3,478
whisper_v2+fastconformer+xlsr+w2vbert+hubert+cohere,6,fastconformer,4,1
whisper_v2+fastconformer+xlsr+w2vbert+hubert+cohere,6,xlsr,8,1000
whisper_v2+fastconformer+xlsr+w2vbert+hubert+cohere,6,w2vbert,7,1000
whisper_v2+fastconformer+xlsr+w2vbert+hubert+cohere,6,hubert,6,1000
whisper_v2+fastconformer+xlsr+w2vbert+hubert+cohere,6,wav2vec_sb,9,1000
whisper_v2+fastconformer+xlsr+w2vbert+hubert+cohere,6,cohere,3,168
whisper_v2+fastconformer+xlsr+w2vbert+hubert+cohere,6,cohere,4,832
whisper_v2+fastconformer+xlsr+w2vbert+wav2vec_sb+cohere,6,seamless_m4t,2,990
whisper_v2+fastconformer+xlsr+w2vbert+wav2vec_sb+cohere,6,seamless_m4t,3,5
whisper_v2+fastconformer+xlsr+w2vbert+wav2vec_sb+cohere,6,seamless_m4t,4,5
whisper_v2+fastconformer+xlsr+w2vbert+wav2vec_sb+cohere,6,whisper_v3,1,1000
whisper_v2+fastconformer+xlsr+w2vbert+wav2vec_sb+cohere,6,whisper_v2,5,1000
whisper_v2+fastconformer+xlsr+w2vbert+wav2vec_sb+cohere,6,fastconformer,2,5
whisper_v2+fastconformer+xlsr+w2vbert+wav2vec_sb+cohere,6,fastconformer,3,491
whisper_v2+fastconformer+xlsr+w2vbert+wav2vec_sb+cohere,6,fastconformer,4,504
whisper_v2+fastconformer+xlsr+w2vbert+wav2vec_sb+cohere,6,xlsr,8,1000
whisper_v2+fastconformer+xlsr+w2vbert+wav2vec_sb+cohere,6,w2vbert,7,1000
whisper_v2+fastconformer+xlsr+w2vbert+wav2vec_sb+cohere,6,hubert,6,1000
whisper_v2+fastconformer+xlsr+w2vbert+wav2vec_sb+cohere,6,wav2vec_sb,9,1000
whisper_v2+fastconformer+xlsr+w2vbert+wav2vec_sb+cohere,6,cohere,2,5
whisper_v2+fastconformer+xlsr+w2vbert+wav2vec_sb+cohere,6,cohere,3,504
whisper_v2+fastconformer+xlsr+w2vbert+wav2vec_sb+cohere,6,cohere,4,491
whisper_v2+fastconformer+xlsr+hubert+wav2vec_sb+cohere,6,seamless_m4t,2,528
whisper_v2+fastconformer+xlsr+hubert+wav2vec_sb+cohere,6,seamless_m4t,3,276
whisper_v2+fastconformer+xlsr+hubert+wav2vec_sb+cohere,6,seamless_m4t,4,196
whisper_v2+fastconformer+xlsr+hubert+wav2vec_sb+cohere,6,whisper_v3,1,1000
whisper_v2+fastconformer+xlsr+hubert+wav2vec_sb+cohere,6,whisper_v2,5,1000
whisper_v2+fastconformer+xlsr+hubert+wav2vec_sb+cohere,6,fastconformer,2,470
whisper_v2+fastconformer+xlsr+hubert+wav2vec_sb+cohere,6,fastconformer,3,525
whisper_v2+fastconformer+xlsr+hubert+wav2vec_sb+cohere,6,fastconformer,4,5
whisper_v2+fastconformer+xlsr+hubert+wav2vec_sb+cohere,6,xlsr,8,1000
whisper_v2+fastconformer+xlsr+hubert+wav2vec_sb+cohere,6,w2vbert,7,1000
whisper_v2+fastconformer+xlsr+hubert+wav2vec_sb+cohere,6,hubert,6,1000
whisper_v2+fastconformer+xlsr+hubert+wav2vec_sb+cohere,6,wav2vec_sb,9,1000
whisper_v2+fastconformer+xlsr+hubert+wav2vec_sb+cohere,6,cohere,2,2
whisper_v2+fastconformer+xlsr+hubert+wav2vec_sb+cohere,6,cohere,3,199
whisper_v2+fastconformer+xlsr+hubert+wav2vec_sb+cohere,6,cohere,4,799
whisper_v2+fastconformer+w2vbert+hubert+wav2vec_sb+cohere,6,seamless_m4t,2,486
whisper_v2+fastconformer+w2vbert+hubert+wav2vec_sb+cohere,6,seamless_m4t,3,297
whisper_v2+fastconformer+w2vbert+hubert+wav2vec_sb+cohere,6,seamless_m4t,4,216
whisper_v2+fastconformer+w2vbert+hubert+wav2vec_sb+cohere,6,seamless_m4t,5,1
whisper_v2+fastconformer+w2vbert+hubert+wav2vec_sb+cohere,6,whisper_v3,1,1000
whisper_v2+fastconformer+w2vbert+hubert+wav2vec_sb+cohere,6,whisper_v2,4,1
whisper_v2+fastconformer+w2vbert+hubert+wav2vec_sb+cohere,6,whisper_v2,5,999
whisper_v2+fastconformer+w2vbert+hubert+wav2vec_sb+cohere,6,fastconformer,2,509
whisper_v2+fastconformer+w2vbert+hubert+wav2vec_sb+cohere,6,fastconformer,3,488
whisper_v2+fastconformer+w2vbert+hubert+wav2vec_sb+cohere,6,fastconformer,4,3
whisper_v2+fastconformer+w2vbert+hubert+wav2vec_sb+cohere,6,xlsr,8,1000
whisper_v2+fastconformer+w2vbert+hubert+wav2vec_sb+cohere,6,w2vbert,7,1000
whisper_v2+fastconformer+w2vbert+hubert+wav2vec_sb+cohere,6,hubert,6,1000
whisper_v2+fastconformer+w2vbert+hubert+wav2vec_sb+cohere,6,wav2vec_sb,9,1000
whisper_v2+fastconformer+w2vbert+hubert+wav2vec_sb+cohere,6,cohere,2,5
whisper_v2+fastconformer+w2vbert+hubert+wav2vec_sb+cohere,6,cohere,3,215
whisper_v2+fastconformer+w2vbert+hubert+wav2vec_sb+cohere,6,cohere,4,780
whisper_v2+xlsr+w2vbert+hubert+wav2vec_sb+cohere,6,seamless_m4t,3,1000
whisper_v2+xlsr+w2vbert+hubert+wav2vec_sb+cohere,6,whisper_v3,1,1000
whisper_v2+xlsr+w2vbert+hubert+wav2vec_sb+cohere,6,whisper_v2,5,1000
whisper_v2+xlsr+w2vbert+hubert+wav2vec_sb+cohere,6,fastconformer,2,1000
whisper_v2+xlsr+w2vbert+hubert+wav2vec_sb+cohere,6,xlsr,8,1000
whisper_v2+xlsr+w2vbert+hubert+wav2vec_sb+cohere,6,w2vbert,7,1000
whisper_v2+xlsr+w2vbert+hubert+wav2vec_sb+cohere,6,hubert,6,1000
whisper_v2+xlsr+w2vbert+hubert+wav2vec_sb+cohere,6,wav2vec_sb,9,1000
whisper_v2+xlsr+w2vbert+hubert+wav2vec_sb+cohere,6,cohere,4,1000
fastconformer+xlsr+w2vbert+hubert+wav2vec_sb+cohere,6,seamless_m4t,2,19
fastconformer+xlsr+w2vbert+hubert+wav2vec_sb+cohere,6,seamless_m4t,3,981
fastconformer+xlsr+w2vbert+hubert+wav2vec_sb+cohere,6,whisper_v3,1,1000
fastconformer+xlsr+w2vbert+hubert+wav2vec_sb+cohere,6,whisper_v2,2,981
fastconformer+xlsr+w2vbert+hubert+wav2vec_sb+cohere,6,whisper_v2,3,19
fastconformer+xlsr+w2vbert+hubert+wav2vec_sb+cohere,6,fastconformer,4,843
fastconformer+xlsr+w2vbert+hubert+wav2vec_sb+cohere,6,fastconformer,5,157
fastconformer+xlsr+w2vbert+hubert+wav2vec_sb+cohere,6,xlsr,8,1000
fastconformer+xlsr+w2vbert+hubert+wav2vec_sb+cohere,6,w2vbert,7,1000
fastconformer+xlsr+w2vbert+hubert+wav2vec_sb+cohere,6,hubert,6,1000
fastconformer+xlsr+w2vbert+hubert+wav2vec_sb+cohere,6,wav2vec_sb,9,1000
fastconformer+xlsr+w2vbert+hubert+wav2vec_sb+cohere,6,cohere,4,157
fastconformer+xlsr+w2vbert+hubert+wav2vec_sb+cohere,6,cohere,5,843
seamless_m4t+whisper_v3+whisper_v2+fastconformer+xlsr+w2vbert+hubert,7,seamless_m4t,5,1000
seamless_m4t+whisper_v3+whisper_v2+fastconformer+xlsr+w2vbert+hubert,7,whisper_v3,1,5
seamless_m4t+whisper_v3+whisper_v2+fastconformer+xlsr+w2vbert+hubert,7,whisper_v3,2,995
seamless_m4t+whisper_v3+whisper_v2+fastconformer+xlsr+w2vbert+hubert,7,whisper_v2,3,998
seamless_m4t+whisper_v3+whisper_v2+fastconformer+xlsr+w2vbert+hubert,7,whisper_v2,4,2
seamless_m4t+whisper_v3+whisper_v2+fastconformer+xlsr+w2vbert+hubert,7,fastconformer,3,2
seamless_m4t+whisper_v3+whisper_v2+fastconformer+xlsr+w2vbert+hubert,7,fastconformer,4,998
seamless_m4t+whisper_v3+whisper_v2+fastconformer+xlsr+w2vbert+hubert,7,xlsr,8,1000
seamless_m4t+whisper_v3+whisper_v2+fastconformer+xlsr+w2vbert+hubert,7,w2vbert,7,1000
seamless_m4t+whisper_v3+whisper_v2+fastconformer+xlsr+w2vbert+hubert,7,hubert,6,1000
seamless_m4t+whisper_v3+whisper_v2+fastconformer+xlsr+w2vbert+hubert,7,wav2vec_sb,9,1000
seamless_m4t+whisper_v3+whisper_v2+fastconformer+xlsr+w2vbert+hubert,7,cohere,1,995
seamless_m4t+whisper_v3+whisper_v2+fastconformer+xlsr+w2vbert+hubert,7,cohere,2,5
seamless_m4t+whisper_v3+whisper_v2+fastconformer+xlsr+w2vbert+wav2vec_sb,7,seamless_m4t,5,1000
seamless_m4t+whisper_v3+whisper_v2+fastconformer+xlsr+w2vbert+wav2vec_sb,7,whisper_v3,1,1
seamless_m4t+whisper_v3+whisper_v2+fastconformer+xlsr+w2vbert+wav2vec_sb,7,whisper_v3,2,999
seamless_m4t+whisper_v3+whisper_v2+fastconformer+xlsr+w2vbert+wav2vec_sb,7,whisper_v2,3,1000
seamless_m4t+whisper_v3+whisper_v2+fastconformer+xlsr+w2vbert+wav2vec_sb,7,fastconformer,4,1000
seamless_m4t+whisper_v3+whisper_v2+fastconformer+xlsr+w2vbert+wav2vec_sb,7,xlsr,8,1000
seamless_m4t+whisper_v3+whisper_v2+fastconformer+xlsr+w2vbert+wav2vec_sb,7,w2vbert,7,1000
seamless_m4t+whisper_v3+whisper_v2+fastconformer+xlsr+w2vbert+wav2vec_sb,7,hubert,6,1000
seamless_m4t+whisper_v3+whisper_v2+fastconformer+xlsr+w2vbert+wav2vec_sb,7,wav2vec_sb,9,1000
seamless_m4t+whisper_v3+whisper_v2+fastconformer+xlsr+w2vbert+wav2vec_sb,7,cohere,1,999
seamless_m4t+whisper_v3+whisper_v2+fastconformer+xlsr+w2vbert+wav2vec_sb,7,cohere,2,1
seamless_m4t+whisper_v3+whisper_v2+fastconformer+xlsr+w2vbert+cohere,7,seamless_m4t,4,1
seamless_m4t+whisper_v3+whisper_v2+fastconformer+xlsr+w2vbert+cohere,7,seamless_m4t,5,999
seamless_m4t+whisper_v3+whisper_v2+fastconformer+xlsr+w2vbert+cohere,7,whisper_v3,1,918
seamless_m4t+whisper_v3+whisper_v2+fastconformer+xlsr+w2vbert+cohere,7,whisper_v3,2,82
seamless_m4t+whisper_v3+whisper_v2+fastconformer+xlsr+w2vbert+cohere,7,whisper_v2,3,16
seamless_m4t+whisper_v3+whisper_v2+fastconformer+xlsr+w2vbert+cohere,7,whisper_v2,4,983
seamless_m4t+whisper_v3+whisper_v2+fastconformer+xlsr+w2vbert+cohere,7,whisper_v2,5,1
seamless_m4t+whisper_v3+whisper_v2+fastconformer+xlsr+w2vbert+cohere,7,fastconformer,3,984
seamless_m4t+whisper_v3+whisper_v2+fastconformer+xlsr+w2vbert+cohere,7,fastconformer,4,16
seamless_m4t+whisper_v3+whisper_v2+fastconformer+xlsr+w2vbert+cohere,7,xlsr,8,1000
seamless_m4t+whisper_v3+whisper_v2+fastconformer+xlsr+w2vbert+cohere,7,w2vbert,7,1000
seamless_m4t+whisper_v3+whisper_v2+fastconformer+xlsr+w2vbert+cohere,7,hubert,6,1000
seamless_m4t+whisper_v3+whisper_v2+fastconformer+xlsr+w2vbert+cohere,7,wav2vec_sb,9,1000
seamless_m4t+whisper_v3+whisper_v2+fastconformer+xlsr+w2vbert+cohere,7,cohere,1,82
seamless_m4t+whisper_v3+whisper_v2+fastconformer+xlsr+w2vbert+cohere,7,cohere,2,918
seamless_m4t+whisper_v3+whisper_v2+fastconformer+xlsr+hubert+wav2vec_sb,7,seamless_m4t,5,1000
seamless_m4t+whisper_v3+whisper_v2+fastconformer+xlsr+hubert+wav2vec_sb,7,whisper_v3,2,1000
seamless_m4t+whisper_v3+whisper_v2+fastconformer+xlsr+hubert+wav2vec_sb,7,whisper_v2,3,999
seamless_m4t+whisper_v3+whisper_v2+fastconformer+xlsr+hubert+wav2vec_sb,7,whisper_v2,4,1
seamless_m4t+whisper_v3+whisper_v2+fastconformer+xlsr+hubert+wav2vec_sb,7,fastconformer,3,1
seamless_m4t+whisper_v3+whisper_v2+fastconformer+xlsr+hubert+wav2vec_sb,7,fastconformer,4,999
seamless_m4t+whisper_v3+whisper_v2+fastconformer+xlsr+hubert+wav2vec_sb,7,xlsr,8,1000
seamless_m4t+whisper_v3+whisper_v2+fastconformer+xlsr+hubert+wav2vec_sb,7,w2vbert,7,1000
seamless_m4t+whisper_v3+whisper_v2+fastconformer+xlsr+hubert+wav2vec_sb,7,hubert,6,1000
seamless_m4t+whisper_v3+whisper_v2+fastconformer+xlsr+hubert+wav2vec_sb,7,wav2vec_sb,9,1000
seamless_m4t+whisper_v3+whisper_v2+fastconformer+xlsr+hubert+wav2vec_sb,7,cohere,1,1000
seamless_m4t+whisper_v3+whisper_v2+fastconformer+xlsr+hubert+cohere,7,seamless_m4t,5,1000
seamless_m4t+whisper_v3+whisper_v2+fastconformer+xlsr+hubert+cohere,7,whisper_v3,1,979
seamless_m4t+whisper_v3+whisper_v2+fastconformer+xlsr+hubert+cohere,7,whisper_v3,2,21
seamless_m4t+whisper_v3+whisper_v2+fastconformer+xlsr+hubert+cohere,7,whisper_v2,3,7
seamless_m4t+whisper_v3+whisper_v2+fastconformer+xlsr+hubert+cohere,7,whisper_v2,4,993
seamless_m4t+whisper_v3+whisper_v2+fastconformer+xlsr+hubert+cohere,7,fastconformer,3,993
seamless_m4t+whisper_v3+whisper_v2+fastconformer+xlsr+hubert+cohere,7,fastconformer,4,7
seamless_m4t+whisper_v3+whisper_v2+fastconformer+xlsr+hubert+cohere,7,xlsr,8,1000
seamless_m4t+whisper_v3+whisper_v2+fastconformer+xlsr+hubert+cohere,7,w2vbert,7,1000
seamless_m4t+whisper_v3+whisper_v2+fastconformer+xlsr+hubert+cohere,7,hubert,6,1000
seamless_m4t+whisper_v3+whisper_v2+fastconformer+xlsr+hubert+cohere,7,wav2vec_sb,9,1000
seamless_m4t+whisper_v3+whisper_v2+fastconformer+xlsr+hubert+cohere,7,cohere,1,21
seamless_m4t+whisper_v3+whisper_v2+fastconformer+xlsr+hubert+cohere,7,cohere,2,979
seamless_m4t+whisper_v3+whisper_v2+fastconformer+xlsr+wav2vec_sb+cohere,7,seamless_m4t,5,1000
seamless_m4t+whisper_v3+whisper_v2+fastconformer+xlsr+wav2vec_sb+cohere,7,whisper_v3,1,894
seamless_m4t+whisper_v3+whisper_v2+fastconformer+xlsr+wav2vec_sb+cohere,7,whisper_v3,2,106
seamless_m4t+whisper_v3+whisper_v2+fastconformer+xlsr+wav2vec_sb+cohere,7,whisper_v2,3,15
seamless_m4t+whisper_v3+whisper_v2+fastconformer+xlsr+wav2vec_sb+cohere,7,whisper_v2,4,985
seamless_m4t+whisper_v3+whisper_v2+fastconformer+xlsr+wav2vec_sb+cohere,7,fastconformer,3,985
seamless_m4t+whisper_v3+whisper_v2+fastconformer+xlsr+wav2vec_sb+cohere,7,fastconformer,4,15
seamless_m4t+whisper_v3+whisper_v2+fastconformer+xlsr+wav2vec_sb+cohere,7,xlsr,8,1000
seamless_m4t+whisper_v3+whisper_v2+fastconformer+xlsr+wav2vec_sb+cohere,7,w2vbert,7,1000
seamless_m4t+whisper_v3+whisper_v2+fastconformer+xlsr+wav2vec_sb+cohere,7,hubert,6,1000
seamless_m4t+whisper_v3+whisper_v2+fastconformer+xlsr+wav2vec_sb+cohere,7,wav2vec_sb,9,1000
seamless_m4t+whisper_v3+whisper_v2+fastconformer+xlsr+wav2vec_sb+cohere,7,cohere,1,106
seamless_m4t+whisper_v3+whisper_v2+fastconformer+xlsr+wav2vec_sb+cohere,7,cohere,2,894
seamless_m4t+whisper_v3+whisper_v2+fastconformer+w2vbert+hubert+wav2vec_sb,7,seamless_m4t,5,1000
seamless_m4t+whisper_v3+whisper_v2+fastconformer+w2vbert+hubert+wav2vec_sb,7,whisper_v3,1,2
seamless_m4t+whisper_v3+whisper_v2+fastconformer+w2vbert+hubert+wav2vec_sb,7,whisper_v3,2,998
seamless_m4t+whisper_v3+whisper_v2+fastconformer+w2vbert+hubert+wav2vec_sb,7,whisper_v2,3,995
seamless_m4t+whisper_v3+whisper_v2+fastconformer+w2vbert+hubert+wav2vec_sb,7,whisper_v2,4,5
seamless_m4t+whisper_v3+whisper_v2+fastconformer+w2vbert+hubert+wav2vec_sb,7,fastconformer,3,5
seamless_m4t+whisper_v3+whisper_v2+fastconformer+w2vbert+hubert+wav2vec_sb,7,fastconformer,4,995
seamless_m4t+whisper_v3+whisper_v2+fastconformer+w2vbert+hubert+wav2vec_sb,7,xlsr,8,1000
seamless_m4t+whisper_v3+whisper_v2+fastconformer+w2vbert+hubert+wav2vec_sb,7,w2vbert,7,1000
seamless_m4t+whisper_v3+whisper_v2+fastconformer+w2vbert+hubert+wav2vec_sb,7,hubert,6,1000
seamless_m4t+whisper_v3+whisper_v2+fastconformer+w2vbert+hubert+wav2vec_sb,7,wav2vec_sb,9,1000
seamless_m4t+whisper_v3+whisper_v2+fastconformer+w2vbert+hubert+wav2vec_sb,7,cohere,1,998
seamless_m4t+whisper_v3+whisper_v2+fastconformer+w2vbert+hubert+wav2vec_sb,7,cohere,2,2
seamless_m4t+whisper_v3+whisper_v2+fastconformer+w2vbert+hubert+cohere,7,seamless_m4t,5,1000
seamless_m4t+whisper_v3+whisper_v2+fastconformer+w2vbert+hubert+cohere,7,whisper_v3,1,929
seamless_m4t+whisper_v3+whisper_v2+fastconformer+w2vbert+hubert+cohere,7,whisper_v3,2,71
seamless_m4t+whisper_v3+whisper_v2+fastconformer+w2vbert+hubert+cohere,7,whisper_v2,3,14
seamless_m4t+whisper_v3+whisper_v2+fastconformer+w2vbert+hubert+cohere,7,whisper_v2,4,986
seamless_m4t+whisper_v3+whisper_v2+fastconformer+w2vbert+hubert+cohere,7,fastconformer,3,986
seamless_m4t+whisper_v3+whisper_v2+fastconformer+w2vbert+hubert+cohere,7,fastconformer,4,14
seamless_m4t+whisper_v3+whisper_v2+fastconformer+w2vbert+hubert+cohere,7,xlsr,8,1000
seamless_m4t+whisper_v3+whisper_v2+fastconformer+w2vbert+hubert+cohere,7,w2vbert,7,1000
seamless_m4t+whisper_v3+whisper_v2+fastconformer+w2vbert+hubert+cohere,7,hubert,6,1000
seamless_m4t+whisper_v3+whisper_v2+fastconformer+w2vbert+hubert+cohere,7,wav2vec_sb,9,1000
seamless_m4t+whisper_v3+whisper_v2+fastconformer+w2vbert+hubert+cohere,7,cohere,1,71
seamless_m4t+whisper_v3+whisper_v2+fastconformer+w2vbert+hubert+cohere,7,cohere,2,929
seamless_m4t+whisper_v3+whisper_v2+fastconformer+w2vbert+wav2vec_sb+cohere,7,seamless_m4t,5,1000
seamless_m4t+whisper_v3+whisper_v2+fastconformer+w2vbert+wav2vec_sb+cohere,7,whisper_v3,1,904
seamless_m4t+whisper_v3+whisper_v2+fastconformer+w2vbert+wav2vec_sb+cohere,7,whisper_v3,2,96
seamless_m4t+whisper_v3+whisper_v2+fastconformer+w2vbert+wav2vec_sb+cohere,7,whisper_v2,3,9
seamless_m4t+whisper_v3+whisper_v2+fastconformer+w2vbert+wav2vec_sb+cohere,7,whisper_v2,4,991
seamless_m4t+whisper_v3+whisper_v2+fastconformer+w2vbert+wav2vec_sb+cohere,7,fastconformer,3,991
seamless_m4t+whisper_v3+whisper_v2+fastconformer+w2vbert+wav2vec_sb+cohere,7,fastconformer,4,9
seamless_m4t+whisper_v3+whisper_v2+fastconformer+w2vbert+wav2vec_sb+cohere,7,xlsr,8,1000
seamless_m4t+whisper_v3+whisper_v2+fastconformer+w2vbert+wav2vec_sb+cohere,7,w2vbert,7,1000
seamless_m4t+whisper_v3+whisper_v2+fastconformer+w2vbert+wav2vec_sb+cohere,7,hubert,6,1000
seamless_m4t+whisper_v3+whisper_v2+fastconformer+w2vbert+wav2vec_sb+cohere,7,wav2vec_sb,9,1000
seamless_m4t+whisper_v3+whisper_v2+fastconformer+w2vbert+wav2vec_sb+cohere,7,cohere,1,96
seamless_m4t+whisper_v3+whisper_v2+fastconformer+w2vbert+wav2vec_sb+cohere,7,cohere,2,904
seamless_m4t+whisper_v3+whisper_v2+fastconformer+hubert+wav2vec_sb+cohere,7,seamless_m4t,5,1000
seamless_m4t+whisper_v3+whisper_v2+fastconformer+hubert+wav2vec_sb+cohere,7,whisper_v3,1,971
seamless_m4t+whisper_v3+whisper_v2+fastconformer+hubert+wav2vec_sb+cohere,7,whisper_v3,2,29
seamless_m4t+whisper_v3+whisper_v2+fastconformer+hubert+wav2vec_sb+cohere,7,whisper_v2,3,1
seamless_m4t+whisper_v3+whisper_v2+fastconformer+hubert+wav2vec_sb+cohere,7,whisper_v2,4,999
seamless_m4t+whisper_v3+whisper_v2+fastconformer+hubert+wav2vec_sb+cohere,7,fastconformer,3,999
seamless_m4t+whisper_v3+whisper_v2+fastconformer+hubert+wav2vec_sb+cohere,7,fastconformer,4,1
seamless_m4t+whisper_v3+whisper_v2+fastconformer+hubert+wav2vec_sb+cohere,7,xlsr,8,1000
seamless_m4t+whisper_v3+whisper_v2+fastconformer+hubert+wav2vec_sb+cohere,7,w2vbert,7,1000
seamless_m4t+whisper_v3+whisper_v2+fastconformer+hubert+wav2vec_sb+cohere,7,hubert,6,1000
seamless_m4t+whisper_v3+whisper_v2+fastconformer+hubert+wav2vec_sb+cohere,7,wav2vec_sb,9,1000
seamless_m4t+whisper_v3+whisper_v2+fastconformer+hubert+wav2vec_sb+cohere,7,cohere,1,29
seamless_m4t+whisper_v3+whisper_v2+fastconformer+hubert+wav2vec_sb+cohere,7,cohere,2,971
seamless_m4t+whisper_v3+whisper_v2+xlsr+w2vbert+hubert+wav2vec_sb,7,seamless_m4t,5,1000
seamless_m4t+whisper_v3+whisper_v2+xlsr+w2vbert+hubert+wav2vec_sb,7,whisper_v3,2,10
seamless_m4t+whisper_v3+whisper_v2+xlsr+w2vbert+hubert+wav2vec_sb,7,whisper_v3,3,990
seamless_m4t+whisper_v3+whisper_v2+xlsr+w2vbert+hubert+wav2vec_sb,7,whisper_v2,4,1000
seamless_m4t+whisper_v3+whisper_v2+xlsr+w2vbert+hubert+wav2vec_sb,7,fastconformer,2,990
seamless_m4t+whisper_v3+whisper_v2+xlsr+w2vbert+hubert+wav2vec_sb,7,fastconformer,3,10
seamless_m4t+whisper_v3+whisper_v2+xlsr+w2vbert+hubert+wav2vec_sb,7,xlsr,8,1000
seamless_m4t+whisper_v3+whisper_v2+xlsr+w2vbert+hubert+wav2vec_sb,7,w2vbert,7,1000
seamless_m4t+whisper_v3+whisper_v2+xlsr+w2vbert+hubert+wav2vec_sb,7,hubert,6,1000
seamless_m4t+whisper_v3+whisper_v2+xlsr+w2vbert+hubert+wav2vec_sb,7,wav2vec_sb,9,1000
seamless_m4t+whisper_v3+whisper_v2+xlsr+w2vbert+hubert+wav2vec_sb,7,cohere,1,1000
seamless_m4t+whisper_v3+whisper_v2+xlsr+w2vbert+hubert+cohere,7,seamless_m4t,5,1000
seamless_m4t+whisper_v3+whisper_v2+xlsr+w2vbert+hubert+cohere,7,whisper_v3,1,1000
seamless_m4t+whisper_v3+whisper_v2+xlsr+w2vbert+hubert+cohere,7,whisper_v2,3,12
seamless_m4t+whisper_v3+whisper_v2+xlsr+w2vbert+hubert+cohere,7,whisper_v2,4,988
seamless_m4t+whisper_v3+whisper_v2+xlsr+w2vbert+hubert+cohere,7,fastconformer,2,656
seamless_m4t+whisper_v3+whisper_v2+xlsr+w2vbert+hubert+cohere,7,fastconformer,3,342
seamless_m4t+whisper_v3+whisper_v2+xlsr+w2vbert+hubert+cohere,7,fastconformer,4,2
seamless_m4t+whisper_v3+whisper_v2+xlsr+w2vbert+hubert+cohere,7,xlsr,8,1000
seamless_m4t+whisper_v3+whisper_v2+xlsr+w2vbert+hubert+cohere,7,w2vbert,7,1000
seamless_m4t+whisper_v3+whisper_v2+xlsr+w2vbert+hubert+cohere,7,hubert,6,1000
seamless_m4t+whisper_v3+whisper_v2+xlsr+w2vbert+hubert+cohere,7,wav2vec_sb,9,1000
seamless_m4t+whisper_v3+whisper_v2+xlsr+w2vbert+hubert+cohere,7,cohere,2,344
seamless_m4t+whisper_v3+whisper_v2+xlsr+w2vbert+hubert+cohere,7,cohere,3,646
seamless_m4t+whisper_v3+whisper_v2+xlsr+w2vbert+hubert+cohere,7,cohere,4,10
seamless_m4t+whisper_v3+whisper_v2+xlsr+w2vbert+wav2vec_sb+cohere,7,seamless_m4t,5,1000
seamless_m4t+whisper_v3+whisper_v2+xlsr+w2vbert+wav2vec_sb+cohere,7,whisper_v3,1,1000
seamless_m4t+whisper_v3+whisper_v2+xlsr+w2vbert+wav2vec_sb+cohere,7,whisper_v2,3,3
seamless_m4t+whisper_v3+whisper_v2+xlsr+w2vbert+wav2vec_sb+cohere,7,whisper_v2,4,997
seamless_m4t+whisper_v3+whisper_v2+xlsr+w2vbert+wav2vec_sb+cohere,7,fastconformer,2,560
seamless_m4t+whisper_v3+whisper_v2+xlsr+w2vbert+wav2vec_sb+cohere,7,fastconformer,3,439
seamless_m4t+whisper_v3+whisper_v2+xlsr+w2vbert+wav2vec_sb+cohere,7,fastconformer,4,1
seamless_m4t+whisper_v3+whisper_v2+xlsr+w2vbert+wav2vec_sb+cohere,7,xlsr,8,1000
seamless_m4t+whisper_v3+whisper_v2+xlsr+w2vbert+wav2vec_sb+cohere,7,w2vbert,7,1000
seamless_m4t+whisper_v3+whisper_v2+xlsr+w2vbert+wav2vec_sb+cohere,7,hubert,6,1000
seamless_m4t+whisper_v3+whisper_v2+xlsr+w2vbert+wav2vec_sb+cohere,7,wav2vec_sb,9,1000
seamless_m4t+whisper_v3+whisper_v2+xlsr+w2vbert+wav2vec_sb+cohere,7,cohere,2,440
seamless_m4t+whisper_v3+whisper_v2+xlsr+w2vbert+wav2vec_sb+cohere,7,cohere,3,558
seamless_m4t+whisper_v3+whisper_v2+xlsr+w2vbert+wav2vec_sb+cohere,7,cohere,4,2
seamless_m4t+whisper_v3+whisper_v2+xlsr+hubert+wav2vec_sb+cohere,7,seamless_m4t,5,1000
seamless_m4t+whisper_v3+whisper_v2+xlsr+hubert+wav2vec_sb+cohere,7,whisper_v3,1,1000
seamless_m4t+whisper_v3+whisper_v2+xlsr+hubert+wav2vec_sb+cohere,7,whisper_v2,3,13
seamless_m4t+whisper_v3+whisper_v2+xlsr+hubert+wav2vec_sb+cohere,7,whisper_v2,4,987
seamless_m4t+whisper_v3+whisper_v2+xlsr+hubert+wav2vec_sb+cohere,7,fastconformer,2,764
seamless_m4t+whisper_v3+whisper_v2+xlsr+hubert+wav2vec_sb+cohere,7,fastconformer,3,234
seamless_m4t+whisper_v3+whisper_v2+xlsr+hubert+wav2vec_sb+cohere,7,fastconformer,4,2
seamless_m4t+whisper_v3+whisper_v2+xlsr+hubert+wav2vec_sb+cohere,7,xlsr,8,1000
seamless_m4t+whisper_v3+whisper_v2+xlsr+hubert+wav2vec_sb+cohere,7,w2vbert,7,1000
seamless_m4t+whisper_v3+whisper_v2+xlsr+hubert+wav2vec_sb+cohere,7,hubert,6,1000
seamless_m4t+whisper_v3+whisper_v2+xlsr+hubert+wav2vec_sb+cohere,7,wav2vec_sb,9,1000
seamless_m4t+whisper_v3+whisper_v2+xlsr+hubert+wav2vec_sb+cohere,7,cohere,2,236
seamless_m4t+whisper_v3+whisper_v2+xlsr+hubert+wav2vec_sb+cohere,7,cohere,3,753
seamless_m4t+whisper_v3+whisper_v2+xlsr+hubert+wav2vec_sb+cohere,7,cohere,4,11
seamless_m4t+whisper_v3+whisper_v2+w2vbert+hubert+wav2vec_sb+cohere,7,seamless_m4t,5,1000
seamless_m4t+whisper_v3+whisper_v2+w2vbert+hubert+wav2vec_sb+cohere,7,whisper_v3,1,1000
seamless_m4t+whisper_v3+whisper_v2+w2vbert+hubert+wav2vec_sb+cohere,7,whisper_v2,3,10
seamless_m4t+whisper_v3+whisper_v2+w2vbert+hubert+wav2vec_sb+cohere,7,whisper_v2,4,990
seamless_m4t+whisper_v3+whisper_v2+w2vbert+hubert+wav2vec_sb+cohere,7,fastconformer,2,753
seamless_m4t+whisper_v3+whisper_v2+w2vbert+hubert+wav2vec_sb+cohere,7,fastconformer,3,246
seamless_m4t+whisper_v3+whisper_v2+w2vbert+hubert+wav2vec_sb+cohere,7,fastconformer,4,1
seamless_m4t+whisper_v3+whisper_v2+w2vbert+hubert+wav2vec_sb+cohere,7,xlsr,8,1000
seamless_m4t+whisper_v3+whisper_v2+w2vbert+hubert+wav2vec_sb+cohere,7,w2vbert,7,1000
seamless_m4t+whisper_v3+whisper_v2+w2vbert+hubert+wav2vec_sb+cohere,7,hubert,6,1000
seamless_m4t+whisper_v3+whisper_v2+w2vbert+hubert+wav2vec_sb+cohere,7,wav2vec_sb,9,1000
seamless_m4t+whisper_v3+whisper_v2+w2vbert+hubert+wav2vec_sb+cohere,7,cohere,2,247
seamless_m4t+whisper_v3+whisper_v2+w2vbert+hubert+wav2vec_sb+cohere,7,cohere,3,744
seamless_m4t+whisper_v3+whisper_v2+w2vbert+hubert+wav2vec_sb+cohere,7,cohere,4,9
seamless_m4t+whisper_v3+fastconformer+xlsr+w2vbert+hubert+wav2vec_sb,7,seamless_m4t,5,1000
seamless_m4t+whisper_v3+fastconformer+xlsr+w2vbert+hubert+wav2vec_sb,7,whisper_v3,3,974
seamless_m4t+whisper_v3+fastconformer+xlsr+w2vbert+hubert+wav2vec_sb,7,whisper_v3,4,26
seamless_m4t+whisper_v3+fastconformer+xlsr+w2vbert+hubert+wav2vec_sb,7,whisper_v2,2,1000
seamless_m4t+whisper_v3+fastconformer+xlsr+w2vbert+hubert+wav2vec_sb,7,fastconformer,3,26
seamless_m4t+whisper_v3+fastconformer+xlsr+w2vbert+hubert+wav2vec_sb,7,fastconformer,4,974
seamless_m4t+whisper_v3+fastconformer+xlsr+w2vbert+hubert+wav2vec_sb,7,xlsr,8,1000
seamless_m4t+whisper_v3+fastconformer+xlsr+w2vbert+hubert+wav2vec_sb,7,w2vbert,7,1000
seamless_m4t+whisper_v3+fastconformer+xlsr+w2vbert+hubert+wav2vec_sb,7,hubert,6,1000
seamless_m4t+whisper_v3+fastconformer+xlsr+w2vbert+hubert+wav2vec_sb,7,wav2vec_sb,9,1000
seamless_m4t+whisper_v3+fastconformer+xlsr+w2vbert+hubert+wav2vec_sb,7,cohere,1,1000
seamless_m4t+whisper_v3+fastconformer+xlsr+w2vbert+hubert+cohere,7,seamless_m4t,5,1000
seamless_m4t+whisper_v3+fastconformer+xlsr+w2vbert+hubert+cohere,7,whisper_v3,2,950
seamless_m4t+whisper_v3+fastconformer+xlsr+w2vbert+hubert+cohere,7,whisper_v3,3,50
seamless_m4t+whisper_v3+fastconformer+xlsr+w2vbert+hubert+cohere,7,whisper_v2,3,4
seamless_m4t+whisper_v3+fastconformer+xlsr+w2vbert+hubert+cohere,7,whisper_v2,4,996
seamless_m4t+whisper_v3+fastconformer+xlsr+w2vbert+hubert+cohere,7,fastconformer,2,50
seamless_m4t+whisper_v3+fastconformer+xlsr+w2vbert+hubert+cohere,7,fastconformer,3,946
seamless_m4t+whisper_v3+fastconformer+xlsr+w2vbert+hubert+cohere,7,fastconformer,4,4
seamless_m4t+whisper_v3+fastconformer+xlsr+w2vbert+hubert+cohere,7,xlsr,8,1000
seamless_m4t+whisper_v3+fastconformer+xlsr+w2vbert+hubert+cohere,7,w2vbert,7,1000
seamless_m4t+whisper_v3+fastconformer+xlsr+w2vbert+hubert+cohere,7,hubert,6,1000
seamless_m4t+whisper_v3+fastconformer+xlsr+w2vbert+hubert+cohere,7,wav2vec_sb,9,1000
seamless_m4t+whisper_v3+fastconformer+xlsr+w2vbert+hubert+cohere,7,cohere,1,1000
seamless_m4t+whisper_v3+fastconformer+xlsr+w2vbert+wav2vec_sb+cohere,7,seamless_m4t,5,1000
seamless_m4t+whisper_v3+fastconformer+xlsr+w2vbert+wav2vec_sb+cohere,7,whisper_v3,2,988
seamless_m4t+whisper_v3+fastconformer+xlsr+w2vbert+wav2vec_sb+cohere,7,whisper_v3,3,12
seamless_m4t+whisper_v3+fastconformer+xlsr+w2vbert+wav2vec_sb+cohere,7,whisper_v2,3,21
seamless_m4t+whisper_v3+fastconformer+xlsr+w2vbert+wav2vec_sb+cohere,7,whisper_v2,4,979
seamless_m4t+whisper_v3+fastconformer+xlsr+w2vbert+wav2vec_sb+cohere,7,fastconformer,2,12
seamless_m4t+whisper_v3+fastconformer+xlsr+w2vbert+wav2vec_sb+cohere,7,fastconformer,3,967
seamless_m4t+whisper_v3+fastconformer+xlsr+w2vbert+wav2vec_sb+cohere,7,fastconformer,4,21
seamless_m4t+whisper_v3+fastconformer+xlsr+w2vbert+wav2vec_sb+cohere,7,xlsr,8,1000
seamless_m4t+whisper_v3+fastconformer+xlsr+w2vbert+wav2vec_sb+cohere,7,w2vbert,7,1000
seamless_m4t+whisper_v3+fastconformer+xlsr+w2vbert+wav2vec_sb+cohere,7,hubert,6,1000
seamless_m4t+whisper_v3+fastconformer+xlsr+w2vbert+wav2vec_sb+cohere,7,wav2vec_sb,9,1000
seamless_m4t+whisper_v3+fastconformer+xlsr+w2vbert+wav2vec_sb+cohere,7,cohere,1,1000
seamless_m4t+whisper_v3+fastconformer+xlsr+hubert+wav2vec_sb+cohere,7,seamless_m4t,5,1000
seamless_m4t+whisper_v3+fastconformer+xlsr+hubert+wav2vec_sb+cohere,7,whisper_v3,2,938
seamless_m4t+whisper_v3+fastconformer+xlsr+hubert+wav2vec_sb+cohere,7,whisper_v3,3,62
seamless_m4t+whisper_v3+fastconformer+xlsr+hubert+wav2vec_sb+cohere,7,whisper_v2,4,1000
seamless_m4t+whisper_v3+fastconformer+xlsr+hubert+wav2vec_sb+cohere,7,fastconformer,2,62
seamless_m4t+whisper_v3+fastconformer+xlsr+hubert+wav2vec_sb+cohere,7,fastconformer,3,938
seamless_m4t+whisper_v3+fastconformer+xlsr+hubert+wav2vec_sb+cohere,7,xlsr,8,1000
seamless_m4t+whisper_v3+fastconformer+xlsr+hubert+wav2vec_sb+cohere,7,w2vbert,7,1000
seamless_m4t+whisper_v3+fastconformer+xlsr+hubert+wav2vec_sb+cohere,7,hubert,6,1000
seamless_m4t+whisper_v3+fastconformer+xlsr+hubert+wav2vec_sb+cohere,7,wav2vec_sb,9,1000
seamless_m4t+whisper_v3+fastconformer+xlsr+hubert+wav2vec_sb+cohere,7,cohere,1,1000
seamless_m4t+whisper_v3+fastconformer+w2vbert+hubert+wav2vec_sb+cohere,7,seamless_m4t,5,1000
seamless_m4t+whisper_v3+fastconformer+w2vbert+hubert+wav2vec_sb+cohere,7,whisper_v3,2,954
seamless_m4t+whisper_v3+fastconformer+w2vbert+hubert+wav2vec_sb+cohere,7,whisper_v3,3,46
seamless_m4t+whisper_v3+fastconformer+w2vbert+hubert+wav2vec_sb+cohere,7,whisper_v2,3,6
seamless_m4t+whisper_v3+fastconformer+w2vbert+hubert+wav2vec_sb+cohere,7,whisper_v2,4,994
seamless_m4t+whisper_v3+fastconformer+w2vbert+hubert+wav2vec_sb+cohere,7,fastconformer,2,46
seamless_m4t+whisper_v3+fastconformer+w2vbert+hubert+wav2vec_sb+cohere,7,fastconformer,3,948
seamless_m4t+whisper_v3+fastconformer+w2vbert+hubert+wav2vec_sb+cohere,7,fastconformer,4,6
seamless_m4t+whisper_v3+fastconformer+w2vbert+hubert+wav2vec_sb+cohere,7,xlsr,8,1000
seamless_m4t+whisper_v3+fastconformer+w2vbert+hubert+wav2vec_sb+cohere,7,w2vbert,7,1000
seamless_m4t+whisper_v3+fastconformer+w2vbert+hubert+wav2vec_sb+cohere,7,hubert,6,1000
seamless_m4t+whisper_v3+fastconformer+w2vbert+hubert+wav2vec_sb+cohere,7,wav2vec_sb,9,1000
seamless_m4t+whisper_v3+fastconformer+w2vbert+hubert+wav2vec_sb+cohere,7,cohere,1,1000
seamless_m4t+whisper_v3+xlsr+w2vbert+hubert+wav2vec_sb+cohere,7,seamless_m4t,5,1000
seamless_m4t+whisper_v3+xlsr+w2vbert+hubert+wav2vec_sb+cohere,7,whisper_v3,3,985
seamless_m4t+whisper_v3+xlsr+w2vbert+hubert+wav2vec_sb+cohere,7,whisper_v3,4,15
seamless_m4t+whisper_v3+xlsr+w2vbert+hubert+wav2vec_sb+cohere,7,whisper_v2,2,1000
seamless_m4t+whisper_v3+xlsr+w2vbert+hubert+wav2vec_sb+cohere,7,fastconformer,1,1000
seamless_m4t+whisper_v3+xlsr+w2vbert+hubert+wav2vec_sb+cohere,7,xlsr,8,1000
seamless_m4t+whisper_v3+xlsr+w2vbert+hubert+wav2vec_sb+cohere,7,w2vbert,7,1000
seamless_m4t+whisper_v3+xlsr+w2vbert+hubert+wav2vec_sb+cohere,7,hubert,6,1000
seamless_m4t+whisper_v3+xlsr+w2vbert+hubert+wav2vec_sb+cohere,7,wav2vec_sb,9,1000
seamless_m4t+whisper_v3+xlsr+w2vbert+hubert+wav2vec_sb+cohere,7,cohere,3,15
seamless_m4t+whisper_v3+xlsr+w2vbert+hubert+wav2vec_sb+cohere,7,cohere,4,985
seamless_m4t+whisper_v2+fastconformer+xlsr+w2vbert+hubert+wav2vec_sb,7,seamless_m4t,5,1000
seamless_m4t+whisper_v2+fastconformer+xlsr+w2vbert+hubert+wav2vec_sb,7,whisper_v3,1,917
seamless_m4t+whisper_v2+fastconformer+xlsr+w2vbert+hubert+wav2vec_sb,7,whisper_v3,2,83
seamless_m4t+whisper_v2+fastconformer+xlsr+w2vbert+hubert+wav2vec_sb,7,whisper_v2,4,1000
seamless_m4t+whisper_v2+fastconformer+xlsr+w2vbert+hubert+wav2vec_sb,7,fastconformer,3,1000
seamless_m4t+whisper_v2+fastconformer+xlsr+w2vbert+hubert+wav2vec_sb,7,xlsr,8,1000
seamless_m4t+whisper_v2+fastconformer+xlsr+w2vbert+hubert+wav2vec_sb,7,w2vbert,7,1000
seamless_m4t+whisper_v2+fastconformer+xlsr+w2vbert+hubert+wav2vec_sb,7,hubert,6,1000
seamless_m4t+whisper_v2+fastconformer+xlsr+w2vbert+hubert+wav2vec_sb,7,wav2vec_sb,9,1000
seamless_m4t+whisper_v2+fastconformer+xlsr+w2vbert+hubert+wav2vec_sb,7,cohere,1,83
seamless_m4t+whisper_v2+fastconformer+xlsr+w2vbert+hubert+wav2vec_sb,7,cohere,2,917
seamless_m4t+whisper_v2+fastconformer+xlsr+w2vbert+hubert+cohere,7,seamless_m4t,4,33
seamless_m4t+whisper_v2+fastconformer+xlsr+w2vbert+hubert+cohere,7,seamless_m4t,5,967
seamless_m4t+whisper_v2+fastconformer+xlsr+w2vbert+hubert+cohere,7,whisper_v3,1,1000
seamless_m4t+whisper_v2+fastconformer+xlsr+w2vbert+hubert+cohere,7,whisper_v2,4,967
seamless_m4t+whisper_v2+fastconformer+xlsr+w2vbert+hubert+cohere,7,whisper_v2,5,33
seamless_m4t+whisper_v2+fastconformer+xlsr+w2vbert+hubert+cohere,7,fastconformer,3,1000
seamless_m4t+whisper_v2+fastconformer+xlsr+w2vbert+hubert+cohere,7,xlsr,8,1000
seamless_m4t+whisper_v2+fastconformer+xlsr+w2vbert+hubert+cohere,7,w2vbert,7,1000
seamless_m4t+whisper_v2+fastconformer+xlsr+w2vbert+hubert+cohere,7,hubert,6,1000
seamless_m4t+whisper_v2+fastconformer+xlsr+w2vbert+hubert+cohere,7,wav2vec_sb,9,1000
seamless_m4t+whisper_v2+fastconformer+xlsr+w2vbert+hubert+cohere,7,cohere,2,1000
seamless_m4t+whisper_v2+fastconformer+xlsr+w2vbert+wav2vec_sb+cohere,7,seamless_m4t,4,116
seamless_m4t+whisper_v2+fastconformer+xlsr+w2vbert+wav2vec_sb+cohere,7,seamless_m4t,5,884
seamless_m4t+whisper_v2+fastconformer+xlsr+w2vbert+wav2vec_sb+cohere,7,whisper_v3,1,1000
seamless_m4t+whisper_v2+fastconformer+xlsr+w2vbert+wav2vec_sb+cohere,7,whisper_v2,4,884
seamless_m4t+whisper_v2+fastconformer+xlsr+w2vbert+wav2vec_sb+cohere,7,whisper_v2,5,116
seamless_m4t+whisper_v2+fastconformer+xlsr+w2vbert+wav2vec_sb+cohere,7,fastconformer,3,1000
seamless_m4t+whisper_v2+fastconformer+xlsr+w2vbert+wav2vec_sb+cohere,7,xlsr,8,1000
seamless_m4t+whisper_v2+fastconformer+xlsr+w2vbert+wav2vec_sb+cohere,7,w2vbert,7,1000
seamless_m4t+whisper_v2+fastconformer+xlsr+w2vbert+wav2vec_sb+cohere,7,hubert,6,1000
seamless_m4t+whisper_v2+fastconformer+xlsr+w2vbert+wav2vec_sb+cohere,7,wav2vec_sb,9,1000
seamless_m4t+whisper_v2+fastconformer+xlsr+w2vbert+wav2vec_sb+cohere,7,cohere,2,1000
seamless_m4t+whisper_v2+fastconformer+xlsr+hubert+wav2vec_sb+cohere,7,seamless_m4t,4,27
seamless_m4t+whisper_v2+fastconformer+xlsr+hubert+wav2vec_sb+cohere,7,seamless_m4t,5,973
seamless_m4t+whisper_v2+fastconformer+xlsr+hubert+wav2vec_sb+cohere,7,whisper_v3,1,1000
seamless_m4t+whisper_v2+fastconformer+xlsr+hubert+wav2vec_sb+cohere,7,whisper_v2,4,973
seamless_m4t+whisper_v2+fastconformer+xlsr+hubert+wav2vec_sb+cohere,7,whisper_v2,5,27
seamless_m4t+whisper_v2+fastconformer+xlsr+hubert+wav2vec_sb+cohere,7,fastconformer,3,1000
seamless_m4t+whisper_v2+fastconformer+xlsr+hubert+wav2vec_sb+cohere,7,xlsr,8,1000
seamless_m4t+whisper_v2+fastconformer+xlsr+hubert+wav2vec_sb+cohere,7,w2vbert,7,1000
seamless_m4t+whisper_v2+fastconformer+xlsr+hubert+wav2vec_sb+cohere,7,hubert,6,1000
seamless_m4t+whisper_v2+fastconformer+xlsr+hubert+wav2vec_sb+cohere,7,wav2vec_sb,9,1000
seamless_m4t+whisper_v2+fastconformer+xlsr+hubert+wav2vec_sb+cohere,7,cohere,2,1000
seamless_m4t+whisper_v2+fastconformer+w2vbert+hubert+wav2vec_sb+cohere,7,seamless_m4t,4,26
seamless_m4t+whisper_v2+fastconformer+w2vbert+hubert+wav2vec_sb+cohere,7,seamless_m4t,5,974
seamless_m4t+whisper_v2+fastconformer+w2vbert+hubert+wav2vec_sb+cohere,7,whisper_v3,1,1000
seamless_m4t+whisper_v2+fastconformer+w2vbert+hubert+wav2vec_sb+cohere,7,whisper_v2,4,974
seamless_m4t+whisper_v2+fastconformer+w2vbert+hubert+wav2vec_sb+cohere,7,whisper_v2,5,26
seamless_m4t+whisper_v2+fastconformer+w2vbert+hubert+wav2vec_sb+cohere,7,fastconformer,3,1000
seamless_m4t+whisper_v2+fastconformer+w2vbert+hubert+wav2vec_sb+cohere,7,xlsr,8,1000
seamless_m4t+whisper_v2+fastconformer+w2vbert+hubert+wav2vec_sb+cohere,7,w2vbert,7,1000
seamless_m4t+whisper_v2+fastconformer+w2vbert+hubert+wav2vec_sb+cohere,7,hubert,6,1000
seamless_m4t+whisper_v2+fastconformer+w2vbert+hubert+wav2vec_sb+cohere,7,wav2vec_sb,9,1000
seamless_m4t+whisper_v2+fastconformer+w2vbert+hubert+wav2vec_sb+cohere,7,cohere,2,1000
seamless_m4t+whisper_v2+xlsr+w2vbert+hubert+wav2vec_sb+cohere,7,seamless_m4t,5,1000
seamless_m4t+whisper_v2+xlsr+w2vbert+hubert+wav2vec_sb+cohere,7,whisper_v3,1,1000
seamless_m4t+whisper_v2+xlsr+w2vbert+hubert+wav2vec_sb+cohere,7,whisper_v2,4,1000
seamless_m4t+whisper_v2+xlsr+w2vbert+hubert+wav2vec_sb+cohere,7,fastconformer,2,1000
seamless_m4t+whisper_v2+xlsr+w2vbert+hubert+wav2vec_sb+cohere,7,xlsr,8,1000
seamless_m4t+whisper_v2+xlsr+w2vbert+hubert+wav2vec_sb+cohere,7,w2vbert,7,1000
seamless_m4t+whisper_v2+xlsr+w2vbert+hubert+wav2vec_sb+cohere,7,hubert,6,1000
seamless_m4t+whisper_v2+xlsr+w2vbert+hubert+wav2vec_sb+cohere,7,wav2vec_sb,9,1000
seamless_m4t+whisper_v2+xlsr+w2vbert+hubert+wav2vec_sb+cohere,7,cohere,3,1000
seamless_m4t+fastconformer+xlsr+w2vbert+hubert+wav2vec_sb+cohere,7,seamless_m4t,5,1000
seamless_m4t+fastconformer+xlsr+w2vbert+hubert+wav2vec_sb+cohere,7,whisper_v3,1,1000
seamless_m4t+fastconformer+xlsr+w2vbert+hubert+wav2vec_sb+cohere,7,whisper_v2,2,997
seamless_m4t+fastconformer+xlsr+w2vbert+hubert+wav2vec_sb+cohere,7,whisper_v2,3,3
seamless_m4t+fastconformer+xlsr+w2vbert+hubert+wav2vec_sb+cohere,7,fastconformer,2,3
seamless_m4t+fastconformer+xlsr+w2vbert+hubert+wav2vec_sb+cohere,7,fastconformer,3,770
seamless_m4t+fastconformer+xlsr+w2vbert+hubert+wav2vec_sb+cohere,7,fastconformer,4,227
seamless_m4t+fastconformer+xlsr+w2vbert+hubert+wav2vec_sb+cohere,7,xlsr,8,1000
seamless_m4t+fastconformer+xlsr+w2vbert+hubert+wav2vec_sb+cohere,7,w2vbert,7,1000
seamless_m4t+fastconformer+xlsr+w2vbert+hubert+wav2vec_sb+cohere,7,hubert,6,1000
seamless_m4t+fastconformer+xlsr+w2vbert+hubert+wav2vec_sb+cohere,7,wav2vec_sb,9,1000
seamless_m4t+fastconformer+xlsr+w2vbert+hubert+wav2vec_sb+cohere,7,cohere,3,227
seamless_m4t+fastconformer+xlsr+w2vbert+hubert+wav2vec_sb+cohere,7,cohere,4,773
whisper_v3+whisper_v2+fastconformer+xlsr+w2vbert+hubert+wav2vec_sb,7,seamless_m4t,3,26
whisper_v3+whisper_v2+fastconformer+xlsr+w2vbert+hubert+wav2vec_sb,7,seamless_m4t,4,304
whisper_v3+whisper_v2+fastconformer+xlsr+w2vbert+hubert+wav2vec_sb,7,seamless_m4t,5,670
whisper_v3+whisper_v2+fastconformer+xlsr+w2vbert+hubert+wav2vec_sb,7,whisper_v3,2,1000
whisper_v3+whisper_v2+fastconformer+xlsr+w2vbert+hubert+wav2vec_sb,7,whisper_v2,3,974
whisper_v3+whisper_v2+fastconformer+xlsr+w2vbert+hubert+wav2vec_sb,7,whisper_v2,4,26
whisper_v3+whisper_v2+fastconformer+xlsr+w2vbert+hubert+wav2vec_sb,7,fastconformer,4,670
whisper_v3+whisper_v2+fastconformer+xlsr+w2vbert+hubert+wav2vec_sb,7,fastconformer,5,330
whisper_v3+whisper_v2+fastconformer+xlsr+w2vbert+hubert+wav2vec_sb,7,xlsr,8,1000
whisper_v3+whisper_v2+fastconformer+xlsr+w2vbert+hubert+wav2vec_sb,7,w2vbert,7,1000
whisper_v3+whisper_v2+fastconformer+xlsr+w2vbert+hubert+wav2vec_sb,7,hubert,6,1000
whisper_v3+whisper_v2+fastconformer+xlsr+w2vbert+hubert+wav2vec_sb,7,wav2vec_sb,9,1000
whisper_v3+whisper_v2+fastconformer+xlsr+w2vbert+hubert+wav2vec_sb,7,cohere,1,1000
whisper_v3+whisper_v2+fastconformer+xlsr+w2vbert+hubert+cohere,7,seamless_m4t,4,2
whisper_v3+whisper_v2+fastconformer+xlsr+w2vbert+hubert+cohere,7,seamless_m4t,5,998
whisper_v3+whisper_v2+fastconformer+xlsr+w2vbert+hubert+cohere,7,whisper_v3,1,1000
whisper_v3+whisper_v2+fastconformer+xlsr+w2vbert+hubert+cohere,7,whisper_v2,2,12
whisper_v3+whisper_v2+fastconformer+xlsr+w2vbert+hubert+cohere,7,whisper_v2,3,865
whisper_v3+whisper_v2+fastconformer+xlsr+w2vbert+hubert+cohere,7,whisper_v2,4,123
whisper_v3+whisper_v2+fastconformer+xlsr+w2vbert+hubert+cohere,7,fastconformer,3,123
whisper_v3+whisper_v2+fastconformer+xlsr+w2vbert+hubert+cohere,7,fastconformer,4,875
whisper_v3+whisper_v2+fastconformer+xlsr+w2vbert+hubert+cohere,7,fastconformer,5,2
whisper_v3+whisper_v2+fastconformer+xlsr+w2vbert+hubert+cohere,7,xlsr,8,1000
whisper_v3+whisper_v2+fastconformer+xlsr+w2vbert+hubert+cohere,7,w2vbert,7,1000
whisper_v3+whisper_v2+fastconformer+xlsr+w2vbert+hubert+cohere,7,hubert,6,1000
whisper_v3+whisper_v2+fastconformer+xlsr+w2vbert+hubert+cohere,7,wav2vec_sb,9,1000
whisper_v3+whisper_v2+fastconformer+xlsr+w2vbert+hubert+cohere,7,cohere,2,988
whisper_v3+whisper_v2+fastconformer+xlsr+w2vbert+hubert+cohere,7,cohere,3,12
whisper_v3+whisper_v2+fastconformer+xlsr+w2vbert+wav2vec_sb+cohere,7,seamless_m4t,3,1
whisper_v3+whisper_v2+fastconformer+xlsr+w2vbert+wav2vec_sb+cohere,7,seamless_m4t,4,7
whisper_v3+whisper_v2+fastconformer+xlsr+w2vbert+wav2vec_sb+cohere,7,seamless_m4t,5,992
whisper_v3+whisper_v2+fastconformer+xlsr+w2vbert+wav2vec_sb+cohere,7,whisper_v3,1,1000
whisper_v3+whisper_v2+fastconformer+xlsr+w2vbert+wav2vec_sb+cohere,7,whisper_v2,3,975
whisper_v3+whisper_v2+fastconformer+xlsr+w2vbert+wav2vec_sb+cohere,7,whisper_v2,4,25
whisper_v3+whisper_v2+fastconformer+xlsr+w2vbert+wav2vec_sb+cohere,7,fastconformer,3,24
whisper_v3+whisper_v2+fastconformer+xlsr+w2vbert+wav2vec_sb+cohere,7,fastconformer,4,968
whisper_v3+whisper_v2+fastconformer+xlsr+w2vbert+wav2vec_sb+cohere,7,fastconformer,5,8
whisper_v3+whisper_v2+fastconformer+xlsr+w2vbert+wav2vec_sb+cohere,7,xlsr,8,1000
whisper_v3+whisper_v2+fastconformer+xlsr+w2vbert+wav2vec_sb+cohere,7,w2vbert,7,1000
whisper_v3+whisper_v2+fastconformer+xlsr+w2vbert+wav2vec_sb+cohere,7,hubert,6,1000
whisper_v3+whisper_v2+fastconformer+xlsr+w2vbert+wav2vec_sb+cohere,7,wav2vec_sb,9,1000
whisper_v3+whisper_v2+fastconformer+xlsr+w2vbert+wav2vec_sb+cohere,7,cohere,2,1000
whisper_v3+whisper_v2+fastconformer+xlsr+hubert+wav2vec_sb+cohere,7,seamless_m4t,3,1
whisper_v3+whisper_v2+fastconformer+xlsr+hubert+wav2vec_sb+cohere,7,seamless_m4t,4,1
whisper_v3+whisper_v2+fastconformer+xlsr+hubert+wav2vec_sb+cohere,7,seamless_m4t,5,998
whisper_v3+whisper_v2+fastconformer+xlsr+hubert+wav2vec_sb+cohere,7,whisper_v3,1,1000
whisper_v3+whisper_v2+fastconformer+xlsr+hubert+wav2vec_sb+cohere,7,whisper_v2,2,24
whisper_v3+whisper_v2+fastconformer+xlsr+hubert+wav2vec_sb+cohere,7,whisper_v2,3,882
whisper_v3+whisper_v2+fastconformer+xlsr+hubert+wav2vec_sb+cohere,7,whisper_v2,4,94
whisper_v3+whisper_v2+fastconformer+xlsr+hubert+wav2vec_sb+cohere,7,fastconformer,3,93
whisper_v3+whisper_v2+fastconformer+xlsr+hubert+wav2vec_sb+cohere,7,fastconformer,4,905
whisper_v3+whisper_v2+fastconformer+xlsr+hubert+wav2vec_sb+cohere,7,fastconformer,5,2
whisper_v3+whisper_v2+fastconformer+xlsr+hubert+wav2vec_sb+cohere,7,xlsr,8,1000
whisper_v3+whisper_v2+fastconformer+xlsr+hubert+wav2vec_sb+cohere,7,w2vbert,7,1000
whisper_v3+whisper_v2+fastconformer+xlsr+hubert+wav2vec_sb+cohere,7,hubert,6,1000
whisper_v3+whisper_v2+fastconformer+xlsr+hubert+wav2vec_sb+cohere,7,wav2vec_sb,9,1000
whisper_v3+whisper_v2+fastconformer+xlsr+hubert+wav2vec_sb+cohere,7,cohere,2,976
whisper_v3+whisper_v2+fastconformer+xlsr+hubert+wav2vec_sb+cohere,7,cohere,3,24
whisper_v3+whisper_v2+fastconformer+w2vbert+hubert+wav2vec_sb+cohere,7,seamless_m4t,5,1000
whisper_v3+whisper_v2+fastconformer+w2vbert+hubert+wav2vec_sb+cohere,7,whisper_v3,1,1000
whisper_v3+whisper_v2+fastconformer+w2vbert+hubert+wav2vec_sb+cohere,7,whisper_v2,2,3
whisper_v3+whisper_v2+fastconformer+w2vbert+hubert+wav2vec_sb+cohere,7,whisper_v2,3,850
whisper_v3+whisper_v2+fastconformer+w2vbert+hubert+wav2vec_sb+cohere,7,whisper_v2,4,147
whisper_v3+whisper_v2+fastconformer+w2vbert+hubert+wav2vec_sb+cohere,7,fastconformer,3,147
whisper_v3+whisper_v2+fastconformer+w2vbert+hubert+wav2vec_sb+cohere,7,fastconformer,4,853
whisper_v3+whisper_v2+fastconformer+w2vbert+hubert+wav2vec_sb+cohere,7,xlsr,8,1000
whisper_v3+whisper_v2+fastconformer+w2vbert+hubert+wav2vec_sb+cohere,7,w2vbert,7,1000
whisper_v3+whisper_v2+fastconformer+w2vbert+hubert+wav2vec_sb+cohere,7,hubert,6,1000
whisper_v3+whisper_v2+fastconformer+w2vbert+hubert+wav2vec_sb+cohere,7,wav2vec_sb,9,1000
whisper_v3+whisper_v2+fastconformer+w2vbert+hubert+wav2vec_sb+cohere,7,cohere,2,997
whisper_v3+whisper_v2+fastconformer+w2vbert+hubert+wav2vec_sb+cohere,7,cohere,3,3
whisper_v3+whisper_v2+xlsr+w2vbert+hubert+wav2vec_sb+cohere,7,seamless_m4t,3,1
whisper_v3+whisper_v2+xlsr+w2vbert+hubert+wav2vec_sb+cohere,7,seamless_m4t,4,420
whisper_v3+whisper_v2+xlsr+w2vbert+hubert+wav2vec_sb+cohere,7,seamless_m4t,5,579
whisper_v3+whisper_v2+xlsr+w2vbert+hubert+wav2vec_sb+cohere,7,whisper_v3,1,809
whisper_v3+whisper_v2+xlsr+w2vbert+hubert+wav2vec_sb+cohere,7,whisper_v3,2,191
whisper_v3+whisper_v2+xlsr+w2vbert+hubert+wav2vec_sb+cohere,7,whisper_v2,3,999
whisper_v3+whisper_v2+xlsr+w2vbert+hubert+wav2vec_sb+cohere,7,whisper_v2,4,1
whisper_v3+whisper_v2+xlsr+w2vbert+hubert+wav2vec_sb+cohere,7,fastconformer,1,191
whisper_v3+whisper_v2+xlsr+w2vbert+hubert+wav2vec_sb+cohere,7,fastconformer,2,809
whisper_v3+whisper_v2+xlsr+w2vbert+hubert+wav2vec_sb+cohere,7,xlsr,8,1000
whisper_v3+whisper_v2+xlsr+w2vbert+hubert+wav2vec_sb+cohere,7,w2vbert,7,1000
whisper_v3+whisper_v2+xlsr+w2vbert+hubert+wav2vec_sb+cohere,7,hubert,6,1000
whisper_v3+whisper_v2+xlsr+w2vbert+hubert+wav2vec_sb+cohere,7,wav2vec_sb,9,1000
whisper_v3+whisper_v2+xlsr+w2vbert+hubert+wav2vec_sb+cohere,7,cohere,4,579
whisper_v3+whisper_v2+xlsr+w2vbert+hubert+wav2vec_sb+cohere,7,cohere,5,421
whisper_v3+fastconformer+xlsr+w2vbert+hubert+wav2vec_sb+cohere,7,seamless_m4t,2,198
whisper_v3+fastconformer+xlsr+w2vbert+hubert+wav2vec_sb+cohere,7,seamless_m4t,3,143
whisper_v3+fastconformer+xlsr+w2vbert+hubert+wav2vec_sb+cohere,7,seamless_m4t,4,407
whisper_v3+fastconformer+xlsr+w2vbert+hubert+wav2vec_sb+cohere,7,seamless_m4t,5,252
whisper_v3+fastconformer+xlsr+w2vbert+hubert+wav2vec_sb+cohere,7,whisper_v3,2,728
whisper_v3+fastconformer+xlsr+w2vbert+hubert+wav2vec_sb+cohere,7,whisper_v3,3,241
whisper_v3+fastconformer+xlsr+w2vbert+hubert+wav2vec_sb+cohere,7,whisper_v3,4,31
whisper_v3+fastconformer+xlsr+w2vbert+hubert+wav2vec_sb+cohere,7,whisper_v2,1,1000
whisper_v3+fastconformer+xlsr+w2vbert+hubert+wav2vec_sb+cohere,7,fastconformer,2,74
whisper_v3+fastconformer+xlsr+w2vbert+hubert+wav2vec_sb+cohere,7,fastconformer,3,615
whisper_v3+fastconformer+xlsr+w2vbert+hubert+wav2vec_sb+cohere,7,fastconformer,4,311
whisper_v3+fastconformer+xlsr+w2vbert+hubert+wav2vec_sb+cohere,7,xlsr,8,1000
whisper_v3+fastconformer+xlsr+w2vbert+hubert+wav2vec_sb+cohere,7,w2vbert,7,1000
whisper_v3+fastconformer+xlsr+w2vbert+hubert+wav2vec_sb+cohere,7,hubert,6,1000
whisper_v3+fastconformer+xlsr+w2vbert+hubert+wav2vec_sb+cohere,7,wav2vec_sb,9,1000
whisper_v3+fastconformer+xlsr+w2vbert+hubert+wav2vec_sb+cohere,7,cohere,3,1
whisper_v3+fastconformer+xlsr+w2vbert+hubert+wav2vec_sb+cohere,7,cohere,4,251
whisper_v3+fastconformer+xlsr+w2vbert+hubert+wav2vec_sb+cohere,7,cohere,5,748
whisper_v2+fastconformer+xlsr+w2vbert+hubert+wav2vec_sb+cohere,7,seamless_m4t,2,791
whisper_v2+fastconformer+xlsr+w2vbert+hubert+wav2vec_sb+cohere,7,seamless_m4t,3,182
whisper_v2+fastconformer+xlsr+w2vbert+hubert+wav2vec_sb+cohere,7,seamless_m4t,4,27
whisper_v2+fastconformer+xlsr+w2vbert+hubert+wav2vec_sb+cohere,7,whisper_v3,1,1000
whisper_v2+fastconformer+xlsr+w2vbert+hubert+wav2vec_sb+cohere,7,whisper_v2,5,1000
whisper_v2+fastconformer+xlsr+w2vbert+hubert+wav2vec_sb+cohere,7,fastconformer,2,209
whisper_v2+fastconformer+xlsr+w2vbert+hubert+wav2vec_sb+cohere,7,fastconformer,3,789
whisper_v2+fastconformer+xlsr+w2vbert+hubert+wav2vec_sb+cohere,7,fastconformer,4,2
whisper_v2+fastconformer+xlsr+w2vbert+hubert+wav2vec_sb+cohere,7,xlsr,8,1000
whisper_v2+fastconformer+xlsr+w2vbert+hubert+wav2vec_sb+cohere,7,w2vbert,7,1000
whisper_v2+fastconformer+xlsr+w2vbert+hubert+wav2vec_sb+cohere,7,hubert,6,1000
whisper_v2+fastconformer+xlsr+w2vbert+hubert+wav2vec_sb+cohere,7,wav2vec_sb,9,1000
whisper_v2+fastconformer+xlsr+w2vbert+hubert+wav2vec_sb+cohere,7,cohere,3,29
whisper_v2+fastconformer+xlsr+w2vbert+hubert+wav2vec_sb+cohere,7,cohere,4,971
seamless_m4t+whisper_v3+whisper_v2+fastconformer+xlsr+w2vbert+hubert+wav2vec_sb,8,seamless_m4t,5,1000
seamless_m4t+whisper_v3+whisper_v2+fastconformer+xlsr+w2vbert+hubert+wav2vec_sb,8,whisper_v3,2,1000
seamless_m4t+whisper_v3+whisper_v2+fastconformer+xlsr+w2vbert+hubert+wav2vec_sb,8,whisper_v2,3,999
seamless_m4t+whisper_v3+whisper_v2+fastconformer+xlsr+w2vbert+hubert+wav2vec_sb,8,whisper_v2,4,1
seamless_m4t+whisper_v3+whisper_v2+fastconformer+xlsr+w2vbert+hubert+wav2vec_sb,8,fastconformer,3,1
seamless_m4t+whisper_v3+whisper_v2+fastconformer+xlsr+w2vbert+hubert+wav2vec_sb,8,fastconformer,4,999
seamless_m4t+whisper_v3+whisper_v2+fastconformer+xlsr+w2vbert+hubert+wav2vec_sb,8,xlsr,8,1000
seamless_m4t+whisper_v3+whisper_v2+fastconformer+xlsr+w2vbert+hubert+wav2vec_sb,8,w2vbert,7,1000
seamless_m4t+whisper_v3+whisper_v2+fastconformer+xlsr+w2vbert+hubert+wav2vec_sb,8,hubert,6,1000
seamless_m4t+whisper_v3+whisper_v2+fastconformer+xlsr+w2vbert+hubert+wav2vec_sb,8,wav2vec_sb,9,1000
seamless_m4t+whisper_v3+whisper_v2+fastconformer+xlsr+w2vbert+hubert+wav2vec_sb,8,cohere,1,1000
seamless_m4t+whisper_v3+whisper_v2+fastconformer+xlsr+w2vbert+hubert+cohere,8,seamless_m4t,5,1000
seamless_m4t+whisper_v3+whisper_v2+fastconformer+xlsr+w2vbert+hubert+cohere,8,whisper_v3,1,992
seamless_m4t+whisper_v3+whisper_v2+fastconformer+xlsr+w2vbert+hubert+cohere,8,whisper_v3,2,8
seamless_m4t+whisper_v3+whisper_v2+fastconformer+xlsr+w2vbert+hubert+cohere,8,whisper_v2,3,14
seamless_m4t+whisper_v3+whisper_v2+fastconformer+xlsr+w2vbert+hubert+cohere,8,whisper_v2,4,986
seamless_m4t+whisper_v3+whisper_v2+fastconformer+xlsr+w2vbert+hubert+cohere,8,fastconformer,3,986
seamless_m4t+whisper_v3+whisper_v2+fastconformer+xlsr+w2vbert+hubert+cohere,8,fastconformer,4,14
seamless_m4t+whisper_v3+whisper_v2+fastconformer+xlsr+w2vbert+hubert+cohere,8,xlsr,8,1000
seamless_m4t+whisper_v3+whisper_v2+fastconformer+xlsr+w2vbert+hubert+cohere,8,w2vbert,7,1000
seamless_m4t+whisper_v3+whisper_v2+fastconformer+xlsr+w2vbert+hubert+cohere,8,hubert,6,1000
seamless_m4t+whisper_v3+whisper_v2+fastconformer+xlsr+w2vbert+hubert+cohere,8,wav2vec_sb,9,1000
seamless_m4t+whisper_v3+whisper_v2+fastconformer+xlsr+w2vbert+hubert+cohere,8,cohere,1,8
seamless_m4t+whisper_v3+whisper_v2+fastconformer+xlsr+w2vbert+hubert+cohere,8,cohere,2,992
seamless_m4t+whisper_v3+whisper_v2+fastconformer+xlsr+w2vbert+wav2vec_sb+cohere,8,seamless_m4t,5,1000
seamless_m4t+whisper_v3+whisper_v2+fastconformer+xlsr+w2vbert+wav2vec_sb+cohere,8,whisper_v3,1,939
seamless_m4t+whisper_v3+whisper_v2+fastconformer+xlsr+w2vbert+wav2vec_sb+cohere,8,whisper_v3,2,61
seamless_m4t+whisper_v3+whisper_v2+fastconformer+xlsr+w2vbert+wav2vec_sb+cohere,8,whisper_v2,3,3
seamless_m4t+whisper_v3+whisper_v2+fastconformer+xlsr+w2vbert+wav2vec_sb+cohere,8,whisper_v2,4,997
seamless_m4t+whisper_v3+whisper_v2+fastconformer+xlsr+w2vbert+wav2vec_sb+cohere,8,fastconformer,3,997
seamless_m4t+whisper_v3+whisper_v2+fastconformer+xlsr+w2vbert+wav2vec_sb+cohere,8,fastconformer,4,3
seamless_m4t+whisper_v3+whisper_v2+fastconformer+xlsr+w2vbert+wav2vec_sb+cohere,8,xlsr,8,1000
seamless_m4t+whisper_v3+whisper_v2+fastconformer+xlsr+w2vbert+wav2vec_sb+cohere,8,w2vbert,7,1000
seamless_m4t+whisper_v3+whisper_v2+fastconformer+xlsr+w2vbert+wav2vec_sb+cohere,8,hubert,6,1000
seamless_m4t+whisper_v3+whisper_v2+fastconformer+xlsr+w2vbert+wav2vec_sb+cohere,8,wav2vec_sb,9,1000
seamless_m4t+whisper_v3+whisper_v2+fastconformer+xlsr+w2vbert+wav2vec_sb+cohere,8,cohere,1,61
seamless_m4t+whisper_v3+whisper_v2+fastconformer+xlsr+w2vbert+wav2vec_sb+cohere,8,cohere,2,939
seamless_m4t+whisper_v3+whisper_v2+fastconformer+xlsr+hubert+wav2vec_sb+cohere,8,seamless_m4t,5,1000
seamless_m4t+whisper_v3+whisper_v2+fastconformer+xlsr+hubert+wav2vec_sb+cohere,8,whisper_v3,1,989
seamless_m4t+whisper_v3+whisper_v2+fastconformer+xlsr+hubert+wav2vec_sb+cohere,8,whisper_v3,2,11
seamless_m4t+whisper_v3+whisper_v2+fastconformer+xlsr+hubert+wav2vec_sb+cohere,8,whisper_v2,3,5
seamless_m4t+whisper_v3+whisper_v2+fastconformer+xlsr+hubert+wav2vec_sb+cohere,8,whisper_v2,4,995
seamless_m4t+whisper_v3+whisper_v2+fastconformer+xlsr+hubert+wav2vec_sb+cohere,8,fastconformer,3,995
seamless_m4t+whisper_v3+whisper_v2+fastconformer+xlsr+hubert+wav2vec_sb+cohere,8,fastconformer,4,5
seamless_m4t+whisper_v3+whisper_v2+fastconformer+xlsr+hubert+wav2vec_sb+cohere,8,xlsr,8,1000
seamless_m4t+whisper_v3+whisper_v2+fastconformer+xlsr+hubert+wav2vec_sb+cohere,8,w2vbert,7,1000
seamless_m4t+whisper_v3+whisper_v2+fastconformer+xlsr+hubert+wav2vec_sb+cohere,8,hubert,6,1000
seamless_m4t+whisper_v3+whisper_v2+fastconformer+xlsr+hubert+wav2vec_sb+cohere,8,wav2vec_sb,9,1000
seamless_m4t+whisper_v3+whisper_v2+fastconformer+xlsr+hubert+wav2vec_sb+cohere,8,cohere,1,11
seamless_m4t+whisper_v3+whisper_v2+fastconformer+xlsr+hubert+wav2vec_sb+cohere,8,cohere,2,989
seamless_m4t+whisper_v3+whisper_v2+fastconformer+w2vbert+hubert+wav2vec_sb+cohere,8,seamless_m4t,5,1000
seamless_m4t+whisper_v3+whisper_v2+fastconformer+w2vbert+hubert+wav2vec_sb+cohere,8,whisper_v3,1,986
seamless_m4t+whisper_v3+whisper_v2+fastconformer+w2vbert+hubert+wav2vec_sb+cohere,8,whisper_v3,2,14
seamless_m4t+whisper_v3+whisper_v2+fastconformer+w2vbert+hubert+wav2vec_sb+cohere,8,whisper_v2,3,11
seamless_m4t+whisper_v3+whisper_v2+fastconformer+w2vbert+hubert+wav2vec_sb+cohere,8,whisper_v2,4,989
seamless_m4t+whisper_v3+whisper_v2+fastconformer+w2vbert+hubert+wav2vec_sb+cohere,8,fastconformer,3,989
seamless_m4t+whisper_v3+whisper_v2+fastconformer+w2vbert+hubert+wav2vec_sb+cohere,8,fastconformer,4,11
seamless_m4t+whisper_v3+whisper_v2+fastconformer+w2vbert+hubert+wav2vec_sb+cohere,8,xlsr,8,1000
seamless_m4t+whisper_v3+whisper_v2+fastconformer+w2vbert+hubert+wav2vec_sb+cohere,8,w2vbert,7,1000
seamless_m4t+whisper_v3+whisper_v2+fastconformer+w2vbert+hubert+wav2vec_sb+cohere,8,hubert,6,1000
seamless_m4t+whisper_v3+whisper_v2+fastconformer+w2vbert+hubert+wav2vec_sb+cohere,8,wav2vec_sb,9,1000
seamless_m4t+whisper_v3+whisper_v2+fastconformer+w2vbert+hubert+wav2vec_sb+cohere,8,cohere,1,14
seamless_m4t+whisper_v3+whisper_v2+fastconformer+w2vbert+hubert+wav2vec_sb+cohere,8,cohere,2,986
seamless_m4t+whisper_v3+whisper_v2+xlsr+w2vbert+hubert+wav2vec_sb+cohere,8,seamless_m4t,5,1000
seamless_m4t+whisper_v3+whisper_v2+xlsr+w2vbert+hubert+wav2vec_sb+cohere,8,whisper_v3,1,1000
seamless_m4t+whisper_v3+whisper_v2+xlsr+w2vbert+hubert+wav2vec_sb+cohere,8,whisper_v2,3,32
seamless_m4t+whisper_v3+whisper_v2+xlsr+w2vbert+hubert+wav2vec_sb+cohere,8,whisper_v2,4,968
seamless_m4t+whisper_v3+whisper_v2+xlsr+w2vbert+hubert+wav2vec_sb+cohere,8,fastconformer,2,922
seamless_m4t+whisper_v3+whisper_v2+xlsr+w2vbert+hubert+wav2vec_sb+cohere,8,fastconformer,3,78
seamless_m4t+whisper_v3+whisper_v2+xlsr+w2vbert+hubert+wav2vec_sb+cohere,8,xlsr,8,1000
seamless_m4t+whisper_v3+whisper_v2+xlsr+w2vbert+hubert+wav2vec_sb+cohere,8,w2vbert,7,1000
seamless_m4t+whisper_v3+whisper_v2+xlsr+w2vbert+hubert+wav2vec_sb+cohere,8,hubert,6,1000
seamless_m4t+whisper_v3+whisper_v2+xlsr+w2vbert+hubert+wav2vec_sb+cohere,8,wav2vec_sb,9,1000
seamless_m4t+whisper_v3+whisper_v2+xlsr+w2vbert+hubert+wav2vec_sb+cohere,8,cohere,2,78
seamless_m4t+whisper_v3+whisper_v2+xlsr+w2vbert+hubert+wav2vec_sb+cohere,8,cohere,3,890
seamless_m4t+whisper_v3+whisper_v2+xlsr+w2vbert+hubert+wav2vec_sb+cohere,8,cohere,4,32
seamless_m4t+whisper_v3+fastconformer+xlsr+w2vbert+hubert+wav2vec_sb+cohere,8,seamless_m4t,5,1000
seamless_m4t+whisper_v3+fastconformer+xlsr+w2vbert+hubert+wav2vec_sb+cohere,8,whisper_v3,1,1
seamless_m4t+whisper_v3+fastconformer+xlsr+w2vbert+hubert+wav2vec_sb+cohere,8,whisper_v3,2,941
seamless_m4t+whisper_v3+fastconformer+xlsr+w2vbert+hubert+wav2vec_sb+cohere,8,whisper_v3,3,58
seamless_m4t+whisper_v3+fastconformer+xlsr+w2vbert+hubert+wav2vec_sb+cohere,8,whisper_v2,3,10
seamless_m4t+whisper_v3+fastconformer+xlsr+w2vbert+hubert+wav2vec_sb+cohere,8,whisper_v2,4,990
seamless_m4t+whisper_v3+fastconformer+xlsr+w2vbert+hubert+wav2vec_sb+cohere,8,fastconformer,2,58
seamless_m4t+whisper_v3+fastconformer+xlsr+w2vbert+hubert+wav2vec_sb+cohere,8,fastconformer,3,932
seamless_m4t+whisper_v3+fastconformer+xlsr+w2vbert+hubert+wav2vec_sb+cohere,8,fastconformer,4,10
seamless_m4t+whisper_v3+fastconformer+xlsr+w2vbert+hubert+wav2vec_sb+cohere,8,xlsr,8,1000
seamless_m4t+whisper_v3+fastconformer+xlsr+w2vbert+hubert+wav2vec_sb+cohere,8,w2vbert,7,1000
seamless_m4t+whisper_v3+fastconformer+xlsr+w2vbert+hubert+wav2vec_sb+cohere,8,hubert,6,1000
seamless_m4t+whisper_v3+fastconformer+xlsr+w2vbert+hubert+wav2vec_sb+cohere,8,wav2vec_sb,9,1000
seamless_m4t+whisper_v3+fastconformer+xlsr+w2vbert+hubert+wav2vec_sb+cohere,8,cohere,1,999
seamless_m4t+whisper_v3+fastconformer+xlsr+w2vbert+hubert+wav2vec_sb+cohere,8,cohere,2,1
seamless_m4t+whisper_v2+fastconformer+xlsr+w2vbert+hubert+wav2vec_sb+cohere,8,seamless_m4t,4,11
seamless_m4t+whisper_v2+fastconformer+xlsr+w2vbert+hubert+wav2vec_sb+cohere,8,seamless_m4t,5,989
seamless_m4t+whisper_v2+fastconformer+xlsr+w2vbert+hubert+wav2vec_sb+cohere,8,whisper_v3,1,1000
seamless_m4t+whisper_v2+fastconformer+xlsr+w2vbert+hubert+wav2vec_sb+cohere,8,whisper_v2,4,989
seamless_m4t+whisper_v2+fastconformer+xlsr+w2vbert+hubert+wav2vec_sb+cohere,8,whisper_v2,5,11
seamless_m4t+whisper_v2+fastconformer+xlsr+w2vbert+hubert+wav2vec_sb+cohere,8,fastconformer,3,1000
seamless_m4t+whisper_v2+fastconformer+xlsr+w2vbert+hubert+wav2vec_sb+cohere,8,xlsr,8,1000
seamless_m4t+whisper_v2+fastconformer+xlsr+w2vbert+hubert+wav2vec_sb+cohere,8,w2vbert,7,1000
seamless_m4t+whisper_v2+fastconformer+xlsr+w2vbert+hubert+wav2vec_sb+cohere,8,hubert,6,1000
seamless_m4t+whisper_v2+fastconformer+xlsr+w2vbert+hubert+wav2vec_sb+cohere,8,wav2vec_sb,9,1000
seamless_m4t+whisper_v2+fastconformer+xlsr+w2vbert+hubert+wav2vec_sb+cohere,8,cohere,2,1000
whisper_v3+whisper_v2+fastconformer+xlsr+w2vbert+hubert+wav2vec_sb+cohere,8,seamless_m4t,5,1000
whisper_v3+whisper_v2+fastconformer+xlsr+w2vbert+hubert+wav2vec_sb+cohere,8,whisper_v3,1,1000
whisper_v3+whisper_v2+fastconformer+xlsr+w2vbert+hubert+wav2vec_sb+cohere,8,whisper_v2,2,20
whisper_v3+whisper_v2+fastconformer+xlsr+w2vbert+hubert+wav2vec_sb+cohere,8,whisper_v2,3,887
whisper_v3+whisper_v2+fastconformer+xlsr+w2vbert+hubert+wav2vec_sb+cohere,8,whisper_v2,4,93
whisper_v3+whisper_v2+fastconformer+xlsr+w2vbert+hubert+wav2vec_sb+cohere,8,fastconformer,3,93
whisper_v3+whisper_v2+fastconformer+xlsr+w2vbert+hubert+wav2vec_sb+cohere,8,fastconformer,4,907
whisper_v3+whisper_v2+fastconformer+xlsr+w2vbert+hubert+wav2vec_sb+cohere,8,xlsr,8,1000
whisper_v3+whisper_v2+fastconformer+xlsr+w2vbert+hubert+wav2vec_sb+cohere,8,w2vbert,7,1000
whisper_v3+whisper_v2+fastconformer+xlsr+w2vbert+hubert+wav2vec_sb+cohere,8,hubert,6,1000
whisper_v3+whisper_v2+fastconformer+xlsr+w2vbert+hubert+wav2vec_sb+cohere,8,wav2vec_sb,9,1000
whisper_v3+whisper_v2+fastconformer+xlsr+w2vbert+hubert+wav2vec_sb+cohere,8,cohere,2,980
whisper_v3+whisper_v2+fastconformer+xlsr+w2vbert+hubert+wav2vec_sb+cohere,8,cohere,3,20
seamless_m4t+whisper_v3+whisper_v2+fastconformer+xlsr+w2vbert+hubert+wav2vec_sb+cohere,9,seamless_m4t,5,1000
seamless_m4t+whisper_v3+whisper_v2+fastconformer+xlsr+w2vbert+hubert+wav2vec_sb+cohere,9,whisper_v3,1,998
seamless_m4t+whisper_v3+whisper_v2+fastconformer+xlsr+w2vbert+hubert+wav2vec_sb+cohere,9,whisper_v3,2,2
seamless_m4t+whisper_v3+whisper_v2+fastconformer+xlsr+w2vbert+hubert+wav2vec_sb+cohere,9,whisper_v2,3,5
seamless_m4t+whisper_v3+whisper_v2+fastconformer+xlsr+w2vbert+hubert+wav2vec_sb+cohere,9,whisper_v2,4,995
seamless_m4t+whisper_v3+whisper_v2+fastconformer+xlsr+w2vbert+hubert+wav2vec_sb+cohere,9,fastconformer,3,995
seamless_m4t+whisper_v3+whisper_v2+fastconformer+xlsr+w2vbert+hubert+wav2vec_sb+cohere,9,fastconformer,4,5
seamless_m4t+whisper_v3+whisper_v2+fastconformer+xlsr+w2vbert+hubert+wav2vec_sb+cohere,9,xlsr,8,1000
seamless_m4t+whisper_v3+whisper_v2+fastconformer+xlsr+w2vbert+hubert+wav2vec_sb+cohere,9,w2vbert,7,1000
seamless_m4t+whisper_v3+whisper_v2+fastconformer+xlsr+w2vbert+hubert+wav2vec_sb+cohere,9,hubert,6,1000
seamless_m4t+whisper_v3+whisper_v2+fastconformer+xlsr+w2vbert+hubert+wav2vec_sb+cohere,9,wav2vec_sb,9,1000
seamless_m4t+whisper_v3+whisper_v2+fastconformer+xlsr+w2vbert+hubert+wav2vec_sb+cohere,9,cohere,1,2
seamless_m4t+whisper_v3+whisper_v2+fastconformer+xlsr+w2vbert+hubert+wav2vec_sb+cohere,9,cohere,2,998
