pool,k,model,rank,count
seamless_m4t+whisper_v3+whisper_v2+fastconformer,4,seamless_m4t,5,1000
seamless_m4t+whisper_v3+whisper_v2+fastconformer,4,whisper_v3,3,898
seamless_m4t+whisper_v3+whisper_v2+fastconformer,4,whisper_v3,4,102
seamless_m4t+whisper_v3+whisper_v2+fastconformer,4,whisper_v2,6,1000
seamless_m4t+whisper_v3+whisper_v2+fastconformer,4,fastconformer,3,102
seamless_m4t+whisper_v3+whisper_v2+fastconformer,4,fastconformer,4,898
seamless_m4t+whisper_v3+whisper_v2+fastconformer,4,xlsr,7,998
seamless_m4t+whisper_v3+whisper_v2+fastconformer,4,xlsr,8,2
seamless_m4t+whisper_v3+whisper_v2+fastconformer,4,w2vbert,7,2
seamless_m4t+whisper_v3+whisper_v2+fastconformer,4,w2vbert,8,998
seamless_m4t+whisper_v3+whisper_v2+fastconformer,4,hubert,2,1000
seamless_m4t+whisper_v3+whisper_v2+fastconformer,4,wav2vec_sb,9,1000
seamless_m4t+whisper_v3+whisper_v2+fastconformer,4,cohere,1,1000
seamless_m4t+whisper_v3+whisper_v2+xlsr,4,seamless_m4t,5,1000
seamless_m4t+whisper_v3+whisper_v2+xlsr,4,whisper_v3,3,963
seamless_m4t+whisper_v3+whisper_v2+xlsr,4,whisper_v3,4,37
seamless_m4t+whisper_v3+whisper_v2+xlsr,4,whisper_v2,6,1000
seamless_m4t+whisper_v3+whisper_v2+xlsr,4,fastconformer,2,1000
seamless_m4t+whisper_v3+whisper_v2+xlsr,4,xlsr,7,462
seamless_m4t+whisper_v3+whisper_v2+xlsr,4,xlsr,8,538
seamless_m4t+whisper_v3+whisper_v2+xlsr,4,w2vbert,7,538
seamless_m4t+whisper_v3+whisper_v2+xlsr,4,w2vbert,8,462
seamless_m4t+whisper_v3+whisper_v2+xlsr,4,hubert,3,37
seamless_m4t+whisper_v3+whisper_v2+xlsr,4,hubert,4,963
seamless_m4t+whisper_v3+whisper_v2+xlsr,4,wav2vec_sb,9,1000
seamless_m4t+whisper_v3+whisper_v2+xlsr,4,cohere,1,1000
seamless_m4t+whisper_v3+whisper_v2+w2vbert,4,seamless_m4t,5,1000
seamless_m4t+whisper_v3+whisper_v2+w2vbert,4,whisper_v3,3,1000
seamless_m4t+whisper_v3+whisper_v2+w2vbert,4,whisper_v2,6,1000
seamless_m4t+whisper_v3+whisper_v2+w2vbert,4,fastconformer,2,1000
seamless_m4t+whisper_v3+whisper_v2+w2vbert,4,xlsr,7,1000
seamless_m4t+whisper_v3+whisper_v2+w2vbert,4,w2vbert,8,1000
seamless_m4t+whisper_v3+whisper_v2+w2vbert,4,hubert,4,1000
seamless_m4t+whisper_v3+whisper_v2+w2vbert,4,wav2vec_sb,9,1000
seamless_m4t+whisper_v3+whisper_v2+w2vbert,4,cohere,1,1000
seamless_m4t+whisper_v3+whisper_v2+hubert,4,seamless_m4t,4,1000
seamless_m4t+whisper_v3+whisper_v2+hubert,4,whisper_v3,3,1000
seamless_m4t+whisper_v3+whisper_v2+hubert,4,whisper_v2,6,1000
seamless_m4t+whisper_v3+whisper_v2+hubert,4,fastconformer,2,1000
seamless_m4t+whisper_v3+whisper_v2+hubert,4,xlsr,7,999
seamless_m4t+whisper_v3+whisper_v2+hubert,4,xlsr,8,1
seamless_m4t+whisper_v3+whisper_v2+hubert,4,w2vbert,7,1
seamless_m4t+whisper_v3+whisper_v2+hubert,4,w2vbert,8,999
seamless_m4t+whisper_v3+whisper_v2+hubert,4,hubert,5,1000
seamless_m4t+whisper_v3+whisper_v2+hubert,4,wav2vec_sb,9,1000
seamless_m4t+whisper_v3+whisper_v2+hubert,4,cohere,1,1000
seamless_m4t+whisper_v3+whisper_v2+wav2vec_sb,4,seamless_m4t,5,1000
seamless_m4t+whisper_v3+whisper_v2+wav2vec_sb,4,whisper_v3,3,854
seamless_m4t+whisper_v3+whisper_v2+wav2vec_sb,4,whisper_v3,4,146
seamless_m4t+whisper_v3+whisper_v2+wav2vec_sb,4,whisper_v2,6,1000
seamless_m4t+whisper_v3+whisper_v2+wav2vec_sb,4,fastconformer,2,1000
seamless_m4t+whisper_v3+whisper_v2+wav2vec_sb,4,xlsr,7,1000
seamless_m4t+whisper_v3+whisper_v2+wav2vec_sb,4,w2vbert,8,1000
seamless_m4t+whisper_v3+whisper_v2+wav2vec_sb,4,hubert,3,146
seamless_m4t+whisper_v3+whisper_v2+wav2vec_sb,4,hubert,4,854
seamless_m4t+whisper_v3+whisper_v2+wav2vec_sb,4,wav2vec_sb,9,1000
seamless_m4t+whisper_v3+whisper_v2+wav2vec_sb,4,cohere,1,1000
seamless_m4t+whisper_v3+whisper_v2+cohere,4,seamless_m4t,5,1000
seamless_m4t+whisper_v3+whisper_v2+cohere,4,whisper_v3,4,1000
seamless_m4t+whisper_v3+whisper_v2+cohere,4,whisper_v2,6,1000
seamless_m4t+whisper_v3+whisper_v2+cohere,4,fastconformer,1,1000
seamless_m4t+whisper_v3+whisper_v2+cohere,4,xlsr,7,1000
seamless_m4t+whisper_v3+whisper_v2+cohere,4,w2vbert,8,1000
seamless_m4t+whisper_v3+whisper_v2+cohere,4,hubert,2,256
seamless_m4t+whisper_v3+whisper_v2+cohere,4,hubert,3,744
seamless_m4t+whisper_v3+whisper_v2+cohere,4,wav2vec_sb,9,1000
seamless_m4t+whisper_v3+whisper_v2+cohere,4,cohere,2,744
seamless_m4t+whisper_v3+whisper_v2+cohere,4,cohere,3,256
seamless_m4t+whisper_v3+fastconformer+xlsr,4,seamless_m4t,4,1000
seamless_m4t+whisper_v3+fastconformer+xlsr,4,whisper_v3,5,1000
seamless_m4t+whisper_v3+fastconformer+xlsr,4,whisper_v2,6,1000
seamless_m4t+whisper_v3+fastconformer+xlsr,4,fastconformer,2,116
seamless_m4t+whisper_v3+fastconformer+xlsr,4,fastconformer,3,884
seamless_m4t+whisper_v3+fastconformer+xlsr,4,xlsr,7,1000
seamless_m4t+whisper_v3+fastconformer+xlsr,4,w2vbert,8,1000
seamless_m4t+whisper_v3+fastconformer+xlsr,4,hubert,2,884
seamless_m4t+whisper_v3+fastconformer+xlsr,4,hubert,3,116
seamless_m4t+whisper_v3+fastconformer+xlsr,4,wav2vec_sb,9,1000
seamless_m4t+whisper_v3+fastconformer+xlsr,4,cohere,1,1000
seamless_m4t+whisper_v3+fastconformer+w2vbert,4,seamless_m4t,4,1000
seamless_m4t+whisper_v3+fastconformer+w2vbert,4,whisper_v3,5,1000
seamless_m4t+whisper_v3+fastconformer+w2vbert,4,whisper_v2,6,1000
seamless_m4t+whisper_v3+fastconformer+w2vbert,4,fastconformer,2,13
seamless_m4t+whisper_v3+fastconformer+w2vbert,4,fastconformer,3,987
seamless_m4t+whisper_v3+fastconformer+w2vbert,4,xlsr,7,1000
seamless_m4t+whisper_v3+fastconformer+w2vbert,4,w2vbert,8,1000
seamless_m4t+whisper_v3+fastconformer+w2vbert,4,hubert,2,987
seamless_m4t+whisper_v3+fastconformer+w2vbert,4,hubert,3,13
seamless_m4t+whisper_v3+fastconformer+w2vbert,4,wav2vec_sb,9,1000
seamless_m4t+whisper_v3+fastconformer+w2vbert,4,cohere,1,1000
seamless_m4t+whisper_v3+fastconformer+hubert,4,seamless_m4t,3,203
seamless_m4t+whisper_v3+fastconformer+hubert,4,seamless_m4t,4,797
seamless_m4t+whisper_v3+fastconformer+hubert,4,whisper_v3,5,1000
seamless_m4t+whisper_v3+fastconformer+hubert,4,whisper_v2,6,1000
seamless_m4t+whisper_v3+fastconformer+hubert,4,fastconformer,2,1000
seamless_m4t+whisper_v3+fastconformer+hubert,4,xlsr,7,1000
seamless_m4t+whisper_v3+fastconformer+hubert,4,w2vbert,8,1000
seamless_m4t+whisper_v3+fastconformer+hubert,4,hubert,3,797
seamless_m4t+whisper_v3+fastconformer+hubert,4,hubert,4,203
seamless_m4t+whisper_v3+fastconformer+hubert,4,wav2vec_sb,9,1000
seamless_m4t+whisper_v3+fastconformer+hubert,4,cohere,1,1000
seamless_m4t+whisper_v3+fastconformer+wav2vec_sb,4,seamless_m4t,4,1000
seamless_m4t+whisper_v3+fastconformer+wav2vec_sb,4,whisper_v3,5,1000
seamless_m4t+whisper_v3+fastconformer+wav2vec_sb,4,whisper_v2,6,1000
seamless_m4t+whisper_v3+fastconformer+wav2vec_sb,4,fastconformer,2,35
seamless_m4t+whisper_v3+fastconformer+wav2vec_sb,4,fastconformer,3,965
seamless_m4t+whisper_v3+fastconformer+wav2vec_sb,4,xlsr,7,1000
seamless_m4t+whisper_v3+fastconformer+wav2vec_sb,4,w2vbert,8,1000
seamless_m4t+whisper_v3+fastconformer+wav2vec_sb,4,hubert,2,965
seamless_m4t+whisper_v3+fastconformer+wav2vec_sb,4,hubert,3,35
seamless_m4t+whisper_v3+fastconformer+wav2vec_sb,4,wav2vec_sb,9,1000
seamless_m4t+whisper_v3+fastconformer+wav2vec_sb,4,cohere,1,1000
seamless_m4t+whisper_v3+fastconformer+cohere,4,seamless_m4t,4,1000
seamless_m4t+whisper_v3+fastconformer+cohere,4,whisper_v3,5,1000
seamless_m4t+whisper_v3+fastconformer+cohere,4,whisper_v2,6,1000
seamless_m4t+whisper_v3+fastconformer+cohere,4,fastconformer,2,1000
seamless_m4t+whisper_v3+fastconformer+cohere,4,xlsr,7,1000
seamless_m4t+whisper_v3+fastconformer+cohere,4,w2vbert,8,1000
seamless_m4t+whisper_v3+fastconformer+cohere,4,hubert,3,1000
seamless_m4t+whisper_v3+fastconformer+cohere,4,wav2vec_sb,9,1000
seamless_m4t+whisper_v3+fastconformer+cohere,4,cohere,1,1000
seamless_m4t+whisper_v3+xlsr+w2vbert,4,seamless_m4t,4,950
seamless_m4t+whisper_v3+xlsr+w2vbert,4,seamless_m4t,5,49
seamless_m4t+whisper_v3+xlsr+w2vbert,4,seamless_m4t,6,1
seamless_m4t+whisper_v3+xlsr+w2vbert,4,whisper_v3,4,49
seamless_m4t+whisper_v3+xlsr+w2vbert,4,whisper_v3,5,942
seamless_m4t+whisper_v3+xlsr+w2vbert,4,whisper_v3,6,9
seamless_m4t+whisper_v3+xlsr+w2vbert,4,whisper_v2,4,1
seamless_m4t+whisper_v3+xlsr+w2vbert,4,whisper_v2,5,9
seamless_m4t+whisper_v3+xlsr+w2vbert,4,whisper_v2,6,990
seamless_m4t+whisper_v3+xlsr+w2vbert,4,fastconformer,2,1000
seamless_m4t+whisper_v3+xlsr+w2vbert,4,xlsr,7,998
seamless_m4t+whisper_v3+xlsr+w2vbert,4,xlsr,8,2
seamless_m4t+whisper_v3+xlsr+w2vbert,4,w2vbert,7,2
seamless_m4t+whisper_v3+xlsr+w2vbert,4,w2vbert,8,998
seamless_m4t+whisper_v3+xlsr+w2vbert,4,hubert,3,1000
seamless_m4t+whisper_v3+xlsr+w2vbert,4,wav2vec_sb,9,1000
seamless_m4t+whisper_v3+xlsr+w2vbert,4,cohere,1,1000
seamless_m4t+whisper_v3+xlsr+hubert,4,seamless_m4t,3,9
seamless_m4t+whisper_v3+xlsr+hubert,4,seamless_m4t,4,991
seamless_m4t+whisper_v3+xlsr+hubert,4,whisper_v3,5,1000
seamless_m4t+whisper_v3+xlsr+hubert,4,whisper_v2,6,1000
seamless_m4t+whisper_v3+xlsr+hubert,4,fastconformer,2,1000
seamless_m4t+whisper_v3+xlsr+hubert,4,xlsr,7,1000
seamless_m4t+whisper_v3+xlsr+hubert,4,w2vbert,8,1000
seamless_m4t+whisper_v3+xlsr+hubert,4,hubert,3,991
seamless_m4t+whisper_v3+xlsr+hubert,4,hubert,4,9
seamless_m4t+whisper_v3+xlsr+hubert,4,wav2vec_sb,9,1000
seamless_m4t+whisper_v3+xlsr+hubert,4,cohere,1,1000
seamless_m4t+whisper_v3+xlsr+wav2vec_sb,4,seamless_m4t,5,1000
seamless_m4t+whisper_v3+xlsr+wav2vec_sb,4,whisper_v3,6,1000
seamless_m4t+whisper_v3+xlsr+wav2vec_sb,4,whisper_v2,4,1000
seamless_m4t+whisper_v3+xlsr+wav2vec_sb,4,fastconformer,2,1000
seamless_m4t+whisper_v3+xlsr+wav2vec_sb,4,xlsr,7,1000
seamless_m4t+whisper_v3+xlsr+wav2vec_sb,4,w2vbert,8,1000
seamless_m4t+whisper_v3+xlsr+wav2vec_sb,4,hubert,3,1000
seamless_m4t+whisper_v3+xlsr+wav2vec_sb,4,wav2vec_sb,9,1000
seamless_m4t+whisper_v3+xlsr+wav2vec_sb,4,cohere,1,1000
seamless_m4t+whisper_v3+xlsr+cohere,4,seamless_m4t,4,1000
seamless_m4t+whisper_v3+xlsr+cohere,4,whisper_v3,5,1000
seamless_m4t+whisper_v3+xlsr+cohere,4,whisper_v2,6,1000
seamless_m4t+whisper_v3+xlsr+cohere,4,fastconformer,1,1000
seamless_m4t+whisper_v3+xlsr+cohere,4,xlsr,7,1000
seamless_m4t+whisper_v3+xlsr+cohere,4,w2vbert,8,1000
seamless_m4t+whisper_v3+xlsr+cohere,4,hubert,3,1000
seamless_m4t+whisper_v3+xlsr+cohere,4,wav2vec_sb,9,1000
seamless_m4t+whisper_v3+xlsr+cohere,4,cohere,2,1000
seamless_m4t+whisper_v3+w2vbert+hubert,4,seamless_m4t,3,901
seamless_m4t+whisper_v3+w2vbert+hubert,4,seamless_m4t,4,99
seamless_m4t+whisper_v3+w2vbert+hubert,4,whisper_v3,5,1000
seamless_m4t+whisper_v3+w2vbert+hubert,4,whisper_v2,6,1000
seamless_m4t+whisper_v3+w2vbert+hubert,4,fastconformer,2,1000
seamless_m4t+whisper_v3+w2vbert+hubert,4,xlsr,7,1000
seamless_m4t+whisper_v3+w2vbert+hubert,4,w2vbert,8,1000
seamless_m4t+whisper_v3+w2vbert+hubert,4,hubert,3,99
seamless_m4t+whisper_v3+w2vbert+hubert,4,hubert,4,901
seamless_m4t+whisper_v3+w2vbert+hubert,4,wav2vec_sb,9,1000
seamless_m4t+whisper_v3+w2vbert+hubert,4,cohere,1,1000
seamless_m4t+whisper_v3+w2vbert+wav2vec_sb,4,seamless_m4t,4,918
seamless_m4t+whisper_v3+w2vbert+wav2vec_sb,4,seamless_m4t,5,80
seamless_m4t+whisper_v3+w2vbert+wav2vec_sb,4,seamless_m4t,6,2
seamless_m4t+whisper_v3+w2vbert+wav2vec_sb,4,whisper_v3,4,4
seamless_m4t+whisper_v3+w2vbert+wav2vec_sb,4,whisper_v3,5,381
seamless_m4t+whisper_v3+w2vbert+wav2vec_sb,4,whisper_v3,6,615
seamless_m4t+whisper_v3+w2vbert+wav2vec_sb,4,whisper_v2,4,78
seamless_m4t+whisper_v3+w2vbert+wav2vec_sb,4,whisper_v2,5,539
seamless_m4t+whisper_v3+w2vbert+wav2vec_sb,4,whisper_v2,6,383
seamless_m4t+whisper_v3+w2vbert+wav2vec_sb,4,fastconformer,2,1000
seamless_m4t+whisper_v3+w2vbert+wav2vec_sb,4,xlsr,7,1000
seamless_m4t+whisper_v3+w2vbert+wav2vec_sb,4,w2vbert,8,1000
seamless_m4t+whisper_v3+w2vbert+wav2vec_sb,4,hubert,3,1000
seamless_m4t+whisper_v3+w2vbert+wav2vec_sb,4,wav2vec_sb,9,1000
seamless_m4t+whisper_v3+w2vbert+wav2vec_sb,4,cohere,1,1000
seamless_m4t+whisper_v3+w2vbert+cohere,4,seamless_m4t,4,1000
seamless_m4t+whisper_v3+w2vbert+cohere,4,whisper_v3,5,1000
seamless_m4t+whisper_v3+w2vbert+cohere,4,whisper_v2,6,1000
seamless_m4t+whisper_v3+w2vbert+cohere,4,fastconformer,1,1000
seamless_m4t+whisper_v3+w2vbert+cohere,4,xlsr,7,1000
seamless_m4t+whisper_v3+w2vbert+cohere,4,w2vbert,8,1000
seamless_m4t+whisper_v3+w2vbert+cohere,4,hubert,3,1000
seamless_m4t+whisper_v3+w2vbert+cohere,4,wav2vec_sb,9,1000
seamless_m4t+whisper_v3+w2vbert+cohere,4,cohere,2,1000
seamless_m4t+whisper_v3+hubert+wav2vec_sb,4,seamless_m4t,3,37
seamless_m4t+whisper_v3+hubert+wav2vec_sb,4,seamless_m4t,4,963
seamless_m4t+whisper_v3+hubert+wav2vec_sb,4,whisper_v3,5,1000
seamless_m4t+whisper_v3+hubert+wav2vec_sb,4,whisper_v2,6,1000
seamless_m4t+whisper_v3+hubert+wav2vec_sb,4,fastconformer,2,1000
seamless_m4t+whisper_v3+hubert+wav2vec_sb,4,xlsr,7,1000
seamless_m4t+whisper_v3+hubert+wav2vec_sb,4,w2vbert,8,1000
seamless_m4t+whisper_v3+hubert+wav2vec_sb,4,hubert,3,963
seamless_m4t+whisper_v3+hubert+wav2vec_sb,4,hubert,4,37
seamless_m4t+whisper_v3+hubert+wav2vec_sb,4,wav2vec_sb,9,1000
seamless_m4t+whisper_v3+hubert+wav2vec_sb,4,cohere,1,1000
seamless_m4t+whisper_v3+hubert+cohere,4,seamless_m4t,3,838
seamless_m4t+whisper_v3+hubert+cohere,4,seamless_m4t,4,162
seamless_m4t+whisper_v3+hubert+cohere,4,whisper_v3,5,1000
seamless_m4t+whisper_v3+hubert+cohere,4,whisper_v2,6,1000
seamless_m4t+whisper_v3+hubert+cohere,4,fastconformer,1,55
seamless_m4t+whisper_v3+hubert+cohere,4,fastconformer,2,945
seamless_m4t+whisper_v3+hubert+cohere,4,xlsr,7,1000
seamless_m4t+whisper_v3+hubert+cohere,4,w2vbert,8,1000
seamless_m4t+whisper_v3+hubert+cohere,4,hubert,3,162
seamless_m4t+whisper_v3+hubert+cohere,4,hubert,4,838
seamless_m4t+whisper_v3+hubert+cohere,4,wav2vec_sb,9,1000
seamless_m4t+whisper_v3+hubert+cohere,4,cohere,1,945
seamless_m4t+whisper_v3+hubert+cohere,4,cohere,2,55
seamless_m4t+whisper_v3+wav2vec_sb+cohere,4,seamless_m4t,4,1000
seamless_m4t+whisper_v3+wav2vec_sb+cohere,4,whisper_v3,5,1000
seamless_m4t+whisper_v3+wav2vec_sb+cohere,4,whisper_v2,6,1000
seamless_m4t+whisper_v3+wav2vec_sb+cohere,4,fastconformer,1,1000
seamless_m4t+whisper_v3+wav2vec_sb+cohere,4,xlsr,7,1000
seamless_m4t+whisper_v3+wav2vec_sb+cohere,4,w2vbert,8,1000
seamless_m4t+whisper_v3+wav2vec_sb+cohere,4,hubert,3,1000
seamless_m4t+whisper_v3+wav2vec_sb+cohere,4,wav2vec_sb,9,1000
seamless_m4t+whisper_v3+wav2vec_sb+cohere,4,cohere,2,1000
seamless_m4t+whisper_v2+fastconformer+xlsr,4,seamless_m4t,4,141
seamless_m4t+whisper_v2+fastconformer+xlsr,4,seamless_m4t,5,859
seamless_m4t+whisper_v2+fastconformer+xlsr,4,whisper_v3,4,859
seamless_m4t+whisper_v2+fastconformer+xlsr,4,whisper_v3,5,141
seamless_m4t+whisper_v2+fastconformer+xlsr,4,whisper_v2,6,1000
seamless_m4t+whisper_v2+fastconformer+xlsr,4,fastconformer,3,1000
seamless_m4t+whisper_v2+fastconformer+xlsr,4,xlsr,7,1000
seamless_m4t+whisper_v2+fastconformer+xlsr,4,w2vbert,8,1000
seamless_m4t+whisper_v2+fastconformer+xlsr,4,hubert,2,1000
seamless_m4t+whisper_v2+fastconformer+xlsr,4,wav2vec_sb,9,1000
seamless_m4t+whisper_v2+fastconformer+xlsr,4,cohere,1,1000
seamless_m4t+whisper_v2+fastconformer+w2vbert,4,seamless_m4t,4,39
seamless_m4t+whisper_v2+fastconformer+w2vbert,4,seamless_m4t,5,961
seamless_m4t+whisper_v2+fastconformer+w2vbert,4,whisper_v3,4,961
seamless_m4t+whisper_v2+fastconformer+w2vbert,4,whisper_v3,5,39
seamless_m4t+whisper_v2+fastconformer+w2vbert,4,whisper_v2,6,1000
seamless_m4t+whisper_v2+fastconformer+w2vbert,4,fastconformer,3,1000
seamless_m4t+whisper_v2+fastconformer+w2vbert,4,xlsr,7,1000
seamless_m4t+whisper_v2+fastconformer+w2vbert,4,w2vbert,8,1000
seamless_m4t+whisper_v2+fastconformer+w2vbert,4,hubert,2,1000
seamless_m4t+whisper_v2+fastconformer+w2vbert,4,wav2vec_sb,9,1000
seamless_m4t+whisper_v2+fastconformer+w2vbert,4,cohere,1,1000
seamless_m4t+whisper_v2+fastconformer+hubert,4,seamless_m4t,3,100
seamless_m4t+whisper_v2+fastconformer+hubert,4,seamless_m4t,4,900
seamless_m4t+whisper_v2+fastconformer+hubert,4,whisper_v3,5,1000
seamless_m4t+whisper_v2+fastconformer+hubert,4,whisper_v2,6,1000
seamless_m4t+whisper_v2+fastconformer+hubert,4,fastconformer,2,1000
seamless_m4t+whisper_v2+fastconformer+hubert,4,xlsr,7,1000
seamless_m4t+whisper_v2+fastconformer+hubert,4,w2vbert,8,1000
seamless_m4t+whisper_v2+fastconformer+hubert,4,hubert,3,900
seamless_m4t+whisper_v2+fastconformer+hubert,4,hubert,4,100
seamless_m4t+whisper_v2+fastconformer+hubert,4,wav2vec_sb,9,1000
seamless_m4t+whisper_v2+fastconformer+hubert,4,cohere,1,1000
seamless_m4t+whisper_v2+fastconformer+wav2vec_sb,4,seamless_m4t,4,99
seamless_m4t+whisper_v2+fastconformer+wav2vec_sb,4,seamless_m4t,5,901
seamless_m4t+whisper_v2+fastconformer+wav2vec_sb,4,whisper_v3,4,901
seamless_m4t+whisper_v2+fastconformer+wav2vec_sb,4,whisper_v3,5,99
seamless_m4t+whisper_v2+fastconformer+wav2vec_sb,4,whisper_v2,6,1000
seamless_m4t+whisper_v2+fastconformer+wav2vec_sb,4,fastconformer,3,1000
seamless_m4t+whisper_v2+fastconformer+wav2vec_sb,4,xlsr,7,1000
seamless_m4t+whisper_v2+fastconformer+wav2vec_sb,4,w2vbert,8,1000
seamless_m4t+whisper_v2+fastconformer+wav2vec_sb,4,hubert,2,1000
seamless_m4t+whisper_v2+fastconformer+wav2vec_sb,4,wav2vec_sb,9,1000
seamless_m4t+whisper_v2+fastconformer+wav2vec_sb,4,cohere,1,1000
seamless_m4t+whisper_v2+fastconformer+cohere,4,seamless_m4t,4,1000
seamless_m4t+whisper_v2+fastconformer+cohere,4,whisper_v3,5,1000
seamless_m4t+whisper_v2+fastconformer+cohere,4,whisper_v2,6,1000
seamless_m4t+whisper_v2+fastconformer+cohere,4,fastconformer,2,1000
seamless_m4t+whisper_v2+fastconformer+cohere,4,xlsr,7,1000
seamless_m4t+whisper_v2+fastconformer+cohere,4,w2vbert,8,1000
seamless_m4t+whisper_v2+fastconformer+cohere,4,hubert,3,1000
seamless_m4t+whisper_v2+fastconformer+cohere,4,wav2vec_sb,9,1000
seamless_m4t+whisper_v2+fastconformer+cohere,4,cohere,1,1000
seamless_m4t+whisper_v2+xlsr+w2vbert,4,seamless_m4t,5,1000
seamless_m4t+whisper_v2+xlsr+w2vbert,4,whisper_v3,3,8
seamless_m4t+whisper_v2+xlsr+w2vbert,4,whisper_v3,4,992
seamless_m4t+whisper_v2+xlsr+w2vbert,4,whisper_v2,6,1000
seamless_m4t+whisper_v2+xlsr+w2vbert,4,fastconformer,2,1000
seamless_m4t+whisper_v2+xlsr+w2vbert,4,xlsr,7,999
seamless_m4t+whisper_v2+xlsr+w2vbert,4,xlsr,8,1
seamless_m4t+whisper_v2+xlsr+w2vbert,4,w2vbert,7,1
seamless_m4t+whisper_v2+xlsr+w2vbert,4,w2vbert,8,999
seamless_m4t+whisper_v2+xlsr+w2vbert,4,hubert,3,992
seamless_m4t+whisper_v2+xlsr+w2vbert,4,hubert,4,8
seamless_m4t+whisper_v2+xlsr+w2vbert,4,wav2vec_sb,9,1000
seamless_m4t+whisper_v2+xlsr+w2vbert,4,cohere,1,1000
seamless_m4t+whisper_v2+xlsr+hubert,4,seamless_m4t,5,1000
seamless_m4t+whisper_v2+xlsr+hubert,4,whisper_v3,3,920
seamless_m4t+whisper_v2+xlsr+hubert,4,whisper_v3,4,80
seamless_m4t+whisper_v2+xlsr+hubert,4,whisper_v2,6,1000
seamless_m4t+whisper_v2+xlsr+hubert,4,fastconformer,2,1000
seamless_m4t+whisper_v2+xlsr+hubert,4,xlsr,7,999
seamless_m4t+whisper_v2+xlsr+hubert,4,xlsr,8,1
seamless_m4t+whisper_v2+xlsr+hubert,4,w2vbert,7,1
seamless_m4t+whisper_v2+xlsr+hubert,4,w2vbert,8,999
seamless_m4t+whisper_v2+xlsr+hubert,4,hubert,3,80
seamless_m4t+whisper_v2+xlsr+hubert,4,hubert,4,920
seamless_m4t+whisper_v2+xlsr+hubert,4,wav2vec_sb,9,1000
seamless_m4t+whisper_v2+xlsr+hubert,4,cohere,1,1000
seamless_m4t+whisper_v2+xlsr+wav2vec_sb,4,seamless_m4t,5,1000
seamless_m4t+whisper_v2+xlsr+wav2vec_sb,4,whisper_v3,3,3
seamless_m4t+whisper_v2+xlsr+wav2vec_sb,4,whisper_v3,4,997
seamless_m4t+whisper_v2+xlsr+wav2vec_sb,4,whisper_v2,6,999
seamless_m4t+whisper_v2+xlsr+wav2vec_sb,4,whisper_v2,7,1
seamless_m4t+whisper_v2+xlsr+wav2vec_sb,4,fastconformer,2,1000
seamless_m4t+whisper_v2+xlsr+wav2vec_sb,4,xlsr,6,1
seamless_m4t+whisper_v2+xlsr+wav2vec_sb,4,xlsr,7,999
seamless_m4t+whisper_v2+xlsr+wav2vec_sb,4,w2vbert,8,1000
seamless_m4t+whisper_v2+xlsr+wav2vec_sb,4,hubert,3,997
seamless_m4t+whisper_v2+xlsr+wav2vec_sb,4,hubert,4,3
seamless_m4t+whisper_v2+xlsr+wav2vec_sb,4,wav2vec_sb,9,1000
seamless_m4t+whisper_v2+xlsr+wav2vec_sb,4,cohere,1,1000
seamless_m4t+whisper_v2+xlsr+cohere,4,seamless_m4t,4,780
seamless_m4t+whisper_v2+xlsr+cohere,4,seamless_m4t,5,220
seamless_m4t+whisper_v2+xlsr+cohere,4,whisper_v3,4,220
seamless_m4t+whisper_v2+xlsr+cohere,4,whisper_v3,5,780
seamless_m4t+whisper_v2+xlsr+cohere,4,whisper_v2,6,1000
seamless_m4t+whisper_v2+xlsr+cohere,4,fastconformer,1,1000
seamless_m4t+whisper_v2+xlsr+cohere,4,xlsr,7,999
seamless_m4t+whisper_v2+xlsr+cohere,4,xlsr,8,1
seamless_m4t+whisper_v2+xlsr+cohere,4,w2vbert,7,1
seamless_m4t+whisper_v2+xlsr+cohere,4,w2vbert,8,999
seamless_m4t+whisper_v2+xlsr+cohere,4,hubert,2,4
seamless_m4t+whisper_v2+xlsr+cohere,4,hubert,3,996
seamless_m4t+whisper_v2+xlsr+cohere,4,wav2vec_sb,9,1000
seamless_m4t+whisper_v2+xlsr+cohere,4,cohere,2,996
seamless_m4t+whisper_v2+xlsr+cohere,4,cohere,3,4
seamless_m4t+whisper_v2+w2vbert+hubert,4,seamless_m4t,4,763
seamless_m4t+whisper_v2+w2vbert+hubert,4,seamless_m4t,5,237
seamless_m4t+whisper_v2+w2vbert+hubert,4,whisper_v3,3,1000
seamless_m4t+whisper_v2+w2vbert+hubert,4,whisper_v2,6,1000
seamless_m4t+whisper_v2+w2vbert+hubert,4,fastconformer,2,1000
seamless_m4t+whisper_v2+w2vbert+hubert,4,xlsr,7,1000
seamless_m4t+whisper_v2+w2vbert+hubert,4,w2vbert,8,1000
seamless_m4t+whisper_v2+w2vbert+hubert,4,hubert,4,237
seamless_m4t+whisper_v2+w2vbert+hubert,4,hubert,5,763
seamless_m4t+whisper_v2+w2vbert+hubert,4,wav2vec_sb,9,1000
seamless_m4t+whisper_v2+w2vbert+hubert,4,cohere,1,1000
seamless_m4t+whisper_v2+w2vbert+wav2vec_sb,4,seamless_m4t,5,1000
seamless_m4t+whisper_v2+w2vbert+wav2vec_sb,4,whisper_v3,3,5
seamless_m4t+whisper_v2+w2vbert+wav2vec_sb,4,whisper_v3,4,995
seamless_m4t+whisper_v2+w2vbert+wav2vec_sb,4,whisper_v2,6,1000
seamless_m4t+whisper_v2+w2vbert+wav2vec_sb,4,fastconformer,2,1000
seamless_m4t+whisper_v2+w2vbert+wav2vec_sb,4,xlsr,7,1000
seamless_m4t+whisper_v2+w2vbert+wav2vec_sb,4,w2vbert,8,1000
seamless_m4t+whisper_v2+w2vbert+wav2vec_sb,4,hubert,3,995
seamless_m4t+whisper_v2+w2vbert+wav2vec_sb,4,hubert,4,5
seamless_m4t+whisper_v2+w2vbert+wav2vec_sb,4,wav2vec_sb,9,1000
seamless_m4t+whisper_v2+w2vbert+wav2vec_sb,4,cohere,1,1000
seamless_m4t+whisper_v2+w2vbert+cohere,4,seamless_m4t,4,536
seamless_m4t+whisper_v2+w2vbert+cohere,4,seamless_m4t,5,464
seamless_m4t+whisper_v2+w2vbert+cohere,4,whisper_v3,4,464
seamless_m4t+whisper_v2+w2vbert+cohere,4,whisper_v3,5,536
seamless_m4t+whisper_v2+w2vbert+cohere,4,whisper_v2,6,1000
seamless_m4t+whisper_v2+w2vbert+cohere,4,fastconformer,1,1000
seamless_m4t+whisper_v2+w2vbert+cohere,4,xlsr,7,1000
seamless_m4t+whisper_v2+w2vbert+cohere,4,w2vbert,8,1000
seamless_m4t+whisper_v2+w2vbert+cohere,4,hubert,2,110
seamless_m4t+whisper_v2+w2vbert+cohere,4,hubert,3,890
seamless_m4t+whisper_v2+w2vbert+cohere,4,wav2vec_sb,9,1000
seamless_m4t+whisper_v2+w2vbert+cohere,4,cohere,2,890
seamless_m4t+whisper_v2+w2vbert+cohere,4,cohere,3,110
seamless_m4t+whisper_v2+hubert+wav2vec_sb,4,seamless_m4t,4,3
seamless_m4t+whisper_v2+hubert+wav2vec_sb,4,seamless_m4t,5,997
seamless_m4t+whisper_v2+hubert+wav2vec_sb,4,whisper_v3,3,997
seamless_m4t+whisper_v2+hubert+wav2vec_sb,4,whisper_v3,4,3
seamless_m4t+whisper_v2+hubert+wav2vec_sb,4,whisper_v2,6,1000
seamless_m4t+whisper_v2+hubert+wav2vec_sb,4,fastconformer,2,1000
seamless_m4t+whisper_v2+hubert+wav2vec_sb,4,xlsr,7,1000
seamless_m4t+whisper_v2+hubert+wav2vec_sb,4,w2vbert,8,1000
seamless_m4t+whisper_v2+hubert+wav2vec_sb,4,hubert,3,3
seamless_m4t+whisper_v2+hubert+wav2vec_sb,4,hubert,4,994
seamless_m4t+whisper_v2+hubert+wav2vec_sb,4,hubert,5,3
seamless_m4t+whisper_v2+hubert+wav2vec_sb,4,wav2vec_sb,9,1000
seamless_m4t+whisper_v2+hubert+wav2vec_sb,4,cohere,1,1000
seamless_m4t+whisper_v2+hubert+cohere,4,seamless_m4t,3,700
seamless_m4t+whisper_v2+hubert+cohere,4,seamless_m4t,4,300
seamless_m4t+whisper_v2+hubert+cohere,4,whisper_v3,5,1000
seamless_m4t+whisper_v2+hubert+cohere,4,whisper_v2,6,1000
seamless_m4t+whisper_v2+hubert+cohere,4,fastconformer,1,407
seamless_m4t+whisper_v2+hubert+cohere,4,fastconformer,2,593
seamless_m4t+whisper_v2+hubert+cohere,4,xlsr,7,1000
seamless_m4t+whisper_v2+hubert+cohere,4,w2vbert,8,1000
seamless_m4t+whisper_v2+hubert+cohere,4,hubert,3,300
seamless_m4t+whisper_v2+hubert+cohere,4,hubert,4,700
seamless_m4t+whisper_v2+hubert+cohere,4,wav2vec_sb,9,1000
seamless_m4t+whisper_v2+hubert+cohere,4,cohere,1,593
seamless_m4t+whisper_v2+hubert+cohere,4,cohere,2,407
seamless_m4t+whisper_v2+wav2vec_sb+cohere,4,seamless_m4t,4,835
seamless_m4t+whisper_v2+wav2vec_sb+cohere,4,seamless_m4t,5,165
seamless_m4t+whisper_v2+wav2vec_sb+cohere,4,whisper_v3,4,165
seamless_m4t+whisper_v2+wav2vec_sb+cohere,4,whisper_v3,5,835
seamless_m4t+whisper_v2+wav2vec_sb+cohere,4,whisper_v2,6,1000
seamless_m4t+whisper_v2+wav2vec_sb+cohere,4,fastconformer,1,1000
seamless_m4t+whisper_v2+wav2vec_sb+cohere,4,xlsr,7,1000
seamless_m4t+whisper_v2+wav2vec_sb+cohere,4,w2vbert,8,1000
seamless_m4t+whisper_v2+wav2vec_sb+cohere,4,hubert,2,62
seamless_m4t+whisper_v2+wav2vec_sb+cohere,4,hubert,3,938
seamless_m4t+whisper_v2+wav2vec_sb+cohere,4,wav2vec_sb,9,1000
seamless_m4t+whisper_v2+wav2vec_sb+cohere,4,cohere,2,938
seamless_m4t+whisper_v2+wav2vec_sb+cohere,4,cohere,3,62
seamless_m4t+fastconformer+xlsr+w2vbert,4,seamless_m4t,4,11
seamless_m4t+fastconformer+xlsr+w2vbert,4,seamless_m4t,5,989
seamless_m4t+fastconformer+xlsr+w2vbert,4,whisper_v3,4,989
seamless_m4t+fastconformer+xlsr+w2vbert,4,whisper_v3,5,11
seamless_m4t+fastconformer+xlsr+w2vbert,4,whisper_v2,6,1000
seamless_m4t+fastconformer+xlsr+w2vbert,4,fastconformer,3,1000
seamless_m4t+fastconformer+xlsr+w2vbert,4,xlsr,7,1000
seamless_m4t+fastconformer+xlsr+w2vbert,4,w2vbert,8,1000
seamless_m4t+fastconformer+xlsr+w2vbert,4,hubert,2,1000
seamless_m4t+fastconformer+xlsr+w2vbert,4,wav2vec_sb,9,1000
seamless_m4t+fastconformer+xlsr+w2vbert,4,cohere,1,1000
seamless_m4t+fastconformer+xlsr+hubert,4,seamless_m4t,4,1000
seamless_m4t+fastconformer+xlsr+hubert,4,whisper_v3,5,1000
seamless_m4t+fastconformer+xlsr+hubert,4,whisper_v2,6,1000
seamless_m4t+fastconformer+xlsr+hubert,4,fastconformer,2,1000
seamless_m4t+fastconformer+xlsr+hubert,4,xlsr,7,1000
seamless_m4t+fastconformer+xlsr+hubert,4,w2vbert,8,1000
seamless_m4t+fastconformer+xlsr+hubert,4,hubert,3,1000
seamless_m4t+fastconformer+xlsr+hubert,4,wav2vec_sb,9,1000
seamless_m4t+fastconformer+xlsr+hubert,4,cohere,1,1000
seamless_m4t+fastconformer+xlsr+wav2vec_sb,4,seamless_m4t,5,995
seamless_m4t+fastconformer+xlsr+wav2vec_sb,4,seamless_m4t,6,5
seamless_m4t+fastconformer+xlsr+wav2vec_sb,4,whisper_v3,3,1000
seamless_m4t+fastconformer+xlsr+wav2vec_sb,4,whisper_v2,5,5
seamless_m4t+fastconformer+xlsr+wav2vec_sb,4,whisper_v2,6,995
seamless_m4t+fastconformer+xlsr+wav2vec_sb,4,fastconformer,4,1000
seamless_m4t+fastconformer+xlsr+wav2vec_sb,4,xlsr,7,1000
seamless_m4t+fastconformer+xlsr+wav2vec_sb,4,w2vbert,8,1000
seamless_m4t+fastconformer+xlsr+wav2vec_sb,4,hubert,2,1000
seamless_m4t+fastconformer+xlsr+wav2vec_sb,4,wav2vec_sb,9,1000
seamless_m4t+fastconformer+xlsr+wav2vec_sb,4,cohere,1,1000
seamless_m4t+fastconformer+xlsr+cohere,4,seamless_m4t,4,1000
seamless_m4t+fastconformer+xlsr+cohere,4,whisper_v3,5,1000
seamless_m4t+fastconformer+xlsr+cohere,4,whisper_v2,6,1000
seamless_m4t+fastconformer+xlsr+cohere,4,fastconformer,2,1000
seamless_m4t+fastconformer+xlsr+cohere,4,xlsr,7,1000
seamless_m4t+fastconformer+xlsr+cohere,4,w2vbert,8,1000
seamless_m4t+fastconformer+xlsr+cohere,4,hubert,3,1000
seamless_m4t+fastconformer+xlsr+cohere,4,wav2vec_sb,9,1000
seamless_m4t+fastconformer+xlsr+cohere,4,cohere,1,1000
seamless_m4t+fastconformer+w2vbert+hubert,4,seamless_m4t,4,1000
seamless_m4t+fastconformer+w2vbert+hubert,4,whisper_v3,5,1000
seamless_m4t+fastconformer+w2vbert+hubert,4,whisper_v2,6,1000
seamless_m4t+fastconformer+w2vbert+hubert,4,fastconformer,2,1000
seamless_m4t+fastconformer+w2vbert+hubert,4,xlsr,7,1000
seamless_m4t+fastconformer+w2vbert+hubert,4,w2vbert,8,1000
seamless_m4t+fastconformer+w2vbert+hubert,4,hubert,3,1000
seamless_m4t+fastconformer+w2vbert+hubert,4,wav2vec_sb,9,1000
seamless_m4t+fastconformer+w2vbert+hubert,4,cohere,1,1000
seamless_m4t+fastconformer+w2vbert+wav2vec_sb,4,seamless_m4t,5,1000
seamless_m4t+fastconformer+w2vbert+wav2vec_sb,4,whisper_v3,4,1000
seamless_m4t+fastconformer+w2vbert+wav2vec_sb,4,whisper_v2,6,1000
seamless_m4t+fastconformer+w2vbert+wav2vec_sb,4,fastconformer,3,1000
seamless_m4t+fastconformer+w2vbert+wav2vec_sb,4,xlsr,7,1000
seamless_m4t+fastconformer+w2vbert+wav2vec_sb,4,w2vbert,8,1000
seamless_m4t+fastconformer+w2vbert+wav2vec_sb,4,hubert,2,1000
seamless_m4t+fastconformer+w2vbert+wav2vec_sb,4,wav2vec_sb,9,1000
seamless_m4t+fastconformer+w2vbert+wav2vec_sb,4,cohere,1,1000
seamless_m4t+fastconformer+w2vbert+cohere,4,seamless_m4t,4,1000
seamless_m4t+fastconformer+w2vbert+cohere,4,whisper_v3,5,1000
seamless_m4t+fastconformer+w2vbert+cohere,4,whisper_v2,6,1000
seamless_m4t+fastconformer+w2vbert+cohere,4,fastconformer,2,1000
seamless_m4t+fastconformer+w2vbert+cohere,4,xlsr,7,1000
seamless_m4t+fastconformer+w2vbert+cohere,4,w2vbert,8,1000
seamless_m4t+fastconformer+w2vbert+cohere,4,hubert,3,1000
seamless_m4t+fastconformer+w2vbert+cohere,4,wav2vec_sb,9,1000
seamless_m4t+fastconformer+w2vbert+cohere,4,cohere,1,1000
seamless_m4t+fastconformer+hubert+wav2vec_sb,4,seamless_m4t,4,1000
seamless_m4t+fastconformer+hubert+wav2vec_sb,4,whisper_v3,5,1000
seamless_m4t+fastconformer+hubert+wav2vec_sb,4,whisper_v2,6,1000
seamless_m4t+fastconformer+hubert+wav2vec_sb,4,fastconformer,2,1000
seamless_m4t+fastconformer+hubert+wav2vec_sb,4,xlsr,7,1000
seamless_m4t+fastconformer+hubert+wav2vec_sb,4,w2vbert,8,1000
seamless_m4t+fastconformer+hubert+wav2vec_sb,4,hubert,3,1000
seamless_m4t+fastconformer+hubert+wav2vec_sb,4,wav2vec_sb,9,1000
seamless_m4t+fastconformer+hubert+wav2vec_sb,4,cohere,1,1000
seamless_m4t+fastconformer+hubert+cohere,4,seamless_m4t,4,1000
seamless_m4t+fastconformer+hubert+cohere,4,whisper_v3,5,1000
seamless_m4t+fastconformer+hubert+cohere,4,whisper_v2,6,1000
seamless_m4t+fastconformer+hubert+cohere,4,fastconformer,2,1000
seamless_m4t+fastconformer+hubert+cohere,4,xlsr,7,1000
seamless_m4t+fastconformer+hubert+cohere,4,w2vbert,8,1000
seamless_m4t+fastconformer+hubert+cohere,4,hubert,3,1000
seamless_m4t+fastconformer+hubert+cohere,4,wav2vec_sb,9,1000
seamless_m4t+fastconformer+hubert+cohere,4,cohere,1,1000
seamless_m4t+fastconformer+wav2vec_sb+cohere,4,seamless_m4t,4,1000
seamless_m4t+fastconformer+wav2vec_sb+cohere,4,whisper_v3,5,1000
seamless_m4t+fastconformer+wav2vec_sb+cohere,4,whisper_v2,6,1000
seamless_m4t+fastconformer+wav2vec_sb+cohere,4,fastconformer,2,1000
seamless_m4t+fastconformer+wav2vec_sb+cohere,4,xlsr,7,1000
seamless_m4t+fastconformer+wav2vec_sb+cohere,4,w2vbert,8,1000
seamless_m4t+fastconformer+wav2vec_sb+cohere,4,hubert,3,1000
seamless_m4t+fastconformer+wav2vec_sb+cohere,4,wav2vec_sb,9,1000
seamless_m4t+fastconformer+wav2vec_sb+cohere,4,cohere,1,1000
seamless_m4t+xlsr+w2vbert+hubert,4,seamless_m4t,5,1000
seamless_m4t+xlsr+w2vbert+hubert,4,whisper_v3,3,2
seamless_m4t+xlsr+w2vbert+hubert,4,whisper_v3,4,998
seamless_m4t+xlsr+w2vbert+hubert,4,whisper_v2,6,1000
seamless_m4t+xlsr+w2vbert+hubert,4,fastconformer,2,1000
seamless_m4t+xlsr+w2vbert+hubert,4,xlsr,7,1000
seamless_m4t+xlsr+w2vbert+hubert,4,w2vbert,8,1000
seamless_m4t+xlsr+w2vbert+hubert,4,hubert,3,998
seamless_m4t+xlsr+w2vbert+hubert,4,hubert,4,2
seamless_m4t+xlsr+w2vbert+hubert,4,wav2vec_sb,9,1000
seamless_m4t+xlsr+w2vbert+hubert,4,cohere,1,1000
seamless_m4t+xlsr+w2vbert+wav2vec_sb,4,seamless_m4t,5,105
seamless_m4t+xlsr+w2vbert+wav2vec_sb,4,seamless_m4t,6,895
seamless_m4t+xlsr+w2vbert+wav2vec_sb,4,whisper_v3,4,1000
seamless_m4t+xlsr+w2vbert+wav2vec_sb,4,whisper_v2,5,895
seamless_m4t+xlsr+w2vbert+wav2vec_sb,4,whisper_v2,6,105
seamless_m4t+xlsr+w2vbert+wav2vec_sb,4,fastconformer,2,1000
seamless_m4t+xlsr+w2vbert+wav2vec_sb,4,xlsr,7,1000
seamless_m4t+xlsr+w2vbert+wav2vec_sb,4,w2vbert,8,1000
seamless_m4t+xlsr+w2vbert+wav2vec_sb,4,hubert,3,1000
seamless_m4t+xlsr+w2vbert+wav2vec_sb,4,wav2vec_sb,9,1000
seamless_m4t+xlsr+w2vbert+wav2vec_sb,4,cohere,1,1000
seamless_m4t+xlsr+w2vbert+cohere,4,seamless_m4t,4,64
seamless_m4t+xlsr+w2vbert+cohere,4,seamless_m4t,5,936
seamless_m4t+xlsr+w2vbert+cohere,4,whisper_v3,4,936
seamless_m4t+xlsr+w2vbert+cohere,4,whisper_v3,5,64
seamless_m4t+xlsr+w2vbert+cohere,4,whisper_v2,6,1000
seamless_m4t+xlsr+w2vbert+cohere,4,fastconformer,1,1000
seamless_m4t+xlsr+w2vbert+cohere,4,xlsr,7,1000
seamless_m4t+xlsr+w2vbert+cohere,4,w2vbert,8,1000
seamless_m4t+xlsr+w2vbert+cohere,4,hubert,2,1000
seamless_m4t+xlsr+w2vbert+cohere,4,wav2vec_sb,9,1000
seamless_m4t+xlsr+w2vbert+cohere,4,cohere,3,1000
seamless_m4t+xlsr+hubert+wav2vec_sb,4,seamless_m4t,5,1000
seamless_m4t+xlsr+hubert+wav2vec_sb,4,whisper_v3,3,1000
seamless_m4t+xlsr+hubert+wav2vec_sb,4,whisper_v2,6,1000
seamless_m4t+xlsr+hubert+wav2vec_sb,4,fastconformer,2,1000
seamless_m4t+xlsr+hubert+wav2vec_sb,4,xlsr,7,1000
seamless_m4t+xlsr+hubert+wav2vec_sb,4,w2vbert,8,1000
seamless_m4t+xlsr+hubert+wav2vec_sb,4,hubert,4,1000
seamless_m4t+xlsr+hubert+wav2vec_sb,4,wav2vec_sb,9,1000
seamless_m4t+xlsr+hubert+wav2vec_sb,4,cohere,1,1000
seamless_m4t+xlsr+hubert+cohere,4,seamless_m4t,4,1000
seamless_m4t+xlsr+hubert+cohere,4,whisper_v3,5,1000
seamless_m4t+xlsr+hubert+cohere,4,whisper_v2,6,1000
seamless_m4t+xlsr+hubert+cohere,4,fastconformer,1,1000
seamless_m4t+xlsr+hubert+cohere,4,xlsr,7,1000
seamless_m4t+xlsr+hubert+cohere,4,w2vbert,8,1000
seamless_m4t+xlsr+hubert+cohere,4,hubert,3,1000
seamless_m4t+xlsr+hubert+cohere,4,wav2vec_sb,9,1000
seamless_m4t+xlsr+hubert+cohere,4,cohere,2,1000
seamless_m4t+xlsr+wav2vec_sb+cohere,4,seamless_m4t,5,993
seamless_m4t+xlsr+wav2vec_sb+cohere,4,seamless_m4t,6,7
seamless_m4t+xlsr+wav2vec_sb+cohere,4,whisper_v3,3,990
seamless_m4t+xlsr+wav2vec_sb+cohere,4,whisper_v3,4,10
seamless_m4t+xlsr+wav2vec_sb+cohere,4,whisper_v2,5,7
seamless_m4t+xlsr+wav2vec_sb+cohere,4,whisper_v2,6,993
seamless_m4t+xlsr+wav2vec_sb+cohere,4,fastconformer,1,1000
seamless_m4t+xlsr+wav2vec_sb+cohere,4,xlsr,7,1000
seamless_m4t+xlsr+wav2vec_sb+cohere,4,w2vbert,8,1000
seamless_m4t+xlsr+wav2vec_sb+cohere,4,hubert,2,1000
seamless_m4t+xlsr+wav2vec_sb+cohere,4,wav2vec_sb,9,1000
seamless_m4t+xlsr+wav2vec_sb+cohere,4,cohere,3,10
seamless_m4t+xlsr+wav2vec_sb+cohere,4,cohere,4,990
seamless_m4t+w2vbert+hubert+wav2vec_sb,4,seamless_m4t,5,1000
seamless_m4t+w2vbert+hubert+wav2vec_sb,4,whisper_v3,3,240
seamless_m4t+w2vbert+hubert+wav2vec_sb,4,whisper_v3,4,760
seamless_m4t+w2vbert+hubert+wav2vec_sb,4,whisper_v2,6,1000
seamless_m4t+w2vbert+hubert+wav2vec_sb,4,fastconformer,2,1000
seamless_m4t+w2vbert+hubert+wav2vec_sb,4,xlsr,7,1000
seamless_m4t+w2vbert+hubert+wav2vec_sb,4,w2vbert,8,1000
seamless_m4t+w2vbert+hubert+wav2vec_sb,4,hubert,3,760
seamless_m4t+w2vbert+hubert+wav2vec_sb,4,hubert,4,240
seamless_m4t+w2vbert+hubert+wav2vec_sb,4,wav2vec_sb,9,1000
seamless_m4t+w2vbert+hubert+wav2vec_sb,4,cohere,1,1000
seamless_m4t+w2vbert+hubert+cohere,4,seamless_m4t,4,1000
seamless_m4t+w2vbert+hubert+cohere,4,whisper_v3,5,1000
seamless_m4t+w2vbert+hubert+cohere,4,whisper_v2,6,1000
seamless_m4t+w2vbert+hubert+cohere,4,fastconformer,1,1000
seamless_m4t+w2vbert+hubert+cohere,4,xlsr,7,1000
seamless_m4t+w2vbert+hubert+cohere,4,w2vbert,8,1000
seamless_m4t+w2vbert+hubert+cohere,4,hubert,3,1000
seamless_m4t+w2vbert+hubert+cohere,4,wav2vec_sb,9,1000
seamless_m4t+w2vbert+hubert+cohere,4,cohere,2,1000
seamless_m4t+w2vbert+wav2vec_sb+cohere,4,seamless_m4t,5,1000
seamless_m4t+w2vbert+wav2vec_sb+cohere,4,whisper_v3,4,1000
seamless_m4t+w2vbert+wav2vec_sb+cohere,4,whisper_v2,6,1000
seamless_m4t+w2vbert+wav2vec_sb+cohere,4,fastconformer,1,1000
seamless_m4t+w2vbert+wav2vec_sb+cohere,4,xlsr,7,1000
seamless_m4t+w2vbert+wav2vec_sb+cohere,4,w2vbert,8,1000
seamless_m4t+w2vbert+wav2vec_sb+cohere,4,hubert,2,1000
seamless_m4t+w2vbert+wav2vec_sb+cohere,4,wav2vec_sb,9,1000
seamless_m4t+w2vbert+wav2vec_sb+cohere,4,cohere,3,1000
seamless_m4t+hubert+wav2vec_sb+cohere,4,seamless_m4t,4,1000
seamless_m4t+hubert+wav2vec_sb+cohere,4,whisper_v3,5,1000
seamless_m4t+hubert+wav2vec_sb+cohere,4,whisper_v2,6,1000
seamless_m4t+hubert+wav2vec_sb+cohere,4,fastconformer,1,1000
seamless_m4t+hubert+wav2vec_sb+cohere,4,xlsr,7,1000
seamless_m4t+hubert+wav2vec_sb+cohere,4,w2vbert,8,1000
seamless_m4t+hubert+wav2vec_sb+cohere,4,hubert,3,1000
seamless_m4t+hubert+wav2vec_sb+cohere,4,wav2vec_sb,9,1000
seamless_m4t+hubert+wav2vec_sb+cohere,4,cohere,2,1000
whisper_v3+whisper_v2+fastconformer+xlsr,4,seamless_m4t,2,697
whisper_v3+whisper_v2+fastconformer+xlsr,4,seamless_m4t,3,303
whisper_v3+whisper_v2+fastconformer+xlsr,4,whisper_v3,3,1
whisper_v3+whisper_v2+fastconformer+xlsr,4,whisper_v3,4,999
whisper_v3+whisper_v2+fastconformer+xlsr,4,whisper_v2,6,1000
whisper_v3+whisper_v2+fastconformer+xlsr,4,fastconformer,5,1000
whisper_v3+whisper_v2+fastconformer+xlsr,4,xlsr,7,640
whisper_v3+whisper_v2+fastconformer+xlsr,4,xlsr,8,360
whisper_v3+whisper_v2+fastconformer+xlsr,4,w2vbert,7,360
whisper_v3+whisper_v2+fastconformer+xlsr,4,w2vbert,8,640
whisper_v3+whisper_v2+fastconformer+xlsr,4,hubert,2,303
whisper_v3+whisper_v2+fastconformer+xlsr,4,hubert,3,696
whisper_v3+whisper_v2+fastconformer+xlsr,4,hubert,4,1
whisper_v3+whisper_v2+fastconformer+xlsr,4,wav2vec_sb,9,1000
whisper_v3+whisper_v2+fastconformer+xlsr,4,cohere,1,1000
whisper_v3+whisper_v2+fastconformer+w2vbert,4,seamless_m4t,2,938
whisper_v3+whisper_v2+fastconformer+w2vbert,4,seamless_m4t,3,61
whisper_v3+whisper_v2+fastconformer+w2vbert,4,seamless_m4t,4,1
whisper_v3+whisper_v2+fastconformer+w2vbert,4,whisper_v3,2,2
whisper_v3+whisper_v2+fastconformer+w2vbert,4,whisper_v3,3,107
whisper_v3+whisper_v2+fastconformer+w2vbert,4,whisper_v3,4,891
whisper_v3+whisper_v2+fastconformer+w2vbert,4,whisper_v2,6,1000
whisper_v3+whisper_v2+fastconformer+w2vbert,4,fastconformer,5,1000
whisper_v3+whisper_v2+fastconformer+w2vbert,4,xlsr,7,1000
whisper_v3+whisper_v2+fastconformer+w2vbert,4,w2vbert,8,1000
whisper_v3+whisper_v2+fastconformer+w2vbert,4,hubert,2,60
whisper_v3+whisper_v2+fastconformer+w2vbert,4,hubert,3,832
whisper_v3+whisper_v2+fastconformer+w2vbert,4,hubert,4,108
whisper_v3+whisper_v2+fastconformer+w2vbert,4,wav2vec_sb,9,1000
whisper_v3+whisper_v2+fastconformer+w2vbert,4,cohere,1,1000
whisper_v3+whisper_v2+fastconformer+hubert,4,seamless_m4t,2,1000
whisper_v3+whisper_v2+fastconformer+hubert,4,whisper_v3,4,1000
whisper_v3+whisper_v2+fastconformer+hubert,4,whisper_v2,6,1000
whisper_v3+whisper_v2+fastconformer+hubert,4,fastconformer,3,1000
whisper_v3+whisper_v2+fastconformer+hubert,4,xlsr,7,1000
whisper_v3+whisper_v2+fastconformer+hubert,4,w2vbert,8,1000
whisper_v3+whisper_v2+fastconformer+hubert,4,hubert,5,1000
whisper_v3+whisper_v2+fastconformer+hubert,4,wav2vec_sb,9,1000
whisper_v3+whisper_v2+fastconformer+hubert,4,cohere,1,1000
whisper_v3+whisper_v2+fastconformer+wav2vec_sb,4,seamless_m4t,2,914
whisper_v3+whisper_v2+fastconformer+wav2vec_sb,4,seamless_m4t,3,86
whisper_v3+whisper_v2+fastconformer+wav2vec_sb,4,whisper_v3,4,1000
whisper_v3+whisper_v2+fastconformer+wav2vec_sb,4,whisper_v2,6,1000
whisper_v3+whisper_v2+fastconformer+wav2vec_sb,4,fastconformer,5,1000
whisper_v3+whisper_v2+fastconformer+wav2vec_sb,4,xlsr,7,1000
whisper_v3+whisper_v2+fastconformer+wav2vec_sb,4,w2vbert,8,1000
whisper_v3+whisper_v2+fastconformer+wav2vec_sb,4,hubert,2,86
whisper_v3+whisper_v2+fastconformer+wav2vec_sb,4,hubert,3,914
whisper_v3+whisper_v2+fastconformer+wav2vec_sb,4,wav2vec_sb,9,1000
whisper_v3+whisper_v2+fastconformer+wav2vec_sb,4,cohere,1,1000
whisper_v3+whisper_v2+fastconformer+cohere,4,seamless_m4t,1,153
whisper_v3+whisper_v2+fastconformer+cohere,4,seamless_m4t,2,544
whisper_v3+whisper_v2+fastconformer+cohere,4,seamless_m4t,3,303
whisper_v3+whisper_v2+fastconformer+cohere,4,whisper_v3,5,1000
whisper_v3+whisper_v2+fastconformer+cohere,4,whisper_v2,6,1000
whisper_v3+whisper_v2+fastconformer+cohere,4,fastconformer,4,1000
whisper_v3+whisper_v2+fastconformer+cohere,4,xlsr,7,1000
whisper_v3+whisper_v2+fastconformer+cohere,4,w2vbert,8,1000
whisper_v3+whisper_v2+fastconformer+cohere,4,hubert,1,829
whisper_v3+whisper_v2+fastconformer+cohere,4,hubert,2,150
whisper_v3+whisper_v2+fastconformer+cohere,4,hubert,3,21
whisper_v3+whisper_v2+fastconformer+cohere,4,wav2vec_sb,9,1000
whisper_v3+whisper_v2+fastconformer+cohere,4,cohere,1,18
whisper_v3+whisper_v2+fastconformer+cohere,4,cohere,2,306
whisper_v3+whisper_v2+fastconformer+cohere,4,cohere,3,676
whisper_v3+whisper_v2+xlsr+w2vbert,4,seamless_m4t,3,988
whisper_v3+whisper_v2+xlsr+w2vbert,4,seamless_m4t,4,12
whisper_v3+whisper_v2+xlsr+w2vbert,4,whisper_v3,5,1000
whisper_v3+whisper_v2+xlsr+w2vbert,4,whisper_v2,6,1000
whisper_v3+whisper_v2+xlsr+w2vbert,4,fastconformer,2,1000
whisper_v3+whisper_v2+xlsr+w2vbert,4,xlsr,7,999
whisper_v3+whisper_v2+xlsr+w2vbert,4,xlsr,8,1
whisper_v3+whisper_v2+xlsr+w2vbert,4,w2vbert,7,1
whisper_v3+whisper_v2+xlsr+w2vbert,4,w2vbert,8,999
whisper_v3+whisper_v2+xlsr+w2vbert,4,hubert,3,12
whisper_v3+whisper_v2+xlsr+w2vbert,4,hubert,4,988
whisper_v3+whisper_v2+xlsr+w2vbert,4,wav2vec_sb,9,1000
whisper_v3+whisper_v2+xlsr+w2vbert,4,cohere,1,1000
whisper_v3+whisper_v2+xlsr+hubert,4,seamless_m4t,3,1000
whisper_v3+whisper_v2+xlsr+hubert,4,whisper_v3,4,1000
whisper_v3+whisper_v2+xlsr+hubert,4,whisper_v2,6,1000
whisper_v3+whisper_v2+xlsr+hubert,4,fastconformer,2,1000
whisper_v3+whisper_v2+xlsr+hubert,4,xlsr,7,716
whisper_v3+whisper_v2+xlsr+hubert,4,xlsr,8,284
whisper_v3+whisper_v2+xlsr+hubert,4,w2vbert,7,284
whisper_v3+whisper_v2+xlsr+hubert,4,w2vbert,8,716
whisper_v3+whisper_v2+xlsr+hubert,4,hubert,5,1000
whisper_v3+whisper_v2+xlsr+hubert,4,wav2vec_sb,9,1000
whisper_v3+whisper_v2+xlsr+hubert,4,cohere,1,1000
whisper_v3+whisper_v2+xlsr+wav2vec_sb,4,seamless_m4t,3,983
whisper_v3+whisper_v2+xlsr+wav2vec_sb,4,seamless_m4t,4,17
whisper_v3+whisper_v2+xlsr+wav2vec_sb,4,whisper_v3,5,1000
whisper_v3+whisper_v2+xlsr+wav2vec_sb,4,whisper_v2,6,1000
whisper_v3+whisper_v2+xlsr+wav2vec_sb,4,fastconformer,2,1000
whisper_v3+whisper_v2+xlsr+wav2vec_sb,4,xlsr,7,1000
whisper_v3+whisper_v2+xlsr+wav2vec_sb,4,w2vbert,8,1000
whisper_v3+whisper_v2+xlsr+wav2vec_sb,4,hubert,3,17
whisper_v3+whisper_v2+xlsr+wav2vec_sb,4,hubert,4,983
whisper_v3+whisper_v2+xlsr+wav2vec_sb,4,wav2vec_sb,9,1000
whisper_v3+whisper_v2+xlsr+wav2vec_sb,4,cohere,1,1000
whisper_v3+whisper_v2+xlsr+cohere,4,seamless_m4t,2,974
whisper_v3+whisper_v2+xlsr+cohere,4,seamless_m4t,3,26
whisper_v3+whisper_v2+xlsr+cohere,4,whisper_v3,3,1
whisper_v3+whisper_v2+xlsr+cohere,4,whisper_v3,4,89
whisper_v3+whisper_v2+xlsr+cohere,4,whisper_v3,5,910
whisper_v3+whisper_v2+xlsr+cohere,4,whisper_v2,6,1000
whisper_v3+whisper_v2+xlsr+cohere,4,fastconformer,1,1000
whisper_v3+whisper_v2+xlsr+cohere,4,xlsr,7,544
whisper_v3+whisper_v2+xlsr+cohere,4,xlsr,8,456
whisper_v3+whisper_v2+xlsr+cohere,4,w2vbert,7,456
whisper_v3+whisper_v2+xlsr+cohere,4,w2vbert,8,544
whisper_v3+whisper_v2+xlsr+cohere,4,hubert,2,26
whisper_v3+whisper_v2+xlsr+cohere,4,hubert,3,947
whisper_v3+whisper_v2+xlsr+cohere,4,hubert,4,20
whisper_v3+whisper_v2+xlsr+cohere,4,hubert,5,7
whisper_v3+whisper_v2+xlsr+cohere,4,wav2vec_sb,9,1000
whisper_v3+whisper_v2+xlsr+cohere,4,cohere,3,26
whisper_v3+whisper_v2+xlsr+cohere,4,cohere,4,891
whisper_v3+whisper_v2+xlsr+cohere,4,cohere,5,83
whisper_v3+whisper_v2+w2vbert+hubert,4,seamless_m4t,3,1000
whisper_v3+whisper_v2+w2vbert+hubert,4,whisper_v3,4,1000
whisper_v3+whisper_v2+w2vbert+hubert,4,whisper_v2,6,1000
whisper_v3+whisper_v2+w2vbert+hubert,4,fastconformer,2,1000
whisper_v3+whisper_v2+w2vbert+hubert,4,xlsr,7,1000
whisper_v3+whisper_v2+w2vbert+hubert,4,w2vbert,8,1000
whisper_v3+whisper_v2+w2vbert+hubert,4,hubert,5,1000
whisper_v3+whisper_v2+w2vbert+hubert,4,wav2vec_sb,9,1000
whisper_v3+whisper_v2+w2vbert+hubert,4,cohere,1,1000
whisper_v3+whisper_v2+w2vbert+wav2vec_sb,4,seamless_m4t,3,999
whisper_v3+whisper_v2+w2vbert+wav2vec_sb,4,seamless_m4t,4,1
whisper_v3+whisper_v2+w2vbert+wav2vec_sb,4,whisper_v3,5,1000
whisper_v3+whisper_v2+w2vbert+wav2vec_sb,4,whisper_v2,6,1000
whisper_v3+whisper_v2+w2vbert+wav2vec_sb,4,fastconformer,2,1000
whisper_v3+whisper_v2+w2vbert+wav2vec_sb,4,xlsr,7,1000
whisper_v3+whisper_v2+w2vbert+wav2vec_sb,4,w2vbert,8,1000
whisper_v3+whisper_v2+w2vbert+wav2vec_sb,4,hubert,3,1
whisper_v3+whisper_v2+w2vbert+wav2vec_sb,4,hubert,4,999
whisper_v3+whisper_v2+w2vbert+wav2vec_sb,4,wav2vec_sb,9,1000
whisper_v3+whisper_v2+w2vbert+wav2vec_sb,4,cohere,1,1000
whisper_v3+whisper_v2+w2vbert+cohere,4,seamless_m4t,2,976
whisper_v3+whisper_v2+w2vbert+cohere,4,seamless_m4t,3,24
whisper_v3+whisper_v2+w2vbert+cohere,4,whisper_v3,3,38
whisper_v3+whisper_v2+w2vbert+cohere,4,whisper_v3,4,374
whisper_v3+whisper_v2+w2vbert+cohere,4,whisper_v3,5,588
whisper_v3+whisper_v2+w2vbert+cohere,4,whisper_v2,6,1000
whisper_v3+whisper_v2+w2vbert+cohere,4,fastconformer,1,1000
whisper_v3+whisper_v2+w2vbert+cohere,4,xlsr,7,1000
whisper_v3+whisper_v2+w2vbert+cohere,4,w2vbert,8,1000
whisper_v3+whisper_v2+w2vbert+cohere,4,hubert,2,24
whisper_v3+whisper_v2+w2vbert+cohere,4,hubert,3,903
whisper_v3+whisper_v2+w2vbert+cohere,4,hubert,4,47
whisper_v3+whisper_v2+w2vbert+cohere,4,hubert,5,26
whisper_v3+whisper_v2+w2vbert+cohere,4,wav2vec_sb,9,1000
whisper_v3+whisper_v2+w2vbert+cohere,4,cohere,3,35
whisper_v3+whisper_v2+w2vbert+cohere,4,cohere,4,579
whisper_v3+whisper_v2+w2vbert+cohere,4,cohere,5,386
whisper_v3+whisper_v2+hubert+wav2vec_sb,4,seamless_m4t,3,1000
whisper_v3+whisper_v2+hubert+wav2vec_sb,4,whisper_v3,4,1000
whisper_v3+whisper_v2+hubert+wav2vec_sb,4,whisper_v2,6,1000
whisper_v3+whisper_v2+hubert+wav2vec_sb,4,fastconformer,2,1000
whisper_v3+whisper_v2+hubert+wav2vec_sb,4,xlsr,7,1000
whisper_v3+whisper_v2+hubert+wav2vec_sb,4,w2vbert,8,1000
whisper_v3+whisper_v2+hubert+wav2vec_sb,4,hubert,5,1000
whisper_v3+whisper_v2+hubert+wav2vec_sb,4,wav2vec_sb,9,1000
whisper_v3+whisper_v2+hubert+wav2vec_sb,4,cohere,1,1000
whisper_v3+whisper_v2+hubert+cohere,4,seamless_m4t,2,791
whisper_v3+whisper_v2+hubert+cohere,4,seamless_m4t,3,209
whisper_v3+whisper_v2+hubert+cohere,4,whisper_v3,4,1000
whisper_v3+whisper_v2+hubert+cohere,4,whisper_v2,6,1000
whisper_v3+whisper_v2+hubert+cohere,4,fastconformer,1,1000
whisper_v3+whisper_v2+hubert+cohere,4,xlsr,7,1000
whisper_v3+whisper_v2+hubert+cohere,4,w2vbert,8,1000
whisper_v3+whisper_v2+hubert+cohere,4,hubert,5,1000
whisper_v3+whisper_v2+hubert+cohere,4,wav2vec_sb,9,1000
whisper_v3+whisper_v2+hubert+cohere,4,cohere,2,209
whisper_v3+whisper_v2+hubert+cohere,4,cohere,3,791
whisper_v3+whisper_v2+wav2vec_sb+cohere,4,seamless_m4t,2,987
whisper_v3+whisper_v2+wav2vec_sb+cohere,4,seamless_m4t,3,13
whisper_v3+whisper_v2+wav2vec_sb+cohere,4,whisper_v3,4,44
whisper_v3+whisper_v2+wav2vec_sb+cohere,4,whisper_v3,5,956
whisper_v3+whisper_v2+wav2vec_sb+cohere,4,whisper_v2,6,1000
whisper_v3+whisper_v2+wav2vec_sb+cohere,4,fastconformer,1,1000
whisper_v3+whisper_v2+wav2vec_sb+cohere,4,xlsr,7,1000
whisper_v3+whisper_v2+wav2vec_sb+cohere,4,w2vbert,8,1000
whisper_v3+whisper_v2+wav2vec_sb+cohere,4,hubert,2,13
whisper_v3+whisper_v2+wav2vec_sb+cohere,4,hubert,3,978
whisper_v3+whisper_v2+wav2vec_sb+cohere,4,hubert,4,8
whisper_v3+whisper_v2+wav2vec_sb+cohere,4,hubert,5,1
whisper_v3+whisper_v2+wav2vec_sb+cohere,4,wav2vec_sb,9,1000
whisper_v3+whisper_v2+wav2vec_sb+cohere,4,cohere,3,9
whisper_v3+whisper_v2+wav2vec_sb+cohere,4,cohere,4,948
whisper_v3+whisper_v2+wav2vec_sb+cohere,4,cohere,5,43
whisper_v3+fastconformer+xlsr+w2vbert,4,seamless_m4t,2,4
whisper_v3+fastconformer+xlsr+w2vbert,4,seamless_m4t,3,996
whisper_v3+fastconformer+xlsr+w2vbert,4,whisper_v3,5,1000
whisper_v3+fastconformer+xlsr+w2vbert,4,whisper_v2,6,1000
whisper_v3+fastconformer+xlsr+w2vbert,4,fastconformer,4,1000
whisper_v3+fastconformer+xlsr+w2vbert,4,xlsr,7,999
whisper_v3+fastconformer+xlsr+w2vbert,4,xlsr,8,1
whisper_v3+fastconformer+xlsr+w2vbert,4,w2vbert,7,1
whisper_v3+fastconformer+xlsr+w2vbert,4,w2vbert,8,999
whisper_v3+fastconformer+xlsr+w2vbert,4,hubert,2,996
whisper_v3+fastconformer+xlsr+w2vbert,4,hubert,3,4
whisper_v3+fastconformer+xlsr+w2vbert,4,wav2vec_sb,9,1000
whisper_v3+fastconformer+xlsr+w2vbert,4,cohere,1,1000
whisper_v3+fastconformer+xlsr+hubert,4,seamless_m4t,2,5
whisper_v3+fastconformer+xlsr+hubert,4,seamless_m4t,3,995
whisper_v3+fastconformer+xlsr+hubert,4,whisper_v3,5,1000
whisper_v3+fastconformer+xlsr+hubert,4,whisper_v2,6,1000
whisper_v3+fastconformer+xlsr+hubert,4,fastconformer,2,995
whisper_v3+fastconformer+xlsr+hubert,4,fastconformer,3,5
whisper_v3+fastconformer+xlsr+hubert,4,xlsr,7,1000
whisper_v3+fastconformer+xlsr+hubert,4,w2vbert,8,1000
whisper_v3+fastconformer+xlsr+hubert,4,hubert,4,1000
whisper_v3+fastconformer+xlsr+hubert,4,wav2vec_sb,9,1000
whisper_v3+fastconformer+xlsr+hubert,4,cohere,1,1000
whisper_v3+fastconformer+xlsr+wav2vec_sb,4,seamless_m4t,2,1
whisper_v3+fastconformer+xlsr+wav2vec_sb,4,seamless_m4t,3,999
whisper_v3+fastconformer+xlsr+wav2vec_sb,4,whisper_v3,6,1000
whisper_v3+fastconformer+xlsr+wav2vec_sb,4,whisper_v2,5,1000
whisper_v3+fastconformer+xlsr+wav2vec_sb,4,fastconformer,4,1000
whisper_v3+fastconformer+xlsr+wav2vec_sb,4,xlsr,7,1000
whisper_v3+fastconformer+xlsr+wav2vec_sb,4,w2vbert,8,1000
whisper_v3+fastconformer+xlsr+wav2vec_sb,4,hubert,2,999
whisper_v3+fastconformer+xlsr+wav2vec_sb,4,hubert,3,1
whisper_v3+fastconformer+xlsr+wav2vec_sb,4,wav2vec_sb,9,1000
whisper_v3+fastconformer+xlsr+wav2vec_sb,4,cohere,1,1000
whisper_v3+fastconformer+xlsr+cohere,4,seamless_m4t,4,1000
whisper_v3+fastconformer+xlsr+cohere,4,whisper_v3,5,1000
whisper_v3+fastconformer+xlsr+cohere,4,whisper_v2,6,1000
whisper_v3+fastconformer+xlsr+cohere,4,fastconformer,2,692
whisper_v3+fastconformer+xlsr+cohere,4,fastconformer,3,308
whisper_v3+fastconformer+xlsr+cohere,4,xlsr,7,1000
whisper_v3+fastconformer+xlsr+cohere,4,w2vbert,8,1000
whisper_v3+fastconformer+xlsr+cohere,4,hubert,2,308
whisper_v3+fastconformer+xlsr+cohere,4,hubert,3,692
whisper_v3+fastconformer+xlsr+cohere,4,wav2vec_sb,9,1000
whisper_v3+fastconformer+xlsr+cohere,4,cohere,1,1000
whisper_v3+fastconformer+w2vbert+hubert,4,seamless_m4t,2,59
whisper_v3+fastconformer+w2vbert+hubert,4,seamless_m4t,3,941
whisper_v3+fastconformer+w2vbert+hubert,4,whisper_v3,5,1000
whisper_v3+fastconformer+w2vbert+hubert,4,whisper_v2,6,1000
whisper_v3+fastconformer+w2vbert+hubert,4,fastconformer,2,941
whisper_v3+fastconformer+w2vbert+hubert,4,fastconformer,3,59
whisper_v3+fastconformer+w2vbert+hubert,4,xlsr,7,1000
whisper_v3+fastconformer+w2vbert+hubert,4,w2vbert,8,1000
whisper_v3+fastconformer+w2vbert+hubert,4,hubert,4,1000
whisper_v3+fastconformer+w2vbert+hubert,4,wav2vec_sb,9,1000
whisper_v3+fastconformer+w2vbert+hubert,4,cohere,1,1000
whisper_v3+fastconformer+w2vbert+wav2vec_sb,4,seamless_m4t,2,9
whisper_v3+fastconformer+w2vbert+wav2vec_sb,4,seamless_m4t,3,991
whisper_v3+fastconformer+w2vbert+wav2vec_sb,4,whisper_v3,5,669
whisper_v3+fastconformer+w2vbert+wav2vec_sb,4,whisper_v3,6,331
whisper_v3+fastconformer+w2vbert+wav2vec_sb,4,whisper_v2,5,331
whisper_v3+fastconformer+w2vbert+wav2vec_sb,4,whisper_v2,6,669
whisper_v3+fastconformer+w2vbert+wav2vec_sb,4,fastconformer,4,1000
whisper_v3+fastconformer+w2vbert+wav2vec_sb,4,xlsr,7,1000
whisper_v3+fastconformer+w2vbert+wav2vec_sb,4,w2vbert,8,1000
whisper_v3+fastconformer+w2vbert+wav2vec_sb,4,hubert,2,991
whisper_v3+fastconformer+w2vbert+wav2vec_sb,4,hubert,3,9
whisper_v3+fastconformer+w2vbert+wav2vec_sb,4,wav2vec_sb,9,1000
whisper_v3+fastconformer+w2vbert+wav2vec_sb,4,cohere,1,1000
whisper_v3+fastconformer+w2vbert+cohere,4,seamless_m4t,3,3
whisper_v3+fastconformer+w2vbert+cohere,4,seamless_m4t,4,997
whisper_v3+fastconformer+w2vbert+cohere,4,whisper_v3,5,1000
whisper_v3+fastconformer+w2vbert+cohere,4,whisper_v2,6,1000
whisper_v3+fastconformer+w2vbert+cohere,4,fastconformer,2,314
whisper_v3+fastconformer+w2vbert+cohere,4,fastconformer,3,685
whisper_v3+fastconformer+w2vbert+cohere,4,fastconformer,4,1
whisper_v3+fastconformer+w2vbert+cohere,4,xlsr,7,1000
whisper_v3+fastconformer+w2vbert+cohere,4,w2vbert,8,1000
whisper_v3+fastconformer+w2vbert+cohere,4,hubert,2,686
whisper_v3+fastconformer+w2vbert+cohere,4,hubert,3,312
whisper_v3+fastconformer+w2vbert+cohere,4,hubert,4,2
whisper_v3+fastconformer+w2vbert+cohere,4,wav2vec_sb,9,1000
whisper_v3+fastconformer+w2vbert+cohere,4,cohere,1,1000
whisper_v3+fastconformer+hubert+wav2vec_sb,4,seamless_m4t,2,26
whisper_v3+fastconformer+hubert+wav2vec_sb,4,seamless_m4t,3,974
whisper_v3+fastconformer+hubert+wav2vec_sb,4,whisper_v3,5,1000
whisper_v3+fastconformer+hubert+wav2vec_sb,4,whisper_v2,6,1000
whisper_v3+fastconformer+hubert+wav2vec_sb,4,fastconformer,2,974
whisper_v3+fastconformer+hubert+wav2vec_sb,4,fastconformer,3,26
whisper_v3+fastconformer+hubert+wav2vec_sb,4,xlsr,7,1000
whisper_v3+fastconformer+hubert+wav2vec_sb,4,w2vbert,8,1000
whisper_v3+fastconformer+hubert+wav2vec_sb,4,hubert,4,1000
whisper_v3+fastconformer+hubert+wav2vec_sb,4,wav2vec_sb,9,1000
whisper_v3+fastconformer+hubert+wav2vec_sb,4,cohere,1,1000
whisper_v3+fastconformer+hubert+cohere,4,seamless_m4t,4,1000
whisper_v3+fastconformer+hubert+cohere,4,whisper_v3,5,1000
whisper_v3+fastconformer+hubert+cohere,4,whisper_v2,6,1000
whisper_v3+fastconformer+hubert+cohere,4,fastconformer,2,1000
whisper_v3+fastconformer+hubert+cohere,4,xlsr,7,1000
whisper_v3+fastconformer+hubert+cohere,4,w2vbert,8,1000
whisper_v3+fastconformer+hubert+cohere,4,hubert,3,1000
whisper_v3+fastconformer+hubert+cohere,4,wav2vec_sb,9,1000
whisper_v3+fastconformer+hubert+cohere,4,cohere,1,1000
whisper_v3+fastconformer+wav2vec_sb+cohere,4,seamless_m4t,4,1000
whisper_v3+fastconformer+wav2vec_sb+cohere,4,whisper_v3,5,1000
whisper_v3+fastconformer+wav2vec_sb+cohere,4,whisper_v2,6,1000
whisper_v3+fastconformer+wav2vec_sb+cohere,4,fastconformer,2,814
whisper_v3+fastconformer+wav2vec_sb+cohere,4,fastconformer,3,186
whisper_v3+fastconformer+wav2vec_sb+cohere,4,xlsr,7,1000
whisper_v3+fastconformer+wav2vec_sb+cohere,4,w2vbert,8,1000
whisper_v3+fastconformer+wav2vec_sb+cohere,4,hubert,2,186
whisper_v3+fastconformer+wav2vec_sb+cohere,4,hubert,3,814
whisper_v3+fastconformer+wav2vec_sb+cohere,4,wav2vec_sb,9,1000
whisper_v3+fastconformer+wav2vec_sb+cohere,4,cohere,1,1000
whisper_v3+xlsr+w2vbert+hubert,4,seamless_m4t,3,1000
whisper_v3+xlsr+w2vbert+hubert,4,whisper_v3,5,950
whisper_v3+xlsr+w2vbert+hubert,4,whisper_v3,6,50
whisper_v3+xlsr+w2vbert+hubert,4,whisper_v2,5,50
whisper_v3+xlsr+w2vbert+hubert,4,whisper_v2,6,950
whisper_v3+xlsr+w2vbert+hubert,4,fastconformer,2,1000
whisper_v3+xlsr+w2vbert+hubert,4,xlsr,7,1000
whisper_v3+xlsr+w2vbert+hubert,4,w2vbert,8,1000
whisper_v3+xlsr+w2vbert+hubert,4,hubert,4,1000
whisper_v3+xlsr+w2vbert+hubert,4,wav2vec_sb,9,1000
whisper_v3+xlsr+w2vbert+hubert,4,cohere,1,1000
whisper_v3+xlsr+w2vbert+wav2vec_sb,4,seamless_m4t,3,11
whisper_v3+xlsr+w2vbert+wav2vec_sb,4,seamless_m4t,4,989
whisper_v3+xlsr+w2vbert+wav2vec_sb,4,whisper_v3,6,1000
whisper_v3+xlsr+w2vbert+wav2vec_sb,4,whisper_v2,5,1000
whisper_v3+xlsr+w2vbert+wav2vec_sb,4,fastconformer,2,1000
whisper_v3+xlsr+w2vbert+wav2vec_sb,4,xlsr,7,1000
whisper_v3+xlsr+w2vbert+wav2vec_sb,4,w2vbert,8,1000
whisper_v3+xlsr+w2vbert+wav2vec_sb,4,hubert,3,989
whisper_v3+xlsr+w2vbert+wav2vec_sb,4,hubert,4,11
whisper_v3+xlsr+w2vbert+wav2vec_sb,4,wav2vec_sb,9,1000
whisper_v3+xlsr+w2vbert+wav2vec_sb,4,cohere,1,1000
whisper_v3+xlsr+w2vbert+cohere,4,seamless_m4t,2,87
whisper_v3+xlsr+w2vbert+cohere,4,seamless_m4t,3,913
whisper_v3+xlsr+w2vbert+cohere,4,whisper_v3,5,999
whisper_v3+xlsr+w2vbert+cohere,4,whisper_v3,6,1
whisper_v3+xlsr+w2vbert+cohere,4,whisper_v2,5,1
whisper_v3+xlsr+w2vbert+cohere,4,whisper_v2,6,999
whisper_v3+xlsr+w2vbert+cohere,4,fastconformer,1,1000
whisper_v3+xlsr+w2vbert+cohere,4,xlsr,7,1000
whisper_v3+xlsr+w2vbert+cohere,4,w2vbert,8,1000
whisper_v3+xlsr+w2vbert+cohere,4,hubert,2,913
whisper_v3+xlsr+w2vbert+cohere,4,hubert,3,87
whisper_v3+xlsr+w2vbert+cohere,4,wav2vec_sb,9,1000
whisper_v3+xlsr+w2vbert+cohere,4,cohere,4,1000
whisper_v3+xlsr+hubert+wav2vec_sb,4,seamless_m4t,3,1000
whisper_v3+xlsr+hubert+wav2vec_sb,4,whisper_v3,6,1000
whisper_v3+xlsr+hubert+wav2vec_sb,4,whisper_v2,4,93
whisper_v3+xlsr+hubert+wav2vec_sb,4,whisper_v2,5,907
whisper_v3+xlsr+hubert+wav2vec_sb,4,fastconformer,2,1000
whisper_v3+xlsr+hubert+wav2vec_sb,4,xlsr,7,1000
whisper_v3+xlsr+hubert+wav2vec_sb,4,w2vbert,8,1000
whisper_v3+xlsr+hubert+wav2vec_sb,4,hubert,4,907
whisper_v3+xlsr+hubert+wav2vec_sb,4,hubert,5,93
whisper_v3+xlsr+hubert+wav2vec_sb,4,wav2vec_sb,9,1000
whisper_v3+xlsr+hubert+wav2vec_sb,4,cohere,1,1000
whisper_v3+xlsr+hubert+cohere,4,seamless_m4t,3,1000
whisper_v3+xlsr+hubert+cohere,4,whisper_v3,5,1000
whisper_v3+xlsr+hubert+cohere,4,whisper_v2,6,1000
whisper_v3+xlsr+hubert+cohere,4,fastconformer,1,1000
whisper_v3+xlsr+hubert+cohere,4,xlsr,7,1000
whisper_v3+xlsr+hubert+cohere,4,w2vbert,8,1000
whisper_v3+xlsr+hubert+cohere,4,hubert,4,1000
whisper_v3+xlsr+hubert+cohere,4,wav2vec_sb,9,1000
whisper_v3+xlsr+hubert+cohere,4,cohere,2,1000
whisper_v3+xlsr+wav2vec_sb+cohere,4,seamless_m4t,2,42
whisper_v3+xlsr+wav2vec_sb+cohere,4,seamless_m4t,3,958
whisper_v3+xlsr+wav2vec_sb+cohere,4,whisper_v3,6,1000
whisper_v3+xlsr+wav2vec_sb+cohere,4,whisper_v2,5,1000
whisper_v3+xlsr+wav2vec_sb+cohere,4,fastconformer,1,1000
whisper_v3+xlsr+wav2vec_sb+cohere,4,xlsr,7,1000
whisper_v3+xlsr+wav2vec_sb+cohere,4,w2vbert,8,1000
whisper_v3+xlsr+wav2vec_sb+cohere,4,hubert,2,958
whisper_v3+xlsr+wav2vec_sb+cohere,4,hubert,3,42
whisper_v3+xlsr+wav2vec_sb+cohere,4,wav2vec_sb,9,1000
whisper_v3+xlsr+wav2vec_sb+cohere,4,cohere,4,1000
whisper_v3+w2vbert+hubert+wav2vec_sb,4,seamless_m4t,3,1000
whisper_v3+w2vbert+hubert+wav2vec_sb,4,whisper_v3,5,319
whisper_v3+w2vbert+hubert+wav2vec_sb,4,whisper_v3,6,681
whisper_v3+w2vbert+hubert+wav2vec_sb,4,whisper_v2,5,681
whisper_v3+w2vbert+hubert+wav2vec_sb,4,whisper_v2,6,319
whisper_v3+w2vbert+hubert+wav2vec_sb,4,fastconformer,2,1000
whisper_v3+w2vbert+hubert+wav2vec_sb,4,xlsr,7,1000
whisper_v3+w2vbert+hubert+wav2vec_sb,4,w2vbert,8,1000
whisper_v3+w2vbert+hubert+wav2vec_sb,4,hubert,4,1000
whisper_v3+w2vbert+hubert+wav2vec_sb,4,wav2vec_sb,9,1000
whisper_v3+w2vbert+hubert+wav2vec_sb,4,cohere,1,1000
whisper_v3+w2vbert+hubert+cohere,4,seamless_m4t,3,1000
whisper_v3+w2vbert+hubert+cohere,4,whisper_v3,5,1000
whisper_v3+w2vbert+hubert+cohere,4,whisper_v2,6,1000
whisper_v3+w2vbert+hubert+cohere,4,fastconformer,1,1000
whisper_v3+w2vbert+hubert+cohere,4,xlsr,7,1000
whisper_v3+w2vbert+hubert+cohere,4,w2vbert,8,1000
whisper_v3+w2vbert+hubert+cohere,4,hubert,4,1000
whisper_v3+w2vbert+hubert+cohere,4,wav2vec_sb,9,1000
whisper_v3+w2vbert+hubert+cohere,4,cohere,2,1000
whisper_v3+w2vbert+wav2vec_sb+cohere,4,seamless_m4t,2,235
whisper_v3+w2vbert+wav2vec_sb+cohere,4,seamless_m4t,3,765
whisper_v3+w2vbert+wav2vec_sb+cohere,4,whisper_v3,5,912
whisper_v3+w2vbert+wav2vec_sb+cohere,4,whisper_v3,6,88
whisper_v3+w2vbert+wav2vec_sb+cohere,4,whisper_v2,5,88
whisper_v3+w2vbert+wav2vec_sb+cohere,4,whisper_v2,6,912
whisper_v3+w2vbert+wav2vec_sb+cohere,4,fastconformer,1,1000
whisper_v3+w2vbert+wav2vec_sb+cohere,4,xlsr,7,1000
whisper_v3+w2vbert+wav2vec_sb+cohere,4,w2vbert,8,1000
whisper_v3+w2vbert+wav2vec_sb+cohere,4,hubert,2,765
whisper_v3+w2vbert+wav2vec_sb+cohere,4,hubert,3,235
whisper_v3+w2vbert+wav2vec_sb+cohere,4,wav2vec_sb,9,1000
whisper_v3+w2vbert+wav2vec_sb+cohere,4,cohere,4,1000
whisper_v3+hubert+wav2vec_sb+cohere,4,seamless_m4t,3,1000
whisper_v3+hubert+wav2vec_sb+cohere,4,whisper_v3,5,1000
whisper_v3+hubert+wav2vec_sb+cohere,4,whisper_v2,6,1000
whisper_v3+hubert+wav2vec_sb+cohere,4,fastconformer,1,1000
whisper_v3+hubert+wav2vec_sb+cohere,4,xlsr,7,1000
whisper_v3+hubert+wav2vec_sb+cohere,4,w2vbert,8,1000
whisper_v3+hubert+wav2vec_sb+cohere,4,hubert,4,1000
whisper_v3+hubert+wav2vec_sb+cohere,4,wav2vec_sb,9,1000
whisper_v3+hubert+wav2vec_sb+cohere,4,cohere,2,1000
whisper_v2+fastconformer+xlsr+w2vbert,4,seamless_m4t,3,1000
whisper_v2+fastconformer+xlsr+w2vbert,4,whisper_v3,4,1000
whisper_v2+fastconformer+xlsr+w2vbert,4,whisper_v2,6,1000
whisper_v2+fastconformer+xlsr+w2vbert,4,fastconformer,5,1000
whisper_v2+fastconformer+xlsr+w2vbert,4,xlsr,7,1000
whisper_v2+fastconformer+xlsr+w2vbert,4,w2vbert,8,1000
whisper_v2+fastconformer+xlsr+w2vbert,4,hubert,2,1000
whisper_v2+fastconformer+xlsr+w2vbert,4,wav2vec_sb,9,1000
whisper_v2+fastconformer+xlsr+w2vbert,4,cohere,1,1000
whisper_v2+fastconformer+xlsr+hubert,4,seamless_m4t,2,282
whisper_v2+fastconformer+xlsr+hubert,4,seamless_m4t,3,718
whisper_v2+fastconformer+xlsr+hubert,4,whisper_v3,5,1000
whisper_v2+fastconformer+xlsr+hubert,4,whisper_v2,6,1000
whisper_v2+fastconformer+xlsr+hubert,4,fastconformer,2,718
whisper_v2+fastconformer+xlsr+hubert,4,fastconformer,3,282
whisper_v2+fastconformer+xlsr+hubert,4,xlsr,7,1000
whisper_v2+fastconformer+xlsr+hubert,4,w2vbert,8,1000
whisper_v2+fastconformer+xlsr+hubert,4,hubert,4,1000
whisper_v2+fastconformer+xlsr+hubert,4,wav2vec_sb,9,1000
whisper_v2+fastconformer+xlsr+hubert,4,cohere,1,1000
whisper_v2+fastconformer+xlsr+wav2vec_sb,4,seamless_m4t,3,1000
whisper_v2+fastconformer+xlsr+wav2vec_sb,4,whisper_v3,4,1000
whisper_v2+fastconformer+xlsr+wav2vec_sb,4,whisper_v2,6,357
whisper_v2+fastconformer+xlsr+wav2vec_sb,4,whisper_v2,7,643
whisper_v2+fastconformer+xlsr+wav2vec_sb,4,fastconformer,5,1000
whisper_v2+fastconformer+xlsr+wav2vec_sb,4,xlsr,6,643
whisper_v2+fastconformer+xlsr+wav2vec_sb,4,xlsr,7,357
whisper_v2+fastconformer+xlsr+wav2vec_sb,4,w2vbert,8,1000
whisper_v2+fastconformer+xlsr+wav2vec_sb,4,hubert,2,1000
whisper_v2+fastconformer+xlsr+wav2vec_sb,4,wav2vec_sb,9,1000
whisper_v2+fastconformer+xlsr+wav2vec_sb,4,cohere,1,1000
whisper_v2+fastconformer+xlsr+cohere,4,seamless_m4t,2,1
whisper_v2+fastconformer+xlsr+cohere,4,seamless_m4t,3,54
whisper_v2+fastconformer+xlsr+cohere,4,seamless_m4t,4,945
whisper_v2+fastconformer+xlsr+cohere,4,whisper_v3,5,1000
whisper_v2+fastconformer+xlsr+cohere,4,whisper_v2,6,1000
whisper_v2+fastconformer+xlsr+cohere,4,fastconformer,3,945
whisper_v2+fastconformer+xlsr+cohere,4,fastconformer,4,55
whisper_v2+fastconformer+xlsr+cohere,4,xlsr,7,1000
whisper_v2+fastconformer+xlsr+cohere,4,w2vbert,8,1000
whisper_v2+fastconformer+xlsr+cohere,4,hubert,1,23
whisper_v2+fastconformer+xlsr+cohere,4,hubert,2,976
whisper_v2+fastconformer+xlsr+cohere,4,hubert,3,1
whisper_v2+fastconformer+xlsr+cohere,4,wav2vec_sb,9,1000
whisper_v2+fastconformer+xlsr+cohere,4,cohere,1,977
whisper_v2+fastconformer+xlsr+cohere,4,cohere,2,23
whisper_v2+fastconformer+w2vbert+hubert,4,seamless_m4t,2,895
whisper_v2+fastconformer+w2vbert+hubert,4,seamless_m4t,3,105
whisper_v2+fastconformer+w2vbert+hubert,4,whisper_v3,4,1
whisper_v2+fastconformer+w2vbert+hubert,4,whisper_v3,5,999
whisper_v2+fastconformer+w2vbert+hubert,4,whisper_v2,6,1000
whisper_v2+fastconformer+w2vbert+hubert,4,fastconformer,2,105
whisper_v2+fastconformer+w2vbert+hubert,4,fastconformer,3,895
whisper_v2+fastconformer+w2vbert+hubert,4,xlsr,7,1000
whisper_v2+fastconformer+w2vbert+hubert,4,w2vbert,8,1000
whisper_v2+fastconformer+w2vbert+hubert,4,hubert,4,999
whisper_v2+fastconformer+w2vbert+hubert,4,hubert,5,1
whisper_v2+fastconformer+w2vbert+hubert,4,wav2vec_sb,9,1000
whisper_v2+fastconformer+w2vbert+hubert,4,cohere,1,1000
whisper_v2+fastconformer+w2vbert+wav2vec_sb,4,seamless_m4t,2,1
whisper_v2+fastconformer+w2vbert+wav2vec_sb,4,seamless_m4t,3,999
whisper_v2+fastconformer+w2vbert+wav2vec_sb,4,whisper_v3,4,1000
whisper_v2+fastconformer+w2vbert+wav2vec_sb,4,whisper_v2,6,1000
whisper_v2+fastconformer+w2vbert+wav2vec_sb,4,fastconformer,5,1000
whisper_v2+fastconformer+w2vbert+wav2vec_sb,4,xlsr,7,1000
whisper_v2+fastconformer+w2vbert+wav2vec_sb,4,w2vbert,8,1000
whisper_v2+fastconformer+w2vbert+wav2vec_sb,4,hubert,2,999
whisper_v2+fastconformer+w2vbert+wav2vec_sb,4,hubert,3,1
whisper_v2+fastconformer+w2vbert+wav2vec_sb,4,wav2vec_sb,9,1000
whisper_v2+fastconformer+w2vbert+wav2vec_sb,4,cohere,1,1000
whisper_v2+fastconformer+w2vbert+cohere,4,seamless_m4t,3,364
whisper_v2+fastconformer+w2vbert+cohere,4,seamless_m4t,4,636
whisper_v2+fastconformer+w2vbert+cohere,4,whisper_v3,5,1000
whisper_v2+fastconformer+w2vbert+cohere,4,whisper_v2,6,1000
whisper_v2+fastconformer+w2vbert+cohere,4,fastconformer,3,636
whisper_v2+fastconformer+w2vbert+cohere,4,fastconformer,4,364
whisper_v2+fastconformer+w2vbert+cohere,4,xlsr,7,1000
whisper_v2+fastconformer+w2vbert+cohere,4,w2vbert,8,1000
whisper_v2+fastconformer+w2vbert+cohere,4,hubert,1,48
whisper_v2+fastconformer+w2vbert+cohere,4,hubert,2,952
whisper_v2+fastconformer+w2vbert+cohere,4,wav2vec_sb,9,1000
whisper_v2+fastconformer+w2vbert+cohere,4,cohere,1,952
whisper_v2+fastconformer+w2vbert+cohere,4,cohere,2,48
whisper_v2+fastconformer+hubert+wav2vec_sb,4,seamless_m4t,2,740
whisper_v2+fastconformer+hubert+wav2vec_sb,4,seamless_m4t,3,260
whisper_v2+fastconformer+hubert+wav2vec_sb,4,whisper_v3,5,1000
whisper_v2+fastconformer+hubert+wav2vec_sb,4,whisper_v2,6,1000
whisper_v2+fastconformer+hubert+wav2vec_sb,4,fastconformer,2,260
whisper_v2+fastconformer+hubert+wav2vec_sb,4,fastconformer,3,740
whisper_v2+fastconformer+hubert+wav2vec_sb,4,xlsr,7,1000
whisper_v2+fastconformer+hubert+wav2vec_sb,4,w2vbert,8,1000
whisper_v2+fastconformer+hubert+wav2vec_sb,4,hubert,4,1000
whisper_v2+fastconformer+hubert+wav2vec_sb,4,wav2vec_sb,9,1000
whisper_v2+fastconformer+hubert+wav2vec_sb,4,cohere,1,1000
whisper_v2+fastconformer+hubert+cohere,4,seamless_m4t,4,1000
whisper_v2+fastconformer+hubert+cohere,4,whisper_v3,5,1000
whisper_v2+fastconformer+hubert+cohere,4,whisper_v2,6,1000
whisper_v2+fastconformer+hubert+cohere,4,fastconformer,2,1000
whisper_v2+fastconformer+hubert+cohere,4,xlsr,7,1000
whisper_v2+fastconformer+hubert+cohere,4,w2vbert,8,1000
whisper_v2+fastconformer+hubert+cohere,4,hubert,3,1000
whisper_v2+fastconformer+hubert+cohere,4,wav2vec_sb,9,1000
whisper_v2+fastconformer+hubert+cohere,4,cohere,1,1000
whisper_v2+fastconformer+wav2vec_sb+cohere,4,seamless_m4t,3,94
whisper_v2+fastconformer+wav2vec_sb+cohere,4,seamless_m4t,4,906
whisper_v2+fastconformer+wav2vec_sb+cohere,4,whisper_v3,5,1000
whisper_v2+fastconformer+wav2vec_sb+cohere,4,whisper_v2,6,1000
whisper_v2+fastconformer+wav2vec_sb+cohere,4,fastconformer,3,906
whisper_v2+fastconformer+wav2vec_sb+cohere,4,fastconformer,4,94
whisper_v2+fastconformer+wav2vec_sb+cohere,4,xlsr,7,1000
whisper_v2+fastconformer+wav2vec_sb+cohere,4,w2vbert,8,1000
whisper_v2+fastconformer+wav2vec_sb+cohere,4,hubert,1,196
whisper_v2+fastconformer+wav2vec_sb+cohere,4,hubert,2,804
whisper_v2+fastconformer+wav2vec_sb+cohere,4,wav2vec_sb,9,1000
whisper_v2+fastconformer+wav2vec_sb+cohere,4,cohere,1,804
whisper_v2+fastconformer+wav2vec_sb+cohere,4,cohere,2,196
whisper_v2+xlsr+w2vbert+hubert,4,seamless_m4t,3,1000
whisper_v2+xlsr+w2vbert+hubert,4,whisper_v3,4,1000
whisper_v2+xlsr+w2vbert+hubert,4,whisper_v2,6,1000
whisper_v2+xlsr+w2vbert+hubert,4,fastconformer,2,1000
whisper_v2+xlsr+w2vbert+hubert,4,xlsr,7,1000
whisper_v2+xlsr+w2vbert+hubert,4,w2vbert,8,1000
whisper_v2+xlsr+w2vbert+hubert,4,hubert,5,1000
whisper_v2+xlsr+w2vbert+hubert,4,wav2vec_sb,9,1000
whisper_v2+xlsr+w2vbert+hubert,4,cohere,1,1000
whisper_v2+xlsr+w2vbert+wav2vec_sb,4,seamless_m4t,3,2
whisper_v2+xlsr+w2vbert+wav2vec_sb,4,seamless_m4t,4,158
whisper_v2+xlsr+w2vbert+wav2vec_sb,4,seamless_m4t,5,840
whisper_v2+xlsr+w2vbert+wav2vec_sb,4,whisper_v3,3,19
whisper_v2+xlsr+w2vbert+wav2vec_sb,4,whisper_v3,4,821
whisper_v2+xlsr+w2vbert+wav2vec_sb,4,whisper_v3,5,160
whisper_v2+xlsr+w2vbert+wav2vec_sb,4,whisper_v2,6,25
whisper_v2+xlsr+w2vbert+wav2vec_sb,4,whisper_v2,7,975
whisper_v2+xlsr+w2vbert+wav2vec_sb,4,fastconformer,2,1000
whisper_v2+xlsr+w2vbert+wav2vec_sb,4,xlsr,6,975
whisper_v2+xlsr+w2vbert+wav2vec_sb,4,xlsr,7,25
whisper_v2+xlsr+w2vbert+wav2vec_sb,4,w2vbert,8,1000
whisper_v2+xlsr+w2vbert+wav2vec_sb,4,hubert,3,979
whisper_v2+xlsr+w2vbert+wav2vec_sb,4,hubert,4,21
whisper_v2+xlsr+w2vbert+wav2vec_sb,4,wav2vec_sb,9,1000
whisper_v2+xlsr+w2vbert+wav2vec_sb,4,cohere,1,1000
whisper_v2+xlsr+w2vbert+cohere,4,seamless_m4t,2,18
whisper_v2+xlsr+w2vbert+cohere,4,seamless_m4t,3,982
whisper_v2+xlsr+w2vbert+cohere,4,whisper_v3,4,1000
whisper_v2+xlsr+w2vbert+cohere,4,whisper_v2,6,1000
whisper_v2+xlsr+w2vbert+cohere,4,fastconformer,1,1000
whisper_v2+xlsr+w2vbert+cohere,4,xlsr,7,1000
whisper_v2+xlsr+w2vbert+cohere,4,w2vbert,8,1000
whisper_v2+xlsr+w2vbert+cohere,4,hubert,2,982
whisper_v2+xlsr+w2vbert+cohere,4,hubert,3,18
whisper_v2+xlsr+w2vbert+cohere,4,wav2vec_sb,9,1000
whisper_v2+xlsr+w2vbert+cohere,4,cohere,5,1000
whisper_v2+xlsr+hubert+wav2vec_sb,4,seamless_m4t,3,1000
whisper_v2+xlsr+hubert+wav2vec_sb,4,whisper_v3,4,1000
whisper_v2+xlsr+hubert+wav2vec_sb,4,whisper_v2,6,6
whisper_v2+xlsr+hubert+wav2vec_sb,4,whisper_v2,7,994
whisper_v2+xlsr+hubert+wav2vec_sb,4,fastconformer,2,1000
whisper_v2+xlsr+hubert+wav2vec_sb,4,xlsr,6,994
whisper_v2+xlsr+hubert+wav2vec_sb,4,xlsr,7,6
whisper_v2+xlsr+hubert+wav2vec_sb,4,w2vbert,8,1000
whisper_v2+xlsr+hubert+wav2vec_sb,4,hubert,5,1000
whisper_v2+xlsr+hubert+wav2vec_sb,4,wav2vec_sb,9,1000
whisper_v2+xlsr+hubert+wav2vec_sb,4,cohere,1,1000
whisper_v2+xlsr+hubert+cohere,4,seamless_m4t,3,1000
whisper_v2+xlsr+hubert+cohere,4,whisper_v3,5,1000
whisper_v2+xlsr+hubert+cohere,4,whisper_v2,6,1000
whisper_v2+xlsr+hubert+cohere,4,fastconformer,1,1000
whisper_v2+xlsr+hubert+cohere,4,xlsr,7,1000
whisper_v2+xlsr+hubert+cohere,4,w2vbert,8,1000
whisper_v2+xlsr+hubert+cohere,4,hubert,4,1000
whisper_v2+xlsr+hubert+cohere,4,wav2vec_sb,9,1000
whisper_v2+xlsr+hubert+cohere,4,cohere,2,1000
whisper_v2+xlsr+wav2vec_sb+cohere,4,seamless_m4t,2,15
whisper_v2+xlsr+wav2vec_sb+cohere,4,seamless_m4t,3,985
whisper_v2+xlsr+wav2vec_sb+cohere,4,whisper_v3,4,1000
whisper_v2+xlsr+wav2vec_sb+cohere,4,whisper_v2,6,747
whisper_v2+xlsr+wav2vec_sb+cohere,4,whisper_v2,7,253
whisper_v2+xlsr+wav2vec_sb+cohere,4,fastconformer,1,1000
whisper_v2+xlsr+wav2vec_sb+cohere,4,xlsr,6,253
whisper_v2+xlsr+wav2vec_sb+cohere,4,xlsr,7,747
whisper_v2+xlsr+wav2vec_sb+cohere,4,w2vbert,8,1000
whisper_v2+xlsr+wav2vec_sb+cohere,4,hubert,2,985
whisper_v2+xlsr+wav2vec_sb+cohere,4,hubert,3,15
whisper_v2+xlsr+wav2vec_sb+cohere,4,wav2vec_sb,9,1000
whisper_v2+xlsr+wav2vec_sb+cohere,4,cohere,5,1000
whisper_v2+w2vbert+hubert+wav2vec_sb,4,seamless_m4t,3,1000
whisper_v2+w2vbert+hubert+wav2vec_sb,4,whisper_v3,4,1000
whisper_v2+w2vbert+hubert+wav2vec_sb,4,whisper_v2,6,1000
whisper_v2+w2vbert+hubert+wav2vec_sb,4,fastconformer,2,1000
whisper_v2+w2vbert+hubert+wav2vec_sb,4,xlsr,7,1000
whisper_v2+w2vbert+hubert+wav2vec_sb,4,w2vbert,8,1000
whisper_v2+w2vbert+hubert+wav2vec_sb,4,hubert,5,1000
whisper_v2+w2vbert+hubert+wav2vec_sb,4,wav2vec_sb,9,1000
whisper_v2+w2vbert+hubert+wav2vec_sb,4,cohere,1,1000
whisper_v2+w2vbert+hubert+cohere,4,seamless_m4t,2,5
whisper_v2+w2vbert+hubert+cohere,4,seamless_m4t,3,995
whisper_v2+w2vbert+hubert+cohere,4,whisper_v3,4,1
whisper_v2+w2vbert+hubert+cohere,4,whisper_v3,5,999
whisper_v2+w2vbert+hubert+cohere,4,whisper_v2,6,1000
whisper_v2+w2vbert+hubert+cohere,4,fastconformer,1,1000
whisper_v2+w2vbert+hubert+cohere,4,xlsr,7,1000
whisper_v2+w2vbert+hubert+cohere,4,w2vbert,8,1000
whisper_v2+w2vbert+hubert+cohere,4,hubert,4,999
whisper_v2+w2vbert+hubert+cohere,4,hubert,5,1
whisper_v2+w2vbert+hubert+cohere,4,wav2vec_sb,9,1000
whisper_v2+w2vbert+hubert+cohere,4,cohere,2,995
whisper_v2+w2vbert+hubert+cohere,4,cohere,3,5
whisper_v2+w2vbert+wav2vec_sb+cohere,4,seamless_m4t,2,62
whisper_v2+w2vbert+wav2vec_sb+cohere,4,seamless_m4t,3,938
whisper_v2+w2vbert+wav2vec_sb+cohere,4,whisper_v3,4,1000
whisper_v2+w2vbert+wav2vec_sb+cohere,4,whisper_v2,6,1000
whisper_v2+w2vbert+wav2vec_sb+cohere,4,fastconformer,1,1000
whisper_v2+w2vbert+wav2vec_sb+cohere,4,xlsr,7,1000
whisper_v2+w2vbert+wav2vec_sb+cohere,4,w2vbert,8,1000
whisper_v2+w2vbert+wav2vec_sb+cohere,4,hubert,2,938
whisper_v2+w2vbert+wav2vec_sb+cohere,4,hubert,3,62
whisper_v2+w2vbert+wav2vec_sb+cohere,4,wav2vec_sb,9,1000
whisper_v2+w2vbert+wav2vec_sb+cohere,4,cohere,5,1000
whisper_v2+hubert+wav2vec_sb+cohere,4,seamless_m4t,2,52
whisper_v2+hubert+wav2vec_sb+cohere,4,seamless_m4t,3,948
whisper_v2+hubert+wav2vec_sb+cohere,4,whisper_v3,5,1000
whisper_v2+hubert+wav2vec_sb+cohere,4,whisper_v2,6,1000
whisper_v2+hubert+wav2vec_sb+cohere,4,fastconformer,1,1000
whisper_v2+hubert+wav2vec_sb+cohere,4,xlsr,7,1000
whisper_v2+hubert+wav2vec_sb+cohere,4,w2vbert,8,1000
whisper_v2+hubert+wav2vec_sb+cohere,4,hubert,4,1000
whisper_v2+hubert+wav2vec_sb+cohere,4,wav2vec_sb,9,1000
whisper_v2+hubert+wav2vec_sb+cohere,4,cohere,2,948
whisper_v2+hubert+wav2vec_sb+cohere,4,cohere,3,52
fastconformer+xlsr+w2vbert+hubert,4,seamless_m4t,2,939
fastconformer+xlsr+w2vbert+hubert,4,seamless_m4t,3,61
fastconformer+xlsr+w2vbert+hubert,4,whisper_v3,5,1000
fastconformer+xlsr+w2vbert+hubert,4,whisper_v2,6,1000
fastconformer+xlsr+w2vbert+hubert,4,fastconformer,2,61
fastconformer+xlsr+w2vbert+hubert,4,fastconformer,3,939
fastconformer+xlsr+w2vbert+hubert,4,xlsr,7,1000
fastconformer+xlsr+w2vbert+hubert,4,w2vbert,8,1000
fastconformer+xlsr+w2vbert+hubert,4,hubert,4,1000
fastconformer+xlsr+w2vbert+hubert,4,wav2vec_sb,9,1000
fastconformer+xlsr+w2vbert+hubert,4,cohere,1,1000
fastconformer+xlsr+w2vbert+wav2vec_sb,4,seamless_m4t,3,1000
fastconformer+xlsr+w2vbert+wav2vec_sb,4,whisper_v3,4,1000
fastconformer+xlsr+w2vbert+wav2vec_sb,4,whisper_v2,6,1000
fastconformer+xlsr+w2vbert+wav2vec_sb,4,fastconformer,5,1000
fastconformer+xlsr+w2vbert+wav2vec_sb,4,xlsr,7,1000
fastconformer+xlsr+w2vbert+wav2vec_sb,4,w2vbert,8,1000
fastconformer+xlsr+w2vbert+wav2vec_sb,4,hubert,2,1000
fastconformer+xlsr+w2vbert+wav2vec_sb,4,wav2vec_sb,9,1000
fastconformer+xlsr+w2vbert+wav2vec_sb,4,cohere,1,1000
fastconformer+xlsr+w2vbert+cohere,4,seamless_m4t,2,41
fastconformer+xlsr+w2vbert+cohere,4,seamless_m4t,3,930
fastconformer+xlsr+w2vbert+cohere,4,seamless_m4t,4,29
fastconformer+xlsr+w2vbert+cohere,4,whisper_v3,5,1000
fastconformer+xlsr+w2vbert+cohere,4,whisper_v2,6,1000
fastconformer+xlsr+w2vbert+cohere,4,fastconformer,3,29
fastconformer+xlsr+w2vbert+cohere,4,fastconformer,4,971
fastconformer+xlsr+w2vbert+cohere,4,xlsr,7,1000
fastconformer+xlsr+w2vbert+cohere,4,w2vbert,8,1000
fastconformer+xlsr+w2vbert+cohere,4,hubert,1,1000
fastconformer+xlsr+w2vbert+cohere,4,wav2vec_sb,9,1000
fastconformer+xlsr+w2vbert+cohere,4,cohere,2,959
fastconformer+xlsr+w2vbert+cohere,4,cohere,3,41
fastconformer+xlsr+hubert+wav2vec_sb,4,seamless_m4t,2,1000
fastconformer+xlsr+hubert+wav2vec_sb,4,whisper_v3,3,125
fastconformer+xlsr+hubert+wav2vec_sb,4,whisper_v3,4,862
fastconformer+xlsr+hubert+wav2vec_sb,4,whisper_v3,5,13
fastconformer+xlsr+hubert+wav2vec_sb,4,whisper_v2,6,1000
fastconformer+xlsr+hubert+wav2vec_sb,4,fastconformer,3,875
fastconformer+xlsr+hubert+wav2vec_sb,4,fastconformer,4,125
fastconformer+xlsr+hubert+wav2vec_sb,4,xlsr,7,1000
fastconformer+xlsr+hubert+wav2vec_sb,4,w2vbert,8,1000
fastconformer+xlsr+hubert+wav2vec_sb,4,hubert,4,13
fastconformer+xlsr+hubert+wav2vec_sb,4,hubert,5,987
fastconformer+xlsr+hubert+wav2vec_sb,4,wav2vec_sb,9,1000
fastconformer+xlsr+hubert+wav2vec_sb,4,cohere,1,1000
fastconformer+xlsr+hubert+cohere,4,seamless_m4t,4,1000
fastconformer+xlsr+hubert+cohere,4,whisper_v3,5,1000
fastconformer+xlsr+hubert+cohere,4,whisper_v2,6,1000
fastconformer+xlsr+hubert+cohere,4,fastconformer,2,1000
fastconformer+xlsr+hubert+cohere,4,xlsr,7,1000
fastconformer+xlsr+hubert+cohere,4,w2vbert,8,1000
fastconformer+xlsr+hubert+cohere,4,hubert,3,1000
fastconformer+xlsr+hubert+cohere,4,wav2vec_sb,9,1000
fastconformer+xlsr+hubert+cohere,4,cohere,1,1000
fastconformer+xlsr+wav2vec_sb+cohere,4,seamless_m4t,2,1000
fastconformer+xlsr+wav2vec_sb+cohere,4,whisper_v3,3,61
fastconformer+xlsr+wav2vec_sb+cohere,4,whisper_v3,4,619
fastconformer+xlsr+wav2vec_sb+cohere,4,whisper_v3,5,320
fastconformer+xlsr+wav2vec_sb+cohere,4,whisper_v2,6,1000
fastconformer+xlsr+wav2vec_sb+cohere,4,fastconformer,4,320
fastconformer+xlsr+wav2vec_sb+cohere,4,fastconformer,5,680
fastconformer+xlsr+wav2vec_sb+cohere,4,xlsr,7,1000
fastconformer+xlsr+wav2vec_sb+cohere,4,w2vbert,8,1000
fastconformer+xlsr+wav2vec_sb+cohere,4,hubert,1,1000
fastconformer+xlsr+wav2vec_sb+cohere,4,wav2vec_sb,9,1000
fastconformer+xlsr+wav2vec_sb+cohere,4,cohere,3,939
fastconformer+xlsr+wav2vec_sb+cohere,4,cohere,4,61
fastconformer+w2vbert+hubert+wav2vec_sb,4,seamless_m4t,2,998
fastconformer+w2vbert+hubert+wav2vec_sb,4,seamless_m4t,3,2
fastconformer+w2vbert+hubert+wav2vec_sb,4,whisper_v3,5,1000
fastconformer+w2vbert+hubert+wav2vec_sb,4,whisper_v2,6,1000
fastconformer+w2vbert+hubert+wav2vec_sb,4,fastconformer,2,2
fastconformer+w2vbert+hubert+wav2vec_sb,4,fastconformer,3,998
fastconformer+w2vbert+hubert+wav2vec_sb,4,xlsr,7,1000
fastconformer+w2vbert+hubert+wav2vec_sb,4,w2vbert,8,1000
fastconformer+w2vbert+hubert+wav2vec_sb,4,hubert,4,1000
fastconformer+w2vbert+hubert+wav2vec_sb,4,wav2vec_sb,9,1000
fastconformer+w2vbert+hubert+wav2vec_sb,4,cohere,1,1000
fastconformer+w2vbert+hubert+cohere,4,seamless_m4t,4,1000
fastconformer+w2vbert+hubert+cohere,4,whisper_v3,5,1000
fastconformer+w2vbert+hubert+cohere,4,whisper_v2,6,1000
fastconformer+w2vbert+hubert+cohere,4,fastconformer,2,1000
fastconformer+w2vbert+hubert+cohere,4,xlsr,7,1000
fastconformer+w2vbert+hubert+cohere,4,w2vbert,8,1000
fastconformer+w2vbert+hubert+cohere,4,hubert,3,1000
fastconformer+w2vbert+hubert+cohere,4,wav2vec_sb,9,1000
fastconformer+w2vbert+hubert+cohere,4,cohere,1,1000
fastconformer+w2vbert+wav2vec_sb+cohere,4,seamless_m4t,2,753
fastconformer+w2vbert+wav2vec_sb+cohere,4,seamless_m4t,3,247
fastconformer+w2vbert+wav2vec_sb+cohere,4,whisper_v3,5,1000
fastconformer+w2vbert+wav2vec_sb+cohere,4,whisper_v2,6,1000
fastconformer+w2vbert+wav2vec_sb+cohere,4,fastconformer,4,1000
fastconformer+w2vbert+wav2vec_sb+cohere,4,xlsr,7,1000
fastconformer+w2vbert+wav2vec_sb+cohere,4,w2vbert,8,1000
fastconformer+w2vbert+wav2vec_sb+cohere,4,hubert,1,1000
fastconformer+w2vbert+wav2vec_sb+cohere,4,wav2vec_sb,9,1000
fastconformer+w2vbert+wav2vec_sb+cohere,4,cohere,2,247
fastconformer+w2vbert+wav2vec_sb+cohere,4,cohere,3,753
fastconformer+hubert+wav2vec_sb+cohere,4,seamless_m4t,4,1000
fastconformer+hubert+wav2vec_sb+cohere,4,whisper_v3,5,1000
fastconformer+hubert+wav2vec_sb+cohere,4,whisper_v2,6,1000
fastconformer+hubert+wav2vec_sb+cohere,4,fastconformer,2,1000
fastconformer+hubert+wav2vec_sb+cohere,4,xlsr,7,1000
fastconformer+hubert+wav2vec_sb+cohere,4,w2vbert,8,1000
fastconformer+hubert+wav2vec_sb+cohere,4,hubert,3,1000
fastconformer+hubert+wav2vec_sb+cohere,4,wav2vec_sb,9,1000
fastconformer+hubert+wav2vec_sb+cohere,4,cohere,1,1000
xlsr+w2vbert+hubert+wav2vec_sb,4,seamless_m4t,3,1000
xlsr+w2vbert+hubert+wav2vec_sb,4,whisper_v3,4,1000
xlsr+w2vbert+hubert+wav2vec_sb,4,whisper_v2,6,1000
xlsr+w2vbert+hubert+wav2vec_sb,4,fastconformer,2,1000
xlsr+w2vbert+hubert+wav2vec_sb,4,xlsr,7,1000
xlsr+w2vbert+hubert+wav2vec_sb,4,w2vbert,8,1000
xlsr+w2vbert+hubert+wav2vec_sb,4,hubert,5,1000
xlsr+w2vbert+hubert+wav2vec_sb,4,wav2vec_sb,9,1000
xlsr+w2vbert+hubert+wav2vec_sb,4,cohere,1,1000
xlsr+w2vbert+hubert+cohere,4,seamless_m4t,2,292
xlsr+w2vbert+hubert+cohere,4,seamless_m4t,3,708
xlsr+w2vbert+hubert+cohere,4,whisper_v3,5,1000
xlsr+w2vbert+hubert+cohere,4,whisper_v2,6,1000
xlsr+w2vbert+hubert+cohere,4,fastconformer,1,1000
xlsr+w2vbert+hubert+cohere,4,xlsr,7,1000
xlsr+w2vbert+hubert+cohere,4,w2vbert,8,1000
xlsr+w2vbert+hubert+cohere,4,hubert,4,1000
xlsr+w2vbert+hubert+cohere,4,wav2vec_sb,9,1000
xlsr+w2vbert+hubert+cohere,4,cohere,2,708
xlsr+w2vbert+hubert+cohere,4,cohere,3,292
xlsr+w2vbert+wav2vec_sb+cohere,4,seamless_m4t,3,1000
xlsr+w2vbert+wav2vec_sb+cohere,4,whisper_v3,4,1000
xlsr+w2vbert+wav2vec_sb+cohere,4,whisper_v2,6,1000
xlsr+w2vbert+wav2vec_sb+cohere,4,fastconformer,1,1000
xlsr+w2vbert+wav2vec_sb+cohere,4,xlsr,7,1000
xlsr+w2vbert+wav2vec_sb+cohere,4,w2vbert,8,1000
xlsr+w2vbert+wav2vec_sb+cohere,4,hubert,2,1000
xlsr+w2vbert+wav2vec_sb+cohere,4,wav2vec_sb,9,1000
xlsr+w2vbert+wav2vec_sb+cohere,4,cohere,5,1000
xlsr+hubert+wav2vec_sb+cohere,4,seamless_m4t,2,1000
xlsr+hubert+wav2vec_sb+cohere,4,whisper_v3,3,4
xlsr+hubert+wav2vec_sb+cohere,4,whisper_v3,4,994
xlsr+hubert+wav2vec_sb+cohere,4,whisper_v3,5,2
xlsr+hubert+wav2vec_sb+cohere,4,whisper_v2,6,1000
xlsr+hubert+wav2vec_sb+cohere,4,fastconformer,1,1000
xlsr+hubert+wav2vec_sb+cohere,4,xlsr,7,1000
xlsr+hubert+wav2vec_sb+cohere,4,w2vbert,8,1000
xlsr+hubert+wav2vec_sb+cohere,4,hubert,4,2
xlsr+hubert+wav2vec_sb+cohere,4,hubert,5,998
xlsr+hubert+wav2vec_sb+cohere,4,wav2vec_sb,9,1000
xlsr+hubert+wav2vec_sb+cohere,4,cohere,3,996
xlsr+hubert+wav2vec_sb+cohere,4,cohere,4,4
w2vbert+hubert+wav2vec_sb+cohere,4,seamless_m4t,2,974
w2vbert+hubert+wav2vec_sb+cohere,4,seamless_m4t,3,26
w2vbert+hubert+wav2vec_sb+cohere,4,whisper_v3,5,1000
w2vbert+hubert+wav2vec_sb+cohere,4,whisper_v2,6,1000
w2vbert+hubert+wav2vec_sb+cohere,4,fastconformer,1,1000
w2vbert+hubert+wav2vec_sb+cohere,4,xlsr,7,1000
w2vbert+hubert+wav2vec_sb+cohere,4,w2vbert,8,1000
w2vbert+hubert+wav2vec_sb+cohere,4,hubert,4,1000
w2vbert+hubert+wav2vec_sb+cohere,4,wav2vec_sb,9,1000
w2vbert+hubert+wav2vec_sb+cohere,4,cohere,2,26
w2vbert+hubert+wav2vec_sb+cohere,4,cohere,3,974
seamless_m4t+whisper_v3+whisper_v2+fastconformer+xlsr,5,seamless_m4t,4,563
seamless_m4t+whisper_v3+whisper_v2+fastconformer+xlsr,5,seamless_m4t,5,437
seamless_m4t+whisper_v3+whisper_v2+fastconformer+xlsr,5,whisper_v3,4,437
seamless_m4t+whisper_v3+whisper_v2+fastconformer+xlsr,5,whisper_v3,5,563
seamless_m4t+whisper_v3+whisper_v2+fastconformer+xlsr,5,whisper_v2,6,1000
seamless_m4t+whisper_v3+whisper_v2+fastconformer+xlsr,5,fastconformer,2,26
seamless_m4t+whisper_v3+whisper_v2+fastconformer+xlsr,5,fastconformer,3,974
seamless_m4t+whisper_v3+whisper_v2+fastconformer+xlsr,5,xlsr,7,968
seamless_m4t+whisper_v3+whisper_v2+fastconformer+xlsr,5,xlsr,8,32
seamless_m4t+whisper_v3+whisper_v2+fastconformer+xlsr,5,w2vbert,7,32
seamless_m4t+whisper_v3+whisper_v2+fastconformer+xlsr,5,w2vbert,8,968
seamless_m4t+whisper_v3+whisper_v2+fastconformer+xlsr,5,hubert,2,974
seamless_m4t+whisper_v3+whisper_v2+fastconformer+xlsr,5,hubert,3,26
seamless_m4t+whisper_v3+whisper_v2+fastconformer+xlsr,5,wav2vec_sb,9,1000
seamless_m4t+whisper_v3+whisper_v2+fastconformer+xlsr,5,cohere,1,1000
seamless_m4t+whisper_v3+whisper_v2+fastconformer+w2vbert,5,seamless_m4t,4,305
seamless_m4t+whisper_v3+whisper_v2+fastconformer+w2vbert,5,seamless_m4t,5,695
seamless_m4t+whisper_v3+whisper_v2+fastconformer+w2vbert,5,whisper_v3,4,695
seamless_m4t+whisper_v3+whisper_v2+fastconformer+w2vbert,5,whisper_v3,5,305
seamless_m4t+whisper_v3+whisper_v2+fastconformer+w2vbert,5,whisper_v2,6,1000
seamless_m4t+whisper_v3+whisper_v2+fastconformer+w2vbert,5,fastconformer,3,1000
seamless_m4t+whisper_v3+whisper_v2+fastconformer+w2vbert,5,xlsr,7,1000
seamless_m4t+whisper_v3+whisper_v2+fastconformer+w2vbert,5,w2vbert,8,1000
seamless_m4t+whisper_v3+whisper_v2+fastconformer+w2vbert,5,hubert,2,1000
seamless_m4t+whisper_v3+whisper_v2+fastconformer+w2vbert,5,wav2vec_sb,9,1000
seamless_m4t+whisper_v3+whisper_v2+fastconformer+w2vbert,5,cohere,1,1000
seamless_m4t+whisper_v3+whisper_v2+fastconformer+hubert,5,seamless_m4t,3,949
seamless_m4t+whisper_v3+whisper_v2+fastconformer+hubert,5,seamless_m4t,4,51
seamless_m4t+whisper_v3+whisper_v2+fastconformer+hubert,5,whisper_v3,5,1000
seamless_m4t+whisper_v3+whisper_v2+fastconformer+hubert,5,whisper_v2,6,1000
seamless_m4t+whisper_v3+whisper_v2+fastconformer+hubert,5,fastconformer,2,1000
seamless_m4t+whisper_v3+whisper_v2+fastconformer+hubert,5,xlsr,7,1000
seamless_m4t+whisper_v3+whisper_v2+fastconformer+hubert,5,w2vbert,8,1000
seamless_m4t+whisper_v3+whisper_v2+fastconformer+hubert,5,hubert,3,51
seamless_m4t+whisper_v3+whisper_v2+fastconformer+hubert,5,hubert,4,949
seamless_m4t+whisper_v3+whisper_v2+fastconformer+hubert,5,wav2vec_sb,9,1000
seamless_m4t+whisper_v3+whisper_v2+fastconformer+hubert,5,cohere,1,1000
seamless_m4t+whisper_v3+whisper_v2+fastconformer+wav2vec_sb,5,seamless_m4t,4,666
seamless_m4t+whisper_v3+whisper_v2+fastconformer+wav2vec_sb,5,seamless_m4t,5,334
seamless_m4t+whisper_v3+whisper_v2+fastconformer+wav2vec_sb,5,whisper_v3,4,334
seamless_m4t+whisper_v3+whisper_v2+fastconformer+wav2vec_sb,5,whisper_v3,5,666
seamless_m4t+whisper_v3+whisper_v2+fastconformer+wav2vec_sb,5,whisper_v2,6,1000
seamless_m4t+whisper_v3+whisper_v2+fastconformer+wav2vec_sb,5,fastconformer,2,4
seamless_m4t+whisper_v3+whisper_v2+fastconformer+wav2vec_sb,5,fastconformer,3,996
seamless_m4t+whisper_v3+whisper_v2+fastconformer+wav2vec_sb,5,xlsr,7,1000
seamless_m4t+whisper_v3+whisper_v2+fastconformer+wav2vec_sb,5,w2vbert,8,1000
seamless_m4t+whisper_v3+whisper_v2+fastconformer+wav2vec_sb,5,hubert,2,996
seamless_m4t+whisper_v3+whisper_v2+fastconformer+wav2vec_sb,5,hubert,3,4
seamless_m4t+whisper_v3+whisper_v2+fastconformer+wav2vec_sb,5,wav2vec_sb,9,1000
seamless_m4t+whisper_v3+whisper_v2+fastconformer+wav2vec_sb,5,cohere,1,1000
seamless_m4t+whisper_v3+whisper_v2+fastconformer+cohere,5,seamless_m4t,4,1000
seamless_m4t+whisper_v3+whisper_v2+fastconformer+cohere,5,whisper_v3,5,1000
seamless_m4t+whisper_v3+whisper_v2+fastconformer+cohere,5,whisper_v2,6,1000
seamless_m4t+whisper_v3+whisper_v2+fastconformer+cohere,5,fastconformer,2,1000
seamless_m4t+whisper_v3+whisper_v2+fastconformer+cohere,5,xlsr,7,1000
seamless_m4t+whisper_v3+whisper_v2+fastconformer+cohere,5,w2vbert,8,1000
seamless_m4t+whisper_v3+whisper_v2+fastconformer+cohere,5,hubert,3,1000
seamless_m4t+whisper_v3+whisper_v2+fastconformer+cohere,5,wav2vec_sb,9,1000
seamless_m4t+whisper_v3+whisper_v2+fastconformer+cohere,5,cohere,1,1000
seamless_m4t+whisper_v3+whisper_v2+xlsr+w2vbert,5,seamless_m4t,5,1000
seamless_m4t+whisper_v3+whisper_v2+xlsr+w2vbert,5,whisper_v3,3,38
seamless_m4t+whisper_v3+whisper_v2+xlsr+w2vbert,5,whisper_v3,4,962
seamless_m4t+whisper_v3+whisper_v2+xlsr+w2vbert,5,whisper_v2,6,1000
seamless_m4t+whisper_v3+whisper_v2+xlsr+w2vbert,5,fastconformer,2,1000
seamless_m4t+whisper_v3+whisper_v2+xlsr+w2vbert,5,xlsr,7,1000
seamless_m4t+whisper_v3+whisper_v2+xlsr+w2vbert,5,w2vbert,8,1000
seamless_m4t+whisper_v3+whisper_v2+xlsr+w2vbert,5,hubert,3,962
seamless_m4t+whisper_v3+whisper_v2+xlsr+w2vbert,5,hubert,4,38
seamless_m4t+whisper_v3+whisper_v2+xlsr+w2vbert,5,wav2vec_sb,9,1000
seamless_m4t+whisper_v3+whisper_v2+xlsr+w2vbert,5,cohere,1,1000
seamless_m4t+whisper_v3+whisper_v2+xlsr+hubert,5,seamless_m4t,3,659
seamless_m4t+whisper_v3+whisper_v2+xlsr+hubert,5,seamless_m4t,4,340
seamless_m4t+whisper_v3+whisper_v2+xlsr+hubert,5,seamless_m4t,5,1
seamless_m4t+whisper_v3+whisper_v2+xlsr+hubert,5,whisper_v3,3,341
seamless_m4t+whisper_v3+whisper_v2+xlsr+hubert,5,whisper_v3,4,656
seamless_m4t+whisper_v3+whisper_v2+xlsr+hubert,5,whisper_v3,5,3
seamless_m4t+whisper_v3+whisper_v2+xlsr+hubert,5,whisper_v2,6,1000
seamless_m4t+whisper_v3+whisper_v2+xlsr+hubert,5,fastconformer,2,1000
seamless_m4t+whisper_v3+whisper_v2+xlsr+hubert,5,xlsr,7,980
seamless_m4t+whisper_v3+whisper_v2+xlsr+hubert,5,xlsr,8,20
seamless_m4t+whisper_v3+whisper_v2+xlsr+hubert,5,w2vbert,7,20
seamless_m4t+whisper_v3+whisper_v2+xlsr+hubert,5,w2vbert,8,980
seamless_m4t+whisper_v3+whisper_v2+xlsr+hubert,5,hubert,4,4
seamless_m4t+whisper_v3+whisper_v2+xlsr+hubert,5,hubert,5,996
seamless_m4t+whisper_v3+whisper_v2+xlsr+hubert,5,wav2vec_sb,9,1000
seamless_m4t+whisper_v3+whisper_v2+xlsr+hubert,5,cohere,1,1000
seamless_m4t+whisper_v3+whisper_v2+xlsr+wav2vec_sb,5,seamless_m4t,5,1000
seamless_m4t+whisper_v3+whisper_v2+xlsr+wav2vec_sb,5,whisper_v3,4,1000
seamless_m4t+whisper_v3+whisper_v2+xlsr+wav2vec_sb,5,whisper_v2,6,1000
seamless_m4t+whisper_v3+whisper_v2+xlsr+wav2vec_sb,5,fastconformer,2,1000
seamless_m4t+whisper_v3+whisper_v2+xlsr+wav2vec_sb,5,xlsr,7,1000
seamless_m4t+whisper_v3+whisper_v2+xlsr+wav2vec_sb,5,w2vbert,8,1000
seamless_m4t+whisper_v3+whisper_v2+xlsr+wav2vec_sb,5,hubert,3,1000
seamless_m4t+whisper_v3+whisper_v2+xlsr+wav2vec_sb,5,wav2vec_sb,9,1000
seamless_m4t+whisper_v3+whisper_v2+xlsr+wav2vec_sb,5,cohere,1,1000
seamless_m4t+whisper_v3+whisper_v2+xlsr+cohere,5,seamless_m4t,4,932
seamless_m4t+whisper_v3+whisper_v2+xlsr+cohere,5,seamless_m4t,5,68
seamless_m4t+whisper_v3+whisper_v2+xlsr+cohere,5,whisper_v3,4,68
seamless_m4t+whisper_v3+whisper_v2+xlsr+cohere,5,whisper_v3,5,932
seamless_m4t+whisper_v3+whisper_v2+xlsr+cohere,5,whisper_v2,6,1000
seamless_m4t+whisper_v3+whisper_v2+xlsr+cohere,5,fastconformer,1,1000
seamless_m4t+whisper_v3+whisper_v2+xlsr+cohere,5,xlsr,7,991
seamless_m4t+whisper_v3+whisper_v2+xlsr+cohere,5,xlsr,8,9
seamless_m4t+whisper_v3+whisper_v2+xlsr+cohere,5,w2vbert,7,9
seamless_m4t+whisper_v3+whisper_v2+xlsr+cohere,5,w2vbert,8,991
seamless_m4t+whisper_v3+whisper_v2+xlsr+cohere,5,hubert,3,1000
seamless_m4t+whisper_v3+whisper_v2+xlsr+cohere,5,wav2vec_sb,9,1000
seamless_m4t+whisper_v3+whisper_v2+xlsr+cohere,5,cohere,2,1000
seamless_m4t+whisper_v3+whisper_v2+w2vbert+hubert,5,seamless_m4t,3,371
seamless_m4t+whisper_v3+whisper_v2+w2vbert+hubert,5,seamless_m4t,4,629
seamless_m4t+whisper_v3+whisper_v2+w2vbert+hubert,5,whisper_v3,3,629
seamless_m4t+whisper_v3+whisper_v2+w2vbert+hubert,5,whisper_v3,4,371
seamless_m4t+whisper_v3+whisper_v2+w2vbert+hubert,5,whisper_v2,6,1000
seamless_m4t+whisper_v3+whisper_v2+w2vbert+hubert,5,fastconformer,2,1000
seamless_m4t+whisper_v3+whisper_v2+w2vbert+hubert,5,xlsr,7,1000
seamless_m4t+whisper_v3+whisper_v2+w2vbert+hubert,5,w2vbert,8,1000
seamless_m4t+whisper_v3+whisper_v2+w2vbert+hubert,5,hubert,5,1000
seamless_m4t+whisper_v3+whisper_v2+w2vbert+hubert,5,wav2vec_sb,9,1000
seamless_m4t+whisper_v3+whisper_v2+w2vbert+hubert,5,cohere,1,1000
seamless_m4t+whisper_v3+whisper_v2+w2vbert+wav2vec_sb,5,seamless_m4t,5,1000
seamless_m4t+whisper_v3+whisper_v2+w2vbert+wav2vec_sb,5,whisper_v3,3,63
seamless_m4t+whisper_v3+whisper_v2+w2vbert+wav2vec_sb,5,whisper_v3,4,937
seamless_m4t+whisper_v3+whisper_v2+w2vbert+wav2vec_sb,5,whisper_v2,6,1000
seamless_m4t+whisper_v3+whisper_v2+w2vbert+wav2vec_sb,5,fastconformer,2,1000
seamless_m4t+whisper_v3+whisper_v2+w2vbert+wav2vec_sb,5,xlsr,7,1000
seamless_m4t+whisper_v3+whisper_v2+w2vbert+wav2vec_sb,5,w2vbert,8,1000
seamless_m4t+whisper_v3+whisper_v2+w2vbert+wav2vec_sb,5,hubert,3,937
seamless_m4t+whisper_v3+whisper_v2+w2vbert+wav2vec_sb,5,hubert,4,63
seamless_m4t+whisper_v3+whisper_v2+w2vbert+wav2vec_sb,5,wav2vec_sb,9,1000
seamless_m4t+whisper_v3+whisper_v2+w2vbert+wav2vec_sb,5,cohere,1,1000
seamless_m4t+whisper_v3+whisper_v2+w2vbert+cohere,5,seamless_m4t,4,831
seamless_m4t+whisper_v3+whisper_v2+w2vbert+cohere,5,seamless_m4t,5,169
seamless_m4t+whisper_v3+whisper_v2+w2vbert+cohere,5,whisper_v3,4,169
seamless_m4t+whisper_v3+whisper_v2+w2vbert+cohere,5,whisper_v3,5,831
seamless_m4t+whisper_v3+whisper_v2+w2vbert+cohere,5,whisper_v2,6,1000
seamless_m4t+whisper_v3+whisper_v2+w2vbert+cohere,5,fastconformer,1,1000
seamless_m4t+whisper_v3+whisper_v2+w2vbert+cohere,5,xlsr,7,1000
seamless_m4t+whisper_v3+whisper_v2+w2vbert+cohere,5,w2vbert,8,1000
seamless_m4t+whisper_v3+whisper_v2+w2vbert+cohere,5,hubert,3,1000
seamless_m4t+whisper_v3+whisper_v2+w2vbert+cohere,5,wav2vec_sb,9,1000
seamless_m4t+whisper_v3+whisper_v2+w2vbert+cohere,5,cohere,2,1000
seamless_m4t+whisper_v3+whisper_v2+hubert+wav2vec_sb,5,seamless_m4t,3,770
seamless_m4t+whisper_v3+whisper_v2+hubert+wav2vec_sb,5,seamless_m4t,4,230
seamless_m4t+whisper_v3+whisper_v2+hubert+wav2vec_sb,5,whisper_v3,3,230
seamless_m4t+whisper_v3+whisper_v2+hubert+wav2vec_sb,5,whisper_v3,4,770
seamless_m4t+whisper_v3+whisper_v2+hubert+wav2vec_sb,5,whisper_v2,6,1000
seamless_m4t+whisper_v3+whisper_v2+hubert+wav2vec_sb,5,fastconformer,2,1000
seamless_m4t+whisper_v3+whisper_v2+hubert+wav2vec_sb,5,xlsr,7,1000
seamless_m4t+whisper_v3+whisper_v2+hubert+wav2vec_sb,5,w2vbert,8,1000
seamless_m4t+whisper_v3+whisper_v2+hubert+wav2vec_sb,5,hubert,5,1000
seamless_m4t+whisper_v3+whisper_v2+hubert+wav2vec_sb,5,wav2vec_sb,9,1000
seamless_m4t+whisper_v3+whisper_v2+hubert+wav2vec_sb,5,cohere,1,1000
seamless_m4t+whisper_v3+whisper_v2+hubert+cohere,5,seamless_m4t,3,994
seamless_m4t+whisper_v3+whisper_v2+hubert+cohere,5,seamless_m4t,4,6
seamless_m4t+whisper_v3+whisper_v2+hubert+cohere,5,whisper_v3,5,1000
seamless_m4t+whisper_v3+whisper_v2+hubert+cohere,5,whisper_v2,6,1000
seamless_m4t+whisper_v3+whisper_v2+hubert+cohere,5,fastconformer,1,1000
seamless_m4t+whisper_v3+whisper_v2+hubert+cohere,5,xlsr,7,1000
seamless_m4t+whisper_v3+whisper_v2+hubert+cohere,5,w2vbert,8,1000
seamless_m4t+whisper_v3+whisper_v2+hubert+cohere,5,hubert,3,6
seamless_m4t+whisper_v3+whisper_v2+hubert+cohere,5,hubert,4,994
seamless_m4t+whisper_v3+whisper_v2+hubert+cohere,5,wav2vec_sb,9,1000
seamless_m4t+whisper_v3+whisper_v2+hubert+cohere,5,cohere,2,1000
seamless_m4t+whisper_v3+whisper_v2+wav2vec_sb+cohere,5,seamless_m4t,4,952
seamless_m4t+whisper_v3+whisper_v2+wav2vec_sb+cohere,5,seamless_m4t,5,48
seamless_m4t+whisper_v3+whisper_v2+wav2vec_sb+cohere,5,whisper_v3,4,48
seamless_m4t+whisper_v3+whisper_v2+wav2vec_sb+cohere,5,whisper_v3,5,952
seamless_m4t+whisper_v3+whisper_v2+wav2vec_sb+cohere,5,whisper_v2,6,1000
seamless_m4t+whisper_v3+whisper_v2+wav2vec_sb+cohere,5,fastconformer,1,1000
seamless_m4t+whisper_v3+whisper_v2+wav2vec_sb+cohere,5,xlsr,7,1000
seamless_m4t+whisper_v3+whisper_v2+wav2vec_sb+cohere,5,w2vbert,8,1000
seamless_m4t+whisper_v3+whisper_v2+wav2vec_sb+cohere,5,hubert,3,1000
seamless_m4t+whisper_v3+whisper_v2+wav2vec_sb+cohere,5,wav2vec_sb,9,1000
seamless_m4t+whisper_v3+whisper_v2+wav2vec_sb+cohere,5,cohere,2,1000
seamless_m4t+whisper_v3+fastconformer+xlsr+w2vbert,5,seamless_m4t,4,1000
seamless_m4t+whisper_v3+fastconformer+xlsr+w2vbert,5,whisper_v3,5,1000
seamless_m4t+whisper_v3+fastconformer+xlsr+w2vbert,5,whisper_v2,6,1000
seamless_m4t+whisper_v3+fastconformer+xlsr+w2vbert,5,fastconformer,2,847
seamless_m4t+whisper_v3+fastconformer+xlsr+w2vbert,5,fastconformer,3,153
seamless_m4t+whisper_v3+fastconformer+xlsr+w2vbert,5,xlsr,7,1000
seamless_m4t+whisper_v3+fastconformer+xlsr+w2vbert,5,w2vbert,8,1000
seamless_m4t+whisper_v3+fastconformer+xlsr+w2vbert,5,hubert,2,153
seamless_m4t+whisper_v3+fastconformer+xlsr+w2vbert,5,hubert,3,847
seamless_m4t+whisper_v3+fastconformer+xlsr+w2vbert,5,wav2vec_sb,9,1000
seamless_m4t+whisper_v3+fastconformer+xlsr+w2vbert,5,cohere,1,1000
seamless_m4t+whisper_v3+fastconformer+xlsr+hubert,5,seamless_m4t,3,2
seamless_m4t+whisper_v3+fastconformer+xlsr+hubert,5,seamless_m4t,4,998
seamless_m4t+whisper_v3+fastconformer+xlsr+hubert,5,whisper_v3,5,1000
seamless_m4t+whisper_v3+fastconformer+xlsr+hubert,5,whisper_v2,6,1000
seamless_m4t+whisper_v3+fastconformer+xlsr+hubert,5,fastconformer,2,1000
seamless_m4t+whisper_v3+fastconformer+xlsr+hubert,5,xlsr,7,1000
seamless_m4t+whisper_v3+fastconformer+xlsr+hubert,5,w2vbert,8,1000
seamless_m4t+whisper_v3+fastconformer+xlsr+hubert,5,hubert,3,998
seamless_m4t+whisper_v3+fastconformer+xlsr+hubert,5,hubert,4,2
seamless_m4t+whisper_v3+fastconformer+xlsr+hubert,5,wav2vec_sb,9,1000
seamless_m4t+whisper_v3+fastconformer+xlsr+hubert,5,cohere,1,1000
seamless_m4t+whisper_v3+fastconformer+xlsr+wav2vec_sb,5,seamless_m4t,4,1000
seamless_m4t+whisper_v3+fastconformer+xlsr+wav2vec_sb,5,whisper_v3,5,1000
seamless_m4t+whisper_v3+fastconformer+xlsr+wav2vec_sb,5,whisper_v2,6,1000
seamless_m4t+whisper_v3+fastconformer+xlsr+wav2vec_sb,5,fastconformer,2,4
seamless_m4t+whisper_v3+fastconformer+xlsr+wav2vec_sb,5,fastconformer,3,996
seamless_m4t+whisper_v3+fastconformer+xlsr+wav2vec_sb,5,xlsr,7,1000
seamless_m4t+whisper_v3+fastconformer+xlsr+wav2vec_sb,5,w2vbert,8,1000
seamless_m4t+whisper_v3+fastconformer+xlsr+wav2vec_sb,5,hubert,2,996
seamless_m4t+whisper_v3+fastconformer+xlsr+wav2vec_sb,5,hubert,3,4
seamless_m4t+whisper_v3+fastconformer+xlsr+wav2vec_sb,5,wav2vec_sb,9,1000
seamless_m4t+whisper_v3+fastconformer+xlsr+wav2vec_sb,5,cohere,1,1000
seamless_m4t+whisper_v3+fastconformer+xlsr+cohere,5,seamless_m4t,4,1000
seamless_m4t+whisper_v3+fastconformer+xlsr+cohere,5,whisper_v3,5,1000
seamless_m4t+whisper_v3+fastconformer+xlsr+cohere,5,whisper_v2,6,1000
seamless_m4t+whisper_v3+fastconformer+xlsr+cohere,5,fastconformer,2,1000
seamless_m4t+whisper_v3+fastconformer+xlsr+cohere,5,xlsr,7,1000
seamless_m4t+whisper_v3+fastconformer+xlsr+cohere,5,w2vbert,8,1000
seamless_m4t+whisper_v3+fastconformer+xlsr+cohere,5,hubert,3,1000
seamless_m4t+whisper_v3+fastconformer+xlsr+cohere,5,wav2vec_sb,9,1000
seamless_m4t+whisper_v3+fastconformer+xlsr+cohere,5,cohere,1,1000
seamless_m4t+whisper_v3+fastconformer+w2vbert+hubert,5,seamless_m4t,3,71
seamless_m4t+whisper_v3+fastconformer+w2vbert+hubert,5,seamless_m4t,4,929
seamless_m4t+whisper_v3+fastconformer+w2vbert+hubert,5,whisper_v3,5,1000
seamless_m4t+whisper_v3+fastconformer+w2vbert+hubert,5,whisper_v2,6,1000
seamless_m4t+whisper_v3+fastconformer+w2vbert+hubert,5,fastconformer,2,1000
seamless_m4t+whisper_v3+fastconformer+w2vbert+hubert,5,xlsr,7,1000
seamless_m4t+whisper_v3+fastconformer+w2vbert+hubert,5,w2vbert,8,1000
seamless_m4t+whisper_v3+fastconformer+w2vbert+hubert,5,hubert,3,929
seamless_m4t+whisper_v3+fastconformer+w2vbert+hubert,5,hubert,4,71
seamless_m4t+whisper_v3+fastconformer+w2vbert+hubert,5,wav2vec_sb,9,1000
seamless_m4t+whisper_v3+fastconformer+w2vbert+hubert,5,cohere,1,1000
seamless_m4t+whisper_v3+fastconformer+w2vbert+wav2vec_sb,5,seamless_m4t,4,1000
seamless_m4t+whisper_v3+fastconformer+w2vbert+wav2vec_sb,5,whisper_v3,5,1000
seamless_m4t+whisper_v3+fastconformer+w2vbert+wav2vec_sb,5,whisper_v2,6,1000
seamless_m4t+whisper_v3+fastconformer+w2vbert+wav2vec_sb,5,fastconformer,2,574
seamless_m4t+whisper_v3+fastconformer+w2vbert+wav2vec_sb,5,fastconformer,3,426
seamless_m4t+whisper_v3+fastconformer+w2vbert+wav2vec_sb,5,xlsr,7,1000
seamless_m4t+whisper_v3+fastconformer+w2vbert+wav2vec_sb,5,w2vbert,8,1000
seamless_m4t+whisper_v3+fastconformer+w2vbert+wav2vec_sb,5,hubert,2,426
seamless_m4t+whisper_v3+fastconformer+w2vbert+wav2vec_sb,5,hubert,3,574
seamless_m4t+whisper_v3+fastconformer+w2vbert+wav2vec_sb,5,wav2vec_sb,9,1000
seamless_m4t+whisper_v3+fastconformer+w2vbert+wav2vec_sb,5,cohere,1,1000
seamless_m4t+whisper_v3+fastconformer+w2vbert+cohere,5,seamless_m4t,4,1000
seamless_m4t+whisper_v3+fastconformer+w2vbert+cohere,5,whisper_v3,5,1000
seamless_m4t+whisper_v3+fastconformer+w2vbert+cohere,5,whisper_v2,6,1000
seamless_m4t+whisper_v3+fastconformer+w2vbert+cohere,5,fastconformer,2,1000
seamless_m4t+whisper_v3+fastconformer+w2vbert+cohere,5,xlsr,7,1000
seamless_m4t+whisper_v3+fastconformer+w2vbert+cohere,5,w2vbert,8,1000
seamless_m4t+whisper_v3+fastconformer+w2vbert+cohere,5,hubert,3,1000
seamless_m4t+whisper_v3+fastconformer+w2vbert+cohere,5,wav2vec_sb,9,1000
seamless_m4t+whisper_v3+fastconformer+w2vbert+cohere,5,cohere,1,1000
seamless_m4t+whisper_v3+fastconformer+hubert+wav2vec_sb,5,seamless_m4t,3,4
seamless_m4t+whisper_v3+fastconformer+hubert+wav2vec_sb,5,seamless_m4t,4,996
seamless_m4t+whisper_v3+fastconformer+hubert+wav2vec_sb,5,whisper_v3,5,1000
seamless_m4t+whisper_v3+fastconformer+hubert+wav2vec_sb,5,whisper_v2,6,1000
seamless_m4t+whisper_v3+fastconformer+hubert+wav2vec_sb,5,fastconformer,2,1000
seamless_m4t+whisper_v3+fastconformer+hubert+wav2vec_sb,5,xlsr,7,1000
seamless_m4t+whisper_v3+fastconformer+hubert+wav2vec_sb,5,w2vbert,8,1000
seamless_m4t+whisper_v3+fastconformer+hubert+wav2vec_sb,5,hubert,3,996
seamless_m4t+whisper_v3+fastconformer+hubert+wav2vec_sb,5,hubert,4,4
seamless_m4t+whisper_v3+fastconformer+hubert+wav2vec_sb,5,wav2vec_sb,9,1000
seamless_m4t+whisper_v3+fastconformer+hubert+wav2vec_sb,5,cohere,1,1000
seamless_m4t+whisper_v3+fastconformer+hubert+cohere,5,seamless_m4t,4,1000
seamless_m4t+whisper_v3+fastconformer+hubert+cohere,5,whisper_v3,5,1000
seamless_m4t+whisper_v3+fastconformer+hubert+cohere,5,whisper_v2,6,1000
seamless_m4t+whisper_v3+fastconformer+hubert+cohere,5,fastconformer,2,1000
seamless_m4t+whisper_v3+fastconformer+hubert+cohere,5,xlsr,7,1000
seamless_m4t+whisper_v3+fastconformer+hubert+cohere,5,w2vbert,8,1000
seamless_m4t+whisper_v3+fastconformer+hubert+cohere,5,hubert,3,1000
seamless_m4t+whisper_v3+fastconformer+hubert+cohere,5,wav2vec_sb,9,1000
seamless_m4t+whisper_v3+fastconformer+hubert+cohere,5,cohere,1,1000
seamless_m4t+whisper_v3+fastconformer+wav2vec_sb+cohere,5,seamless_m4t,4,1000
seamless_m4t+whisper_v3+fastconformer+wav2vec_sb+cohere,5,whisper_v3,5,1000
seamless_m4t+whisper_v3+fastconformer+wav2vec_sb+cohere,5,whisper_v2,6,1000
seamless_m4t+whisper_v3+fastconformer+wav2vec_sb+cohere,5,fastconformer,2,1000
seamless_m4t+whisper_v3+fastconformer+wav2vec_sb+cohere,5,xlsr,7,1000
seamless_m4t+whisper_v3+fastconformer+wav2vec_sb+cohere,5,w2vbert,8,1000
seamless_m4t+whisper_v3+fastconformer+wav2vec_sb+cohere,5,hubert,3,1000
seamless_m4t+whisper_v3+fastconformer+wav2vec_sb+cohere,5,wav2vec_sb,9,1000
seamless_m4t+whisper_v3+fastconformer+wav2vec_sb+cohere,5,cohere,1,1000
seamless_m4t+whisper_v3+xlsr+w2vbert+hubert,5,seamless_m4t,3,19
seamless_m4t+whisper_v3+xlsr+w2vbert+hubert,5,seamless_m4t,4,981
seamless_m4t+whisper_v3+xlsr+w2vbert+hubert,5,whisper_v3,5,1000
seamless_m4t+whisper_v3+xlsr+w2vbert+hubert,5,whisper_v2,6,1000
seamless_m4t+whisper_v3+xlsr+w2vbert+hubert,5,fastconformer,2,1000
seamless_m4t+whisper_v3+xlsr+w2vbert+hubert,5,xlsr,7,1000
seamless_m4t+whisper_v3+xlsr+w2vbert+hubert,5,w2vbert,8,1000
seamless_m4t+whisper_v3+xlsr+w2vbert+hubert,5,hubert,3,981
seamless_m4t+whisper_v3+xlsr+w2vbert+hubert,5,hubert,4,19
seamless_m4t+whisper_v3+xlsr+w2vbert+hubert,5,wav2vec_sb,9,1000
seamless_m4t+whisper_v3+xlsr+w2vbert+hubert,5,cohere,1,1000
seamless_m4t+whisper_v3+xlsr+w2vbert+wav2vec_sb,5,seamless_m4t,4,1000
seamless_m4t+whisper_v3+xlsr+w2vbert+wav2vec_sb,5,whisper_v3,5,957
seamless_m4t+whisper_v3+xlsr+w2vbert+wav2vec_sb,5,whisper_v3,6,43
seamless_m4t+whisper_v3+xlsr+w2vbert+wav2vec_sb,5,whisper_v2,5,43
seamless_m4t+whisper_v3+xlsr+w2vbert+wav2vec_sb,5,whisper_v2,6,957
seamless_m4t+whisper_v3+xlsr+w2vbert+wav2vec_sb,5,fastconformer,2,1000
seamless_m4t+whisper_v3+xlsr+w2vbert+wav2vec_sb,5,xlsr,7,1000
seamless_m4t+whisper_v3+xlsr+w2vbert+wav2vec_sb,5,w2vbert,8,1000
seamless_m4t+whisper_v3+xlsr+w2vbert+wav2vec_sb,5,hubert,3,1000
seamless_m4t+whisper_v3+xlsr+w2vbert+wav2vec_sb,5,wav2vec_sb,9,1000
seamless_m4t+whisper_v3+xlsr+w2vbert+wav2vec_sb,5,cohere,1,1000
seamless_m4t+whisper_v3+xlsr+w2vbert+cohere,5,seamless_m4t,4,1000
seamless_m4t+whisper_v3+xlsr+w2vbert+cohere,5,whisper_v3,5,1000
seamless_m4t+whisper_v3+xlsr+w2vbert+cohere,5,whisper_v2,6,1000
seamless_m4t+whisper_v3+xlsr+w2vbert+cohere,5,fastconformer,1,1000
seamless_m4t+whisper_v3+xlsr+w2vbert+cohere,5,xlsr,7,1000
seamless_m4t+whisper_v3+xlsr+w2vbert+cohere,5,w2vbert,8,1000
seamless_m4t+whisper_v3+xlsr+w2vbert+cohere,5,hubert,3,1000
seamless_m4t+whisper_v3+xlsr+w2vbert+cohere,5,wav2vec_sb,9,1000
seamless_m4t+whisper_v3+xlsr+w2vbert+cohere,5,cohere,2,1000
seamless_m4t+whisper_v3+xlsr+hubert+wav2vec_sb,5,seamless_m4t,4,1000
seamless_m4t+whisper_v3+xlsr+hubert+wav2vec_sb,5,whisper_v3,5,1000
seamless_m4t+whisper_v3+xlsr+hubert+wav2vec_sb,5,whisper_v2,6,1000
seamless_m4t+whisper_v3+xlsr+hubert+wav2vec_sb,5,fastconformer,2,1000
seamless_m4t+whisper_v3+xlsr+hubert+wav2vec_sb,5,xlsr,7,1000
seamless_m4t+whisper_v3+xlsr+hubert+wav2vec_sb,5,w2vbert,8,1000
seamless_m4t+whisper_v3+xlsr+hubert+wav2vec_sb,5,hubert,3,1000
seamless_m4t+whisper_v3+xlsr+hubert+wav2vec_sb,5,wav2vec_sb,9,1000
seamless_m4t+whisper_v3+xlsr+hubert+wav2vec_sb,5,cohere,1,1000
seamless_m4t+whisper_v3+xlsr+hubert+cohere,5,seamless_m4t,3,59
seamless_m4t+whisper_v3+xlsr+hubert+cohere,5,seamless_m4t,4,941
seamless_m4t+whisper_v3+xlsr+hubert+cohere,5,whisper_v3,5,1000
seamless_m4t+whisper_v3+xlsr+hubert+cohere,5,whisper_v2,6,1000
seamless_m4t+whisper_v3+xlsr+hubert+cohere,5,fastconformer,1,567
seamless_m4t+whisper_v3+xlsr+hubert+cohere,5,fastconformer,2,433
seamless_m4t+whisper_v3+xlsr+hubert+cohere,5,xlsr,7,1000
seamless_m4t+whisper_v3+xlsr+hubert+cohere,5,w2vbert,8,1000
seamless_m4t+whisper_v3+xlsr+hubert+cohere,5,hubert,3,941
seamless_m4t+whisper_v3+xlsr+hubert+cohere,5,hubert,4,59
seamless_m4t+whisper_v3+xlsr+hubert+cohere,5,wav2vec_sb,9,1000
seamless_m4t+whisper_v3+xlsr+hubert+cohere,5,cohere,1,433
seamless_m4t+whisper_v3+xlsr+hubert+cohere,5,cohere,2,567
seamless_m4t+whisper_v3+xlsr+wav2vec_sb+cohere,5,seamless_m4t,4,1000
seamless_m4t+whisper_v3+xlsr+wav2vec_sb+cohere,5,whisper_v3,5,1000
seamless_m4t+whisper_v3+xlsr+wav2vec_sb+cohere,5,whisper_v2,6,1000
seamless_m4t+whisper_v3+xlsr+wav2vec_sb+cohere,5,fastconformer,1,1000
seamless_m4t+whisper_v3+xlsr+wav2vec_sb+cohere,5,xlsr,7,1000
seamless_m4t+whisper_v3+xlsr+wav2vec_sb+cohere,5,w2vbert,8,1000
seamless_m4t+whisper_v3+xlsr+wav2vec_sb+cohere,5,hubert,3,1000
seamless_m4t+whisper_v3+xlsr+wav2vec_sb+cohere,5,wav2vec_sb,9,1000
seamless_m4t+whisper_v3+xlsr+wav2vec_sb+cohere,5,cohere,2,1000
seamless_m4t+whisper_v3+w2vbert+hubert+wav2vec_sb,5,seamless_m4t,3,309
seamless_m4t+whisper_v3+w2vbert+hubert+wav2vec_sb,5,seamless_m4t,4,691
seamless_m4t+whisper_v3+w2vbert+hubert+wav2vec_sb,5,whisper_v3,5,1000
seamless_m4t+whisper_v3+w2vbert+hubert+wav2vec_sb,5,whisper_v2,6,1000
seamless_m4t+whisper_v3+w2vbert+hubert+wav2vec_sb,5,fastconformer,2,1000
seamless_m4t+whisper_v3+w2vbert+hubert+wav2vec_sb,5,xlsr,7,1000
seamless_m4t+whisper_v3+w2vbert+hubert+wav2vec_sb,5,w2vbert,8,1000
seamless_m4t+whisper_v3+w2vbert+hubert+wav2vec_sb,5,hubert,3,691
seamless_m4t+whisper_v3+w2vbert+hubert+wav2vec_sb,5,hubert,4,309
seamless_m4t+whisper_v3+w2vbert+hubert+wav2vec_sb,5,wav2vec_sb,9,1000
seamless_m4t+whisper_v3+w2vbert+hubert+wav2vec_sb,5,cohere,1,1000
seamless_m4t+whisper_v3+w2vbert+hubert+cohere,5,seamless_m4t,3,370
seamless_m4t+whisper_v3+w2vbert+hubert+cohere,5,seamless_m4t,4,630
seamless_m4t+whisper_v3+w2vbert+hubert+cohere,5,whisper_v3,5,1000
seamless_m4t+whisper_v3+w2vbert+hubert+cohere,5,whisper_v2,6,1000
seamless_m4t+whisper_v3+w2vbert+hubert+cohere,5,fastconformer,1,136
seamless_m4t+whisper_v3+w2vbert+hubert+cohere,5,fastconformer,2,864
seamless_m4t+whisper_v3+w2vbert+hubert+cohere,5,xlsr,7,1000
seamless_m4t+whisper_v3+w2vbert+hubert+cohere,5,w2vbert,8,1000
seamless_m4t+whisper_v3+w2vbert+hubert+cohere,5,hubert,3,630
seamless_m4t+whisper_v3+w2vbert+hubert+cohere,5,hubert,4,370
seamless_m4t+whisper_v3+w2vbert+hubert+cohere,5,wav2vec_sb,9,1000
seamless_m4t+whisper_v3+w2vbert+hubert+cohere,5,cohere,1,864
seamless_m4t+whisper_v3+w2vbert+hubert+cohere,5,cohere,2,136
seamless_m4t+whisper_v3+w2vbert+wav2vec_sb+cohere,5,seamless_m4t,4,1000
seamless_m4t+whisper_v3+w2vbert+wav2vec_sb+cohere,5,whisper_v3,5,1000
seamless_m4t+whisper_v3+w2vbert+wav2vec_sb+cohere,5,whisper_v2,6,1000
seamless_m4t+whisper_v3+w2vbert+wav2vec_sb+cohere,5,fastconformer,1,1000
seamless_m4t+whisper_v3+w2vbert+wav2vec_sb+cohere,5,xlsr,7,1000
seamless_m4t+whisper_v3+w2vbert+wav2vec_sb+cohere,5,w2vbert,8,1000
seamless_m4t+whisper_v3+w2vbert+wav2vec_sb+cohere,5,hubert,3,1000
seamless_m4t+whisper_v3+w2vbert+wav2vec_sb+cohere,5,wav2vec_sb,9,1000
seamless_m4t+whisper_v3+w2vbert+wav2vec_sb+cohere,5,cohere,2,1000
seamless_m4t+whisper_v3+hubert+wav2vec_sb+cohere,5,seamless_m4t,3,235
seamless_m4t+whisper_v3+hubert+wav2vec_sb+cohere,5,seamless_m4t,4,765
seamless_m4t+whisper_v3+hubert+wav2vec_sb+cohere,5,whisper_v3,5,1000
seamless_m4t+whisper_v3+hubert+wav2vec_sb+cohere,5,whisper_v2,6,1000
seamless_m4t+whisper_v3+hubert+wav2vec_sb+cohere,5,fastconformer,1,299
seamless_m4t+whisper_v3+hubert+wav2vec_sb+cohere,5,fastconformer,2,701
seamless_m4t+whisper_v3+hubert+wav2vec_sb+cohere,5,xlsr,7,1000
seamless_m4t+whisper_v3+hubert+wav2vec_sb+cohere,5,w2vbert,8,1000
seamless_m4t+whisper_v3+hubert+wav2vec_sb+cohere,5,hubert,3,765
seamless_m4t+whisper_v3+hubert+wav2vec_sb+cohere,5,hubert,4,235
seamless_m4t+whisper_v3+hubert+wav2vec_sb+cohere,5,wav2vec_sb,9,1000
seamless_m4t+whisper_v3+hubert+wav2vec_sb+cohere,5,cohere,1,701
seamless_m4t+whisper_v3+hubert+wav2vec_sb+cohere,5,cohere,2,299
seamless_m4t+whisper_v2+fastconformer+xlsr+w2vbert,5,seamless_m4t,4,747
seamless_m4t+whisper_v2+fastconformer+xlsr+w2vbert,5,seamless_m4t,5,253
seamless_m4t+whisper_v2+fastconformer+xlsr+w2vbert,5,whisper_v3,4,253
seamless_m4t+whisper_v2+fastconformer+xlsr+w2vbert,5,whisper_v3,5,747
seamless_m4t+whisper_v2+fastconformer+xlsr+w2vbert,5,whisper_v2,6,1000
seamless_m4t+whisper_v2+fastconformer+xlsr+w2vbert,5,fastconformer,2,31
seamless_m4t+whisper_v2+fastconformer+xlsr+w2vbert,5,fastconformer,3,969
seamless_m4t+whisper_v2+fastconformer+xlsr+w2vbert,5,xlsr,7,1000
seamless_m4t+whisper_v2+fastconformer+xlsr+w2vbert,5,w2vbert,8,1000
seamless_m4t+whisper_v2+fastconformer+xlsr+w2vbert,5,hubert,2,969
seamless_m4t+whisper_v2+fastconformer+xlsr+w2vbert,5,hubert,3,31
seamless_m4t+whisper_v2+fastconformer+xlsr+w2vbert,5,wav2vec_sb,9,1000
seamless_m4t+whisper_v2+fastconformer+xlsr+w2vbert,5,cohere,1,1000
seamless_m4t+whisper_v2+fastconformer+xlsr+hubert,5,seamless_m4t,4,1000
seamless_m4t+whisper_v2+fastconformer+xlsr+hubert,5,whisper_v3,5,1000
seamless_m4t+whisper_v2+fastconformer+xlsr+hubert,5,whisper_v2,6,1000
seamless_m4t+whisper_v2+fastconformer+xlsr+hubert,5,fastconformer,2,1000
seamless_m4t+whisper_v2+fastconformer+xlsr+hubert,5,xlsr,7,1000
seamless_m4t+whisper_v2+fastconformer+xlsr+hubert,5,w2vbert,8,1000
seamless_m4t+whisper_v2+fastconformer+xlsr+hubert,5,hubert,3,1000
seamless_m4t+whisper_v2+fastconformer+xlsr+hubert,5,wav2vec_sb,9,1000
seamless_m4t+whisper_v2+fastconformer+xlsr+hubert,5,cohere,1,1000
seamless_m4t+whisper_v2+fastconformer+xlsr+wav2vec_sb,5,seamless_m4t,4,39
seamless_m4t+whisper_v2+fastconformer+xlsr+wav2vec_sb,5,seamless_m4t,5,961
seamless_m4t+whisper_v2+fastconformer+xlsr+wav2vec_sb,5,whisper_v3,4,961
seamless_m4t+whisper_v2+fastconformer+xlsr+wav2vec_sb,5,whisper_v3,5,39
seamless_m4t+whisper_v2+fastconformer+xlsr+wav2vec_sb,5,whisper_v2,6,1000
seamless_m4t+whisper_v2+fastconformer+xlsr+wav2vec_sb,5,fastconformer,3,1000
seamless_m4t+whisper_v2+fastconformer+xlsr+wav2vec_sb,5,xlsr,7,1000
seamless_m4t+whisper_v2+fastconformer+xlsr+wav2vec_sb,5,w2vbert,8,1000
seamless_m4t+whisper_v2+fastconformer+xlsr+wav2vec_sb,5,hubert,2,1000
seamless_m4t+whisper_v2+fastconformer+xlsr+wav2vec_sb,5,wav2vec_sb,9,1000
seamless_m4t+whisper_v2+fastconformer+xlsr+wav2vec_sb,5,cohere,1,1000
seamless_m4t+whisper_v2+fastconformer+xlsr+cohere,5,seamless_m4t,4,1000
seamless_m4t+whisper_v2+fastconformer+xlsr+cohere,5,whisper_v3,5,1000
seamless_m4t+whisper_v2+fastconformer+xlsr+cohere,5,whisper_v2,6,1000
seamless_m4t+whisper_v2+fastconformer+xlsr+cohere,5,fastconformer,2,1000
seamless_m4t+whisper_v2+fastconformer+xlsr+cohere,5,xlsr,7,1000
seamless_m4t+whisper_v2+fastconformer+xlsr+cohere,5,w2vbert,8,1000
seamless_m4t+whisper_v2+fastconformer+xlsr+cohere,5,hubert,3,1000
seamless_m4t+whisper_v2+fastconformer+xlsr+cohere,5,wav2vec_sb,9,1000
seamless_m4t+whisper_v2+fastconformer+xlsr+cohere,5,cohere,1,1000
seamless_m4t+whisper_v2+fastconformer+w2vbert+hubert,5,seamless_m4t,3,24
seamless_m4t+whisper_v2+fastconformer+w2vbert+hubert,5,seamless_m4t,4,976
seamless_m4t+whisper_v2+fastconformer+w2vbert+hubert,5,whisper_v3,5,1000
seamless_m4t+whisper_v2+fastconformer+w2vbert+hubert,5,whisper_v2,6,1000
seamless_m4t+whisper_v2+fastconformer+w2vbert+hubert,5,fastconformer,2,1000
seamless_m4t+whisper_v2+fastconformer+w2vbert+hubert,5,xlsr,7,1000
seamless_m4t+whisper_v2+fastconformer+w2vbert+hubert,5,w2vbert,8,1000
seamless_m4t+whisper_v2+fastconformer+w2vbert+hubert,5,hubert,3,976
seamless_m4t+whisper_v2+fastconformer+w2vbert+hubert,5,hubert,4,24
seamless_m4t+whisper_v2+fastconformer+w2vbert+hubert,5,wav2vec_sb,9,1000
seamless_m4t+whisper_v2+fastconformer+w2vbert+hubert,5,cohere,1,1000
seamless_m4t+whisper_v2+fastconformer+w2vbert+wav2vec_sb,5,seamless_m4t,4,899
seamless_m4t+whisper_v2+fastconformer+w2vbert+wav2vec_sb,5,seamless_m4t,5,101
seamless_m4t+whisper_v2+fastconformer+w2vbert+wav2vec_sb,5,whisper_v3,4,101
seamless_m4t+whisper_v2+fastconformer+w2vbert+wav2vec_sb,5,whisper_v3,5,899
seamless_m4t+whisper_v2+fastconformer+w2vbert+wav2vec_sb,5,whisper_v2,6,1000
seamless_m4t+whisper_v2+fastconformer+w2vbert+wav2vec_sb,5,fastconformer,2,21
seamless_m4t+whisper_v2+fastconformer+w2vbert+wav2vec_sb,5,fastconformer,3,979
seamless_m4t+whisper_v2+fastconformer+w2vbert+wav2vec_sb,5,xlsr,7,1000
seamless_m4t+whisper_v2+fastconformer+w2vbert+wav2vec_sb,5,w2vbert,8,1000
seamless_m4t+whisper_v2+fastconformer+w2vbert+wav2vec_sb,5,hubert,2,979
seamless_m4t+whisper_v2+fastconformer+w2vbert+wav2vec_sb,5,hubert,3,21
seamless_m4t+whisper_v2+fastconformer+w2vbert+wav2vec_sb,5,wav2vec_sb,9,1000
seamless_m4t+whisper_v2+fastconformer+w2vbert+wav2vec_sb,5,cohere,1,1000
seamless_m4t+whisper_v2+fastconformer+w2vbert+cohere,5,seamless_m4t,4,1000
seamless_m4t+whisper_v2+fastconformer+w2vbert+cohere,5,whisper_v3,5,1000
seamless_m4t+whisper_v2+fastconformer+w2vbert+cohere,5,whisper_v2,6,1000
seamless_m4t+whisper_v2+fastconformer+w2vbert+cohere,5,fastconformer,2,1000
seamless_m4t+whisper_v2+fastconformer+w2vbert+cohere,5,xlsr,7,1000
seamless_m4t+whisper_v2+fastconformer+w2vbert+cohere,5,w2vbert,8,1000
seamless_m4t+whisper_v2+fastconformer+w2vbert+cohere,5,hubert,3,1000
seamless_m4t+whisper_v2+fastconformer+w2vbert+cohere,5,wav2vec_sb,9,1000
seamless_m4t+whisper_v2+fastconformer+w2vbert+cohere,5,cohere,1,1000
seamless_m4t+whisper_v2+fastconformer+hubert+wav2vec_sb,5,seamless_m4t,3,3
seamless_m4t+whisper_v2+fastconformer+hubert+wav2vec_sb,5,seamless_m4t,4,997
seamless_m4t+whisper_v2+fastconformer+hubert+wav2vec_sb,5,whisper_v3,5,1000
seamless_m4t+whisper_v2+fastconformer+hubert+wav2vec_sb,5,whisper_v2,6,1000
seamless_m4t+whisper_v2+fastconformer+hubert+wav2vec_sb,5,fastconformer,2,1000
seamless_m4t+whisper_v2+fastconformer+hubert+wav2vec_sb,5,xlsr,7,1000
seamless_m4t+whisper_v2+fastconformer+hubert+wav2vec_sb,5,w2vbert,8,1000
seamless_m4t+whisper_v2+fastconformer+hubert+wav2vec_sb,5,hubert,3,997
seamless_m4t+whisper_v2+fastconformer+hubert+wav2vec_sb,5,hubert,4,3
seamless_m4t+whisper_v2+fastconformer+hubert+wav2vec_sb,5,wav2vec_sb,9,1000
seamless_m4t+whisper_v2+fastconformer+hubert+wav2vec_sb,5,cohere,1,1000
seamless_m4t+whisper_v2+fastconformer+hubert+cohere,5,seamless_m4t,4,1000
seamless_m4t+whisper_v2+fastconformer+hubert+cohere,5,whisper_v3,5,1000
seamless_m4t+whisper_v2+fastconformer+hubert+cohere,5,whisper_v2,6,1000
seamless_m4t+whisper_v2+fastconformer+hubert+cohere,5,fastconformer,2,1000
seamless_m4t+whisper_v2+fastconformer+hubert+cohere,5,xlsr,7,1000
seamless_m4t+whisper_v2+fastconformer+hubert+cohere,5,w2vbert,8,1000
seamless_m4t+whisper_v2+fastconformer+hubert+cohere,5,hubert,3,1000
seamless_m4t+whisper_v2+fastconformer+hubert+cohere,5,wav2vec_sb,9,1000
seamless_m4t+whisper_v2+fastconformer+hubert+cohere,5,cohere,1,1000
seamless_m4t+whisper_v2+fastconformer+wav2vec_sb+cohere,5,seamless_m4t,4,1000
seamless_m4t+whisper_v2+fastconformer+wav2vec_sb+cohere,5,whisper_v3,5,1000
seamless_m4t+whisper_v2+fastconformer+wav2vec_sb+cohere,5,whisper_v2,6,1000
seamless_m4t+whisper_v2+fastconformer+wav2vec_sb+cohere,5,fastconformer,2,1000
seamless_m4t+whisper_v2+fastconformer+wav2vec_sb+cohere,5,xlsr,7,1000
seamless_m4t+whisper_v2+fastconformer+wav2vec_sb+cohere,5,w2vbert,8,1000
seamless_m4t+whisper_v2+fastconformer+wav2vec_sb+cohere,5,hubert,3,1000
seamless_m4t+whisper_v2+fastconformer+wav2vec_sb+cohere,5,wav2vec_sb,9,1000
seamless_m4t+whisper_v2+fastconformer+wav2vec_sb+cohere,5,cohere,1,1000
seamless_m4t+whisper_v2+xlsr+w2vbert+hubert,5,seamless_m4t,3,1
seamless_m4t+whisper_v2+xlsr+w2vbert+hubert,5,seamless_m4t,4,162
seamless_m4t+whisper_v2+xlsr+w2vbert+hubert,5,seamless_m4t,5,837
seamless_m4t+whisper_v2+xlsr+w2vbert+hubert,5,whisper_v3,3,86
seamless_m4t+whisper_v2+xlsr+w2vbert+hubert,5,whisper_v3,4,754
seamless_m4t+whisper_v2+xlsr+w2vbert+hubert,5,whisper_v3,5,160
seamless_m4t+whisper_v2+xlsr+w2vbert+hubert,5,whisper_v2,6,1000
seamless_m4t+whisper_v2+xlsr+w2vbert+hubert,5,fastconformer,2,1000
seamless_m4t+whisper_v2+xlsr+w2vbert+hubert,5,xlsr,7,1000
seamless_m4t+whisper_v2+xlsr+w2vbert+hubert,5,w2vbert,8,1000
seamless_m4t+whisper_v2+xlsr+w2vbert+hubert,5,hubert,3,913
seamless_m4t+whisper_v2+xlsr+w2vbert+hubert,5,hubert,4,84
seamless_m4t+whisper_v2+xlsr+w2vbert+hubert,5,hubert,5,3
seamless_m4t+whisper_v2+xlsr+w2vbert+hubert,5,wav2vec_sb,9,1000
seamless_m4t+whisper_v2+xlsr+w2vbert+hubert,5,cohere,1,1000
seamless_m4t+whisper_v2+xlsr+w2vbert+wav2vec_sb,5,seamless_m4t,5,1000
seamless_m4t+whisper_v2+xlsr+w2vbert+wav2vec_sb,5,whisper_v3,4,1000
seamless_m4t+whisper_v2+xlsr+w2vbert+wav2vec_sb,5,whisper_v2,6,1000
seamless_m4t+whisper_v2+xlsr+w2vbert+wav2vec_sb,5,fastconformer,2,1000
seamless_m4t+whisper_v2+xlsr+w2vbert+wav2vec_sb,5,xlsr,7,1000
seamless_m4t+whisper_v2+xlsr+w2vbert+wav2vec_sb,5,w2vbert,8,1000
seamless_m4t+whisper_v2+xlsr+w2vbert+wav2vec_sb,5,hubert,3,1000
seamless_m4t+whisper_v2+xlsr+w2vbert+wav2vec_sb,5,wav2vec_sb,9,1000
seamless_m4t+whisper_v2+xlsr+w2vbert+wav2vec_sb,5,cohere,1,1000
seamless_m4t+whisper_v2+xlsr+w2vbert+cohere,5,seamless_m4t,4,996
seamless_m4t+whisper_v2+xlsr+w2vbert+cohere,5,seamless_m4t,5,4
seamless_m4t+whisper_v2+xlsr+w2vbert+cohere,5,whisper_v3,4,4
seamless_m4t+whisper_v2+xlsr+w2vbert+cohere,5,whisper_v3,5,996
seamless_m4t+whisper_v2+xlsr+w2vbert+cohere,5,whisper_v2,6,1000
seamless_m4t+whisper_v2+xlsr+w2vbert+cohere,5,fastconformer,1,1000
seamless_m4t+whisper_v2+xlsr+w2vbert+cohere,5,xlsr,7,1000
seamless_m4t+whisper_v2+xlsr+w2vbert+cohere,5,w2vbert,8,1000
seamless_m4t+whisper_v2+xlsr+w2vbert+cohere,5,hubert,3,1000
seamless_m4t+whisper_v2+xlsr+w2vbert+cohere,5,wav2vec_sb,9,1000
seamless_m4t+whisper_v2+xlsr+w2vbert+cohere,5,cohere,2,1000
seamless_m4t+whisper_v2+xlsr+hubert+wav2vec_sb,5,seamless_m4t,5,1000
seamless_m4t+whisper_v2+xlsr+hubert+wav2vec_sb,5,whisper_v3,3,627
seamless_m4t+whisper_v2+xlsr+hubert+wav2vec_sb,5,whisper_v3,4,373
seamless_m4t+whisper_v2+xlsr+hubert+wav2vec_sb,5,whisper_v2,6,1000
seamless_m4t+whisper_v2+xlsr+hubert+wav2vec_sb,5,fastconformer,2,1000
seamless_m4t+whisper_v2+xlsr+hubert+wav2vec_sb,5,xlsr,7,1000
seamless_m4t+whisper_v2+xlsr+hubert+wav2vec_sb,5,w2vbert,8,1000
seamless_m4t+whisper_v2+xlsr+hubert+wav2vec_sb,5,hubert,3,373
seamless_m4t+whisper_v2+xlsr+hubert+wav2vec_sb,5,hubert,4,627
seamless_m4t+whisper_v2+xlsr+hubert+wav2vec_sb,5,wav2vec_sb,9,1000
seamless_m4t+whisper_v2+xlsr+hubert+wav2vec_sb,5,cohere,1,1000
seamless_m4t+whisper_v2+xlsr+hubert+cohere,5,seamless_m4t,3,8
seamless_m4t+whisper_v2+xlsr+hubert+cohere,5,seamless_m4t,4,992
seamless_m4t+whisper_v2+xlsr+hubert+cohere,5,whisper_v3,5,1000
seamless_m4t+whisper_v2+xlsr+hubert+cohere,5,whisper_v2,6,1000
seamless_m4t+whisper_v2+xlsr+hubert+cohere,5,fastconformer,1,789
seamless_m4t+whisper_v2+xlsr+hubert+cohere,5,fastconformer,2,211
seamless_m4t+whisper_v2+xlsr+hubert+cohere,5,xlsr,7,999
seamless_m4t+whisper_v2+xlsr+hubert+cohere,5,xlsr,8,1
seamless_m4t+whisper_v2+xlsr+hubert+cohere,5,w2vbert,7,1
seamless_m4t+whisper_v2+xlsr+hubert+cohere,5,w2vbert,8,999
seamless_m4t+whisper_v2+xlsr+hubert+cohere,5,hubert,3,992
seamless_m4t+whisper_v2+xlsr+hubert+cohere,5,hubert,4,8
seamless_m4t+whisper_v2+xlsr+hubert+cohere,5,wav2vec_sb,9,1000
seamless_m4t+whisper_v2+xlsr+hubert+cohere,5,cohere,1,211
seamless_m4t+whisper_v2+xlsr+hubert+cohere,5,cohere,2,789
seamless_m4t+whisper_v2+xlsr+wav2vec_sb+cohere,5,seamless_m4t,4,426
seamless_m4t+whisper_v2+xlsr+wav2vec_sb+cohere,5,seamless_m4t,5,574
seamless_m4t+whisper_v2+xlsr+wav2vec_sb+cohere,5,whisper_v3,4,574
seamless_m4t+whisper_v2+xlsr+wav2vec_sb+cohere,5,whisper_v3,5,426
seamless_m4t+whisper_v2+xlsr+wav2vec_sb+cohere,5,whisper_v2,6,1000
seamless_m4t+whisper_v2+xlsr+wav2vec_sb+cohere,5,fastconformer,1,1000
seamless_m4t+whisper_v2+xlsr+wav2vec_sb+cohere,5,xlsr,7,1000
seamless_m4t+whisper_v2+xlsr+wav2vec_sb+cohere,5,w2vbert,8,1000
seamless_m4t+whisper_v2+xlsr+wav2vec_sb+cohere,5,hubert,2,2
seamless_m4t+whisper_v2+xlsr+wav2vec_sb+cohere,5,hubert,3,998
seamless_m4t+whisper_v2+xlsr+wav2vec_sb+cohere,5,wav2vec_sb,9,1000
seamless_m4t+whisper_v2+xlsr+wav2vec_sb+cohere,5,cohere,2,998
seamless_m4t+whisper_v2+xlsr+wav2vec_sb+cohere,5,cohere,3,2
seamless_m4t+whisper_v2+w2vbert+hubert+wav2vec_sb,5,seamless_m4t,3,19
seamless_m4t+whisper_v2+w2vbert+hubert+wav2vec_sb,5,seamless_m4t,4,473
seamless_m4t+whisper_v2+w2vbert+hubert+wav2vec_sb,5,seamless_m4t,5,508
seamless_m4t+whisper_v2+w2vbert+hubert+wav2vec_sb,5,whisper_v3,3,47
seamless_m4t+whisper_v2+w2vbert+hubert+wav2vec_sb,5,whisper_v3,4,465
seamless_m4t+whisper_v2+w2vbert+hubert+wav2vec_sb,5,whisper_v3,5,488
seamless_m4t+whisper_v2+w2vbert+hubert+wav2vec_sb,5,whisper_v2,6,1000
seamless_m4t+whisper_v2+w2vbert+hubert+wav2vec_sb,5,fastconformer,2,1000
seamless_m4t+whisper_v2+w2vbert+hubert+wav2vec_sb,5,xlsr,7,1000
seamless_m4t+whisper_v2+w2vbert+hubert+wav2vec_sb,5,w2vbert,8,1000
seamless_m4t+whisper_v2+w2vbert+hubert+wav2vec_sb,5,hubert,3,934
seamless_m4t+whisper_v2+w2vbert+hubert+wav2vec_sb,5,hubert,4,62
seamless_m4t+whisper_v2+w2vbert+hubert+wav2vec_sb,5,hubert,5,4
seamless_m4t+whisper_v2+w2vbert+hubert+wav2vec_sb,5,wav2vec_sb,9,1000
seamless_m4t+whisper_v2+w2vbert+hubert+wav2vec_sb,5,cohere,1,1000
seamless_m4t+whisper_v2+w2vbert+hubert+cohere,5,seamless_m4t,3,321
seamless_m4t+whisper_v2+w2vbert+hubert+cohere,5,seamless_m4t,4,679
seamless_m4t+whisper_v2+w2vbert+hubert+cohere,5,whisper_v3,5,1000
seamless_m4t+whisper_v2+w2vbert+hubert+cohere,5,whisper_v2,6,1000
seamless_m4t+whisper_v2+w2vbert+hubert+cohere,5,fastconformer,1,571
seamless_m4t+whisper_v2+w2vbert+hubert+cohere,5,fastconformer,2,429
seamless_m4t+whisper_v2+w2vbert+hubert+cohere,5,xlsr,7,1000
seamless_m4t+whisper_v2+w2vbert+hubert+cohere,5,w2vbert,8,1000
seamless_m4t+whisper_v2+w2vbert+hubert+cohere,5,hubert,3,679
seamless_m4t+whisper_v2+w2vbert+hubert+cohere,5,hubert,4,321
seamless_m4t+whisper_v2+w2vbert+hubert+cohere,5,wav2vec_sb,9,1000
seamless_m4t+whisper_v2+w2vbert+hubert+cohere,5,cohere,1,429
seamless_m4t+whisper_v2+w2vbert+hubert+cohere,5,cohere,2,571
seamless_m4t+whisper_v2+w2vbert+wav2vec_sb+cohere,5,seamless_m4t,4,997
seamless_m4t+whisper_v2+w2vbert+wav2vec_sb+cohere,5,seamless_m4t,5,3
seamless_m4t+whisper_v2+w2vbert+wav2vec_sb+cohere,5,whisper_v3,4,3
seamless_m4t+whisper_v2+w2vbert+wav2vec_sb+cohere,5,whisper_v3,5,997
seamless_m4t+whisper_v2+w2vbert+wav2vec_sb+cohere,5,whisper_v2,6,1000
seamless_m4t+whisper_v2+w2vbert+wav2vec_sb+cohere,5,fastconformer,1,1000
seamless_m4t+whisper_v2+w2vbert+wav2vec_sb+cohere,5,xlsr,7,1000
seamless_m4t+whisper_v2+w2vbert+wav2vec_sb+cohere,5,w2vbert,8,1000
seamless_m4t+whisper_v2+w2vbert+wav2vec_sb+cohere,5,hubert,3,1000
seamless_m4t+whisper_v2+w2vbert+wav2vec_sb+cohere,5,wav2vec_sb,9,1000
seamless_m4t+whisper_v2+w2vbert+wav2vec_sb+cohere,5,cohere,2,1000
seamless_m4t+whisper_v2+hubert+wav2vec_sb+cohere,5,seamless_m4t,3,84
seamless_m4t+whisper_v2+hubert+wav2vec_sb+cohere,5,seamless_m4t,4,916
seamless_m4t+whisper_v2+hubert+wav2vec_sb+cohere,5,whisper_v3,5,1000
seamless_m4t+whisper_v2+hubert+wav2vec_sb+cohere,5,whisper_v2,6,1000
seamless_m4t+whisper_v2+hubert+wav2vec_sb+cohere,5,fastconformer,1,763
seamless_m4t+whisper_v2+hubert+wav2vec_sb+cohere,5,fastconformer,2,237
seamless_m4t+whisper_v2+hubert+wav2vec_sb+cohere,5,xlsr,7,1000
seamless_m4t+whisper_v2+hubert+wav2vec_sb+cohere,5,w2vbert,8,1000
seamless_m4t+whisper_v2+hubert+wav2vec_sb+cohere,5,hubert,3,916
seamless_m4t+whisper_v2+hubert+wav2vec_sb+cohere,5,hubert,4,84
seamless_m4t+whisper_v2+hubert+wav2vec_sb+cohere,5,wav2vec_sb,9,1000
seamless_m4t+whisper_v2+hubert+wav2vec_sb+cohere,5,cohere,1,237
seamless_m4t+whisper_v2+hubert+wav2vec_sb+cohere,5,cohere,2,763
seamless_m4t+fastconformer+xlsr+w2vbert+hubert,5,seamless_m4t,4,1000
seamless_m4t+fastconformer+xlsr+w2vbert+hubert,5,whisper_v3,5,1000
seamless_m4t+fastconformer+xlsr+w2vbert+hubert,5,whisper_v2,6,1000
seamless_m4t+fastconformer+xlsr+w2vbert+hubert,5,fastconformer,2,1000
seamless_m4t+fastconformer+xlsr+w2vbert+hubert,5,xlsr,7,1000
seamless_m4t+fastconformer+xlsr+w2vbert+hubert,5,w2vbert,8,1000
seamless_m4t+fastconformer+xlsr+w2vbert+hubert,5,hubert,3,1000
seamless_m4t+fastconformer+xlsr+w2vbert+hubert,5,wav2vec_sb,9,1000
seamless_m4t+fastconformer+xlsr+w2vbert+hubert,5,cohere,1,1000
seamless_m4t+fastconformer+xlsr+w2vbert+wav2vec_sb,5,seamless_m4t,5,1000
seamless_m4t+fastconformer+xlsr+w2vbert+wav2vec_sb,5,whisper_v3,4,1000
seamless_m4t+fastconformer+xlsr+w2vbert+wav2vec_sb,5,whisper_v2,6,1000
seamless_m4t+fastconformer+xlsr+w2vbert+wav2vec_sb,5,fastconformer,3,1000
seamless_m4t+fastconformer+xlsr+w2vbert+wav2vec_sb,5,xlsr,7,1000
seamless_m4t+fastconformer+xlsr+w2vbert+wav2vec_sb,5,w2vbert,8,1000
seamless_m4t+fastconformer+xlsr+w2vbert+wav2vec_sb,5,hubert,2,1000
seamless_m4t+fastconformer+xlsr+w2vbert+wav2vec_sb,5,wav2vec_sb,9,1000
seamless_m4t+fastconformer+xlsr+w2vbert+wav2vec_sb,5,cohere,1,1000
seamless_m4t+fastconformer+xlsr+w2vbert+cohere,5,seamless_m4t,4,1000
seamless_m4t+fastconformer+xlsr+w2vbert+cohere,5,whisper_v3,5,1000
seamless_m4t+fastconformer+xlsr+w2vbert+cohere,5,whisper_v2,6,1000
seamless_m4t+fastconformer+xlsr+w2vbert+cohere,5,fastconformer,2,1000
seamless_m4t+fastconformer+xlsr+w2vbert+cohere,5,xlsr,7,1000
seamless_m4t+fastconformer+xlsr+w2vbert+cohere,5,w2vbert,8,1000
seamless_m4t+fastconformer+xlsr+w2vbert+cohere,5,hubert,3,1000
seamless_m4t+fastconformer+xlsr+w2vbert+cohere,5,wav2vec_sb,9,1000
seamless_m4t+fastconformer+xlsr+w2vbert+cohere,5,cohere,1,1000
seamless_m4t+fastconformer+xlsr+hubert+wav2vec_sb,5,seamless_m4t,4,1000
seamless_m4t+fastconformer+xlsr+hubert+wav2vec_sb,5,whisper_v3,5,1000
seamless_m4t+fastconformer+xlsr+hubert+wav2vec_sb,5,whisper_v2,6,1000
seamless_m4t+fastconformer+xlsr+hubert+wav2vec_sb,5,fastconformer,2,1000
seamless_m4t+fastconformer+xlsr+hubert+wav2vec_sb,5,xlsr,7,1000
seamless_m4t+fastconformer+xlsr+hubert+wav2vec_sb,5,w2vbert,8,1000
seamless_m4t+fastconformer+xlsr+hubert+wav2vec_sb,5,hubert,3,1000
seamless_m4t+fastconformer+xlsr+hubert+wav2vec_sb,5,wav2vec_sb,9,1000
seamless_m4t+fastconformer+xlsr+hubert+wav2vec_sb,5,cohere,1,1000
seamless_m4t+fastconformer+xlsr+hubert+cohere,5,seamless_m4t,4,1000
seamless_m4t+fastconformer+xlsr+hubert+cohere,5,whisper_v3,5,1000
seamless_m4t+fastconformer+xlsr+hubert+cohere,5,whisper_v2,6,1000
seamless_m4t+fastconformer+xlsr+hubert+cohere,5,fastconformer,2,1000
seamless_m4t+fastconformer+xlsr+hubert+cohere,5,xlsr,7,1000
seamless_m4t+fastconformer+xlsr+hubert+cohere,5,w2vbert,8,1000
seamless_m4t+fastconformer+xlsr+hubert+cohere,5,hubert,3,1000
seamless_m4t+fastconformer+xlsr+hubert+cohere,5,wav2vec_sb,9,1000
seamless_m4t+fastconformer+xlsr+hubert+cohere,5,cohere,1,1000
seamless_m4t+fastconformer+xlsr+wav2vec_sb+cohere,5,seamless_m4t,4,1000
seamless_m4t+fastconformer+xlsr+wav2vec_sb+cohere,5,whisper_v3,5,1000
seamless_m4t+fastconformer+xlsr+wav2vec_sb+cohere,5,whisper_v2,6,1000
seamless_m4t+fastconformer+xlsr+wav2vec_sb+cohere,5,fastconformer,2,1000
seamless_m4t+fastconformer+xlsr+wav2vec_sb+cohere,5,xlsr,7,1000
seamless_m4t+fastconformer+xlsr+wav2vec_sb+cohere,5,w2vbert,8,1000
seamless_m4t+fastconformer+xlsr+wav2vec_sb+cohere,5,hubert,3,1000
seamless_m4t+fastconformer+xlsr+wav2vec_sb+cohere,5,wav2vec_sb,9,1000
seamless_m4t+fastconformer+xlsr+wav2vec_sb+cohere,5,cohere,1,1000
seamless_m4t+fastconformer+w2vbert+hubert+wav2vec_sb,5,seamless_m4t,4,1000
seamless_m4t+fastconformer+w2vbert+hubert+wav2vec_sb,5,whisper_v3,5,1000
seamless_m4t+fastconformer+w2vbert+hubert+wav2vec_sb,5,whisper_v2,6,1000
seamless_m4t+fastconformer+w2vbert+hubert+wav2vec_sb,5,fastconformer,2,1000
seamless_m4t+fastconformer+w2vbert+hubert+wav2vec_sb,5,xlsr,7,1000
seamless_m4t+fastconformer+w2vbert+hubert+wav2vec_sb,5,w2vbert,8,1000
seamless_m4t+fastconformer+w2vbert+hubert+wav2vec_sb,5,hubert,3,1000
seamless_m4t+fastconformer+w2vbert+hubert+wav2vec_sb,5,wav2vec_sb,9,1000
seamless_m4t+fastconformer+w2vbert+hubert+wav2vec_sb,5,cohere,1,1000
seamless_m4t+fastconformer+w2vbert+hubert+cohere,5,seamless_m4t,4,1000
seamless_m4t+fastconformer+w2vbert+hubert+cohere,5,whisper_v3,5,1000
seamless_m4t+fastconformer+w2vbert+hubert+cohere,5,whisper_v2,6,1000
seamless_m4t+fastconformer+w2vbert+hubert+cohere,5,fastconformer,2,1000
seamless_m4t+fastconformer+w2vbert+hubert+cohere,5,xlsr,7,1000
seamless_m4t+fastconformer+w2vbert+hubert+cohere,5,w2vbert,8,1000
seamless_m4t+fastconformer+w2vbert+hubert+cohere,5,hubert,3,1000
seamless_m4t+fastconformer+w2vbert+hubert+cohere,5,wav2vec_sb,9,1000
seamless_m4t+fastconformer+w2vbert+hubert+cohere,5,cohere,1,1000
seamless_m4t+fastconformer+w2vbert+wav2vec_sb+cohere,5,seamless_m4t,4,1000
seamless_m4t+fastconformer+w2vbert+wav2vec_sb+cohere,5,whisper_v3,5,1000
seamless_m4t+fastconformer+w2vbert+wav2vec_sb+cohere,5,whisper_v2,6,1000
seamless_m4t+fastconformer+w2vbert+wav2vec_sb+cohere,5,fastconformer,2,1000
seamless_m4t+fastconformer+w2vbert+wav2vec_sb+cohere,5,xlsr,7,1000
seamless_m4t+fastconformer+w2vbert+wav2vec_sb+cohere,5,w2vbert,8,1000
seamless_m4t+fastconformer+w2vbert+wav2vec_sb+cohere,5,hubert,3,1000
seamless_m4t+fastconformer+w2vbert+wav2vec_sb+cohere,5,wav2vec_sb,9,1000
seamless_m4t+fastconformer+w2vbert+wav2vec_sb+cohere,5,cohere,1,1000
seamless_m4t+fastconformer+hubert+wav2vec_sb+cohere,5,seamless_m4t,4,1000
seamless_m4t+fastconformer+hubert+wav2vec_sb+cohere,5,whisper_v3,5,1000
seamless_m4t+fastconformer+hubert+wav2vec_sb+cohere,5,whisper_v2,6,1000
seamless_m4t+fastconformer+hubert+wav2vec_sb+cohere,5,fastconformer,2,1000
seamless_m4t+fastconformer+hubert+wav2vec_sb+cohere,5,xlsr,7,1000
seamless_m4t+fastconformer+hubert+wav2vec_sb+cohere,5,w2vbert,8,1000
seamless_m4t+fastconformer+hubert+wav2vec_sb+cohere,5,hubert,3,1000
seamless_m4t+fastconformer+hubert+wav2vec_sb+cohere,5,wav2vec_sb,9,1000
seamless_m4t+fastconformer+hubert+wav2vec_sb+cohere,5,cohere,1,1000
seamless_m4t+xlsr+w2vbert+hubert+wav2vec_sb,5,seamless_m4t,5,1000
seamless_m4t+xlsr+w2vbert+hubert+wav2vec_sb,5,whisper_v3,3,5
seamless_m4t+xlsr+w2vbert+hubert+wav2vec_sb,5,whisper_v3,4,995
seamless_m4t+xlsr+w2vbert+hubert+wav2vec_sb,5,whisper_v2,6,1000
seamless_m4t+xlsr+w2vbert+hubert+wav2vec_sb,5,fastconformer,2,1000
seamless_m4t+xlsr+w2vbert+hubert+wav2vec_sb,5,xlsr,7,1000
seamless_m4t+xlsr+w2vbert+hubert+wav2vec_sb,5,w2vbert,8,1000
seamless_m4t+xlsr+w2vbert+hubert+wav2vec_sb,5,hubert,3,995
seamless_m4t+xlsr+w2vbert+hubert+wav2vec_sb,5,hubert,4,5
seamless_m4t+xlsr+w2vbert+hubert+wav2vec_sb,5,wav2vec_sb,9,1000
seamless_m4t+xlsr+w2vbert+hubert+wav2vec_sb,5,cohere,1,1000
seamless_m4t+xlsr+w2vbert+hubert+cohere,5,seamless_m4t,4,1000
seamless_m4t+xlsr+w2vbert+hubert+cohere,5,whisper_v3,5,1000
seamless_m4t+xlsr+w2vbert+hubert+cohere,5,whisper_v2,6,1000
seamless_m4t+xlsr+w2vbert+hubert+cohere,5,fastconformer,1,1000
seamless_m4t+xlsr+w2vbert+hubert+cohere,5,xlsr,7,1000
seamless_m4t+xlsr+w2vbert+hubert+cohere,5,w2vbert,8,1000
seamless_m4t+xlsr+w2vbert+hubert+cohere,5,hubert,3,1000
seamless_m4t+xlsr+w2vbert+hubert+cohere,5,wav2vec_sb,9,1000
seamless_m4t+xlsr+w2vbert+hubert+cohere,5,cohere,2,1000
seamless_m4t+xlsr+w2vbert+wav2vec_sb+cohere,5,seamless_m4t,4,3
seamless_m4t+xlsr+w2vbert+wav2vec_sb+cohere,5,seamless_m4t,5,997
seamless_m4t+xlsr+w2vbert+wav2vec_sb+cohere,5,whisper_v3,4,997
seamless_m4t+xlsr+w2vbert+wav2vec_sb+cohere,5,whisper_v3,5,3
seamless_m4t+xlsr+w2vbert+wav2vec_sb+cohere,5,whisper_v2,6,1000
seamless_m4t+xlsr+w2vbert+wav2vec_sb+cohere,5,fastconformer,1,1000
seamless_m4t+xlsr+w2vbert+wav2vec_sb+cohere,5,xlsr,7,1000
seamless_m4t+xlsr+w2vbert+wav2vec_sb+cohere,5,w2vbert,8,1000
seamless_m4t+xlsr+w2vbert+wav2vec_sb+cohere,5,hubert,2,1000
seamless_m4t+xlsr+w2vbert+wav2vec_sb+cohere,5,wav2vec_sb,9,1000
seamless_m4t+xlsr+w2vbert+wav2vec_sb+cohere,5,cohere,3,1000
seamless_m4t+xlsr+hubert+wav2vec_sb+cohere,5,seamless_m4t,4,1000
seamless_m4t+xlsr+hubert+wav2vec_sb+cohere,5,whisper_v3,5,1000
seamless_m4t+xlsr+hubert+wav2vec_sb+cohere,5,whisper_v2,6,1000
seamless_m4t+xlsr+hubert+wav2vec_sb+cohere,5,fastconformer,1,1000
seamless_m4t+xlsr+hubert+wav2vec_sb+cohere,5,xlsr,7,1000
seamless_m4t+xlsr+hubert+wav2vec_sb+cohere,5,w2vbert,8,1000
seamless_m4t+xlsr+hubert+wav2vec_sb+cohere,5,hubert,3,1000
seamless_m4t+xlsr+hubert+wav2vec_sb+cohere,5,wav2vec_sb,9,1000
seamless_m4t+xlsr+hubert+wav2vec_sb+cohere,5,cohere,2,1000
seamless_m4t+w2vbert+hubert+wav2vec_sb+cohere,5,seamless_m4t,4,1000
seamless_m4t+w2vbert+hubert+wav2vec_sb+cohere,5,whisper_v3,5,1000
seamless_m4t+w2vbert+hubert+wav2vec_sb+cohere,5,whisper_v2,6,1000
seamless_m4t+w2vbert+hubert+wav2vec_sb+cohere,5,fastconformer,1,999
seamless_m4t+w2vbert+hubert+wav2vec_sb+cohere,5,fastconformer,2,1
seamless_m4t+w2vbert+hubert+wav2vec_sb+cohere,5,xlsr,7,1000
seamless_m4t+w2vbert+hubert+wav2vec_sb+cohere,5,w2vbert,8,1000
seamless_m4t+w2vbert+hubert+wav2vec_sb+cohere,5,hubert,3,1000
seamless_m4t+w2vbert+hubert+wav2vec_sb+cohere,5,wav2vec_sb,9,1000
seamless_m4t+w2vbert+hubert+wav2vec_sb+cohere,5,cohere,1,1
seamless_m4t+w2vbert+hubert+wav2vec_sb+cohere,5,cohere,2,999
whisper_v3+whisper_v2+fastconformer+xlsr+w2vbert,5,seamless_m4t,2,386
whisper_v3+whisper_v2+fastconformer+xlsr+w2vbert,5,seamless_m4t,3,614
whisper_v3+whisper_v2+fastconformer+xlsr+w2vbert,5,whisper_v3,5,1000
whisper_v3+whisper_v2+fastconformer+xlsr+w2vbert,5,whisper_v2,6,1000
whisper_v3+whisper_v2+fastconformer+xlsr+w2vbert,5,fastconformer,4,1000
whisper_v3+whisper_v2+fastconformer+xlsr+w2vbert,5,xlsr,7,1000
whisper_v3+whisper_v2+fastconformer+xlsr+w2vbert,5,w2vbert,8,1000
whisper_v3+whisper_v2+fastconformer+xlsr+w2vbert,5,hubert,2,614
whisper_v3+whisper_v2+fastconformer+xlsr+w2vbert,5,hubert,3,386
whisper_v3+whisper_v2+fastconformer+xlsr+w2vbert,5,wav2vec_sb,9,1000
whisper_v3+whisper_v2+fastconformer+xlsr+w2vbert,5,cohere,1,1000
whisper_v3+whisper_v2+fastconformer+xlsr+hubert,5,seamless_m4t,2,144
whisper_v3+whisper_v2+fastconformer+xlsr+hubert,5,seamless_m4t,3,856
whisper_v3+whisper_v2+fastconformer+xlsr+hubert,5,whisper_v3,5,1000
whisper_v3+whisper_v2+fastconformer+xlsr+hubert,5,whisper_v2,6,1000
whisper_v3+whisper_v2+fastconformer+xlsr+hubert,5,fastconformer,2,856
whisper_v3+whisper_v2+fastconformer+xlsr+hubert,5,fastconformer,3,144
whisper_v3+whisper_v2+fastconformer+xlsr+hubert,5,xlsr,7,1000
whisper_v3+whisper_v2+fastconformer+xlsr+hubert,5,w2vbert,8,1000
whisper_v3+whisper_v2+fastconformer+xlsr+hubert,5,hubert,4,1000
whisper_v3+whisper_v2+fastconformer+xlsr+hubert,5,wav2vec_sb,9,1000
whisper_v3+whisper_v2+fastconformer+xlsr+hubert,5,cohere,1,1000
whisper_v3+whisper_v2+fastconformer+xlsr+wav2vec_sb,5,seamless_m4t,2,312
whisper_v3+whisper_v2+fastconformer+xlsr+wav2vec_sb,5,seamless_m4t,3,688
whisper_v3+whisper_v2+fastconformer+xlsr+wav2vec_sb,5,whisper_v3,5,1000
whisper_v3+whisper_v2+fastconformer+xlsr+wav2vec_sb,5,whisper_v2,6,1000
whisper_v3+whisper_v2+fastconformer+xlsr+wav2vec_sb,5,fastconformer,4,1000
whisper_v3+whisper_v2+fastconformer+xlsr+wav2vec_sb,5,xlsr,7,1000
whisper_v3+whisper_v2+fastconformer+xlsr+wav2vec_sb,5,w2vbert,8,1000
whisper_v3+whisper_v2+fastconformer+xlsr+wav2vec_sb,5,hubert,2,688
whisper_v3+whisper_v2+fastconformer+xlsr+wav2vec_sb,5,hubert,3,312
whisper_v3+whisper_v2+fastconformer+xlsr+wav2vec_sb,5,wav2vec_sb,9,1000
whisper_v3+whisper_v2+fastconformer+xlsr+wav2vec_sb,5,cohere,1,1000
whisper_v3+whisper_v2+fastconformer+xlsr+cohere,5,seamless_m4t,2,61
whisper_v3+whisper_v2+fastconformer+xlsr+cohere,5,seamless_m4t,3,347
whisper_v3+whisper_v2+fastconformer+xlsr+cohere,5,seamless_m4t,4,592
whisper_v3+whisper_v2+fastconformer+xlsr+cohere,5,whisper_v3,5,1000
whisper_v3+whisper_v2+fastconformer+xlsr+cohere,5,whisper_v2,6,1000
whisper_v3+whisper_v2+fastconformer+xlsr+cohere,5,fastconformer,2,52
whisper_v3+whisper_v2+fastconformer+xlsr+cohere,5,fastconformer,3,552
whisper_v3+whisper_v2+fastconformer+xlsr+cohere,5,fastconformer,4,396
whisper_v3+whisper_v2+fastconformer+xlsr+cohere,5,xlsr,7,998
whisper_v3+whisper_v2+fastconformer+xlsr+cohere,5,xlsr,8,2
whisper_v3+whisper_v2+fastconformer+xlsr+cohere,5,w2vbert,7,2
whisper_v3+whisper_v2+fastconformer+xlsr+cohere,5,w2vbert,8,998
whisper_v3+whisper_v2+fastconformer+xlsr+cohere,5,hubert,2,887
whisper_v3+whisper_v2+fastconformer+xlsr+cohere,5,hubert,3,101
whisper_v3+whisper_v2+fastconformer+xlsr+cohere,5,hubert,4,12
whisper_v3+whisper_v2+fastconformer+xlsr+cohere,5,wav2vec_sb,9,1000
whisper_v3+whisper_v2+fastconformer+xlsr+cohere,5,cohere,1,1000
whisper_v3+whisper_v2+fastconformer+w2vbert+hubert,5,seamless_m4t,2,610
whisper_v3+whisper_v2+fastconformer+w2vbert+hubert,5,seamless_m4t,3,390
whisper_v3+whisper_v2+fastconformer+w2vbert+hubert,5,whisper_v3,4,63
whisper_v3+whisper_v2+fastconformer+w2vbert+hubert,5,whisper_v3,5,937
whisper_v3+whisper_v2+fastconformer+w2vbert+hubert,5,whisper_v2,6,1000
whisper_v3+whisper_v2+fastconformer+w2vbert+hubert,5,fastconformer,2,390
whisper_v3+whisper_v2+fastconformer+w2vbert+hubert,5,fastconformer,3,610
whisper_v3+whisper_v2+fastconformer+w2vbert+hubert,5,xlsr,7,1000
whisper_v3+whisper_v2+fastconformer+w2vbert+hubert,5,w2vbert,8,1000
whisper_v3+whisper_v2+fastconformer+w2vbert+hubert,5,hubert,4,937
whisper_v3+whisper_v2+fastconformer+w2vbert+hubert,5,hubert,5,63
whisper_v3+whisper_v2+fastconformer+w2vbert+hubert,5,wav2vec_sb,9,1000
whisper_v3+whisper_v2+fastconformer+w2vbert+hubert,5,cohere,1,1000
whisper_v3+whisper_v2+fastconformer+w2vbert+wav2vec_sb,5,seamless_m4t,2,690
whisper_v3+whisper_v2+fastconformer+w2vbert+wav2vec_sb,5,seamless_m4t,3,310
whisper_v3+whisper_v2+fastconformer+w2vbert+wav2vec_sb,5,whisper_v3,4,4
whisper_v3+whisper_v2+fastconformer+w2vbert+wav2vec_sb,5,whisper_v3,5,996
whisper_v3+whisper_v2+fastconformer+w2vbert+wav2vec_sb,5,whisper_v2,6,1000
whisper_v3+whisper_v2+fastconformer+w2vbert+wav2vec_sb,5,fastconformer,4,996
whisper_v3+whisper_v2+fastconformer+w2vbert+wav2vec_sb,5,fastconformer,5,4
whisper_v3+whisper_v2+fastconformer+w2vbert+wav2vec_sb,5,xlsr,7,1000
whisper_v3+whisper_v2+fastconformer+w2vbert+wav2vec_sb,5,w2vbert,8,1000
whisper_v3+whisper_v2+fastconformer+w2vbert+wav2vec_sb,5,hubert,2,310
whisper_v3+whisper_v2+fastconformer+w2vbert+wav2vec_sb,5,hubert,3,690
whisper_v3+whisper_v2+fastconformer+w2vbert+wav2vec_sb,5,wav2vec_sb,9,1000
whisper_v3+whisper_v2+fastconformer+w2vbert+wav2vec_sb,5,cohere,1,1000
whisper_v3+whisper_v2+fastconformer+w2vbert+cohere,5,seamless_m4t,2,62
whisper_v3+whisper_v2+fastconformer+w2vbert+cohere,5,seamless_m4t,3,452
whisper_v3+whisper_v2+fastconformer+w2vbert+cohere,5,seamless_m4t,4,486
whisper_v3+whisper_v2+fastconformer+w2vbert+cohere,5,whisper_v3,5,1000
whisper_v3+whisper_v2+fastconformer+w2vbert+cohere,5,whisper_v2,6,1000
whisper_v3+whisper_v2+fastconformer+w2vbert+cohere,5,fastconformer,2,29
whisper_v3+whisper_v2+fastconformer+w2vbert+cohere,5,fastconformer,3,468
whisper_v3+whisper_v2+fastconformer+w2vbert+cohere,5,fastconformer,4,503
whisper_v3+whisper_v2+fastconformer+w2vbert+cohere,5,xlsr,7,1000
whisper_v3+whisper_v2+fastconformer+w2vbert+cohere,5,w2vbert,8,1000
whisper_v3+whisper_v2+fastconformer+w2vbert+cohere,5,hubert,2,909
whisper_v3+whisper_v2+fastconformer+w2vbert+cohere,5,hubert,3,80
whisper_v3+whisper_v2+fastconformer+w2vbert+cohere,5,hubert,4,11
whisper_v3+whisper_v2+fastconformer+w2vbert+cohere,5,wav2vec_sb,9,1000
whisper_v3+whisper_v2+fastconformer+w2vbert+cohere,5,cohere,1,1000
whisper_v3+whisper_v2+fastconformer+hubert+wav2vec_sb,5,seamless_m4t,2,401
whisper_v3+whisper_v2+fastconformer+hubert+wav2vec_sb,5,seamless_m4t,3,599
whisper_v3+whisper_v2+fastconformer+hubert+wav2vec_sb,5,whisper_v3,4,1
whisper_v3+whisper_v2+fastconformer+hubert+wav2vec_sb,5,whisper_v3,5,999
whisper_v3+whisper_v2+fastconformer+hubert+wav2vec_sb,5,whisper_v2,6,1000
whisper_v3+whisper_v2+fastconformer+hubert+wav2vec_sb,5,fastconformer,2,599
whisper_v3+whisper_v2+fastconformer+hubert+wav2vec_sb,5,fastconformer,3,401
whisper_v3+whisper_v2+fastconformer+hubert+wav2vec_sb,5,xlsr,7,1000
whisper_v3+whisper_v2+fastconformer+hubert+wav2vec_sb,5,w2vbert,8,1000
whisper_v3+whisper_v2+fastconformer+hubert+wav2vec_sb,5,hubert,4,999
whisper_v3+whisper_v2+fastconformer+hubert+wav2vec_sb,5,hubert,5,1
whisper_v3+whisper_v2+fastconformer+hubert+wav2vec_sb,5,wav2vec_sb,9,1000
whisper_v3+whisper_v2+fastconformer+hubert+wav2vec_sb,5,cohere,1,1000
whisper_v3+whisper_v2+fastconformer+hubert+cohere,5,seamless_m4t,3,995
whisper_v3+whisper_v2+fastconformer+hubert+cohere,5,seamless_m4t,4,5
whisper_v3+whisper_v2+fastconformer+hubert+cohere,5,whisper_v3,5,1000
whisper_v3+whisper_v2+fastconformer+hubert+cohere,5,whisper_v2,6,1000
whisper_v3+whisper_v2+fastconformer+hubert+cohere,5,fastconformer,2,1000
whisper_v3+whisper_v2+fastconformer+hubert+cohere,5,xlsr,7,1000
whisper_v3+whisper_v2+fastconformer+hubert+cohere,5,w2vbert,8,1000
whisper_v3+whisper_v2+fastconformer+hubert+cohere,5,hubert,3,5
whisper_v3+whisper_v2+fastconformer+hubert+cohere,5,hubert,4,995
whisper_v3+whisper_v2+fastconformer+hubert+cohere,5,wav2vec_sb,9,1000
whisper_v3+whisper_v2+fastconformer+hubert+cohere,5,cohere,1,1000
whisper_v3+whisper_v2+fastconformer+wav2vec_sb+cohere,5,seamless_m4t,2,68
whisper_v3+whisper_v2+fastconformer+wav2vec_sb+cohere,5,seamless_m4t,3,661
whisper_v3+whisper_v2+fastconformer+wav2vec_sb+cohere,5,seamless_m4t,4,271
whisper_v3+whisper_v2+fastconformer+wav2vec_sb+cohere,5,whisper_v3,5,1000
whisper_v3+whisper_v2+fastconformer+wav2vec_sb+cohere,5,whisper_v2,6,1000
whisper_v3+whisper_v2+fastconformer+wav2vec_sb+cohere,5,fastconformer,2,9
whisper_v3+whisper_v2+fastconformer+wav2vec_sb+cohere,5,fastconformer,3,269
whisper_v3+whisper_v2+fastconformer+wav2vec_sb+cohere,5,fastconformer,4,722
whisper_v3+whisper_v2+fastconformer+wav2vec_sb+cohere,5,xlsr,7,1000
whisper_v3+whisper_v2+fastconformer+wav2vec_sb+cohere,5,w2vbert,8,1000
whisper_v3+whisper_v2+fastconformer+wav2vec_sb+cohere,5,hubert,2,923
whisper_v3+whisper_v2+fastconformer+wav2vec_sb+cohere,5,hubert,3,70
whisper_v3+whisper_v2+fastconformer+wav2vec_sb+cohere,5,hubert,4,7
whisper_v3+whisper_v2+fastconformer+wav2vec_sb+cohere,5,wav2vec_sb,9,1000
whisper_v3+whisper_v2+fastconformer+wav2vec_sb+cohere,5,cohere,1,1000
whisper_v3+whisper_v2+xlsr+w2vbert+hubert,5,seamless_m4t,3,1000
whisper_v3+whisper_v2+xlsr+w2vbert+hubert,5,whisper_v3,4,1000
whisper_v3+whisper_v2+xlsr+w2vbert+hubert,5,whisper_v2,6,1000
whisper_v3+whisper_v2+xlsr+w2vbert+hubert,5,fastconformer,2,1000
whisper_v3+whisper_v2+xlsr+w2vbert+hubert,5,xlsr,7,1000
whisper_v3+whisper_v2+xlsr+w2vbert+hubert,5,w2vbert,8,1000
whisper_v3+whisper_v2+xlsr+w2vbert+hubert,5,hubert,5,1000
whisper_v3+whisper_v2+xlsr+w2vbert+hubert,5,wav2vec_sb,9,1000
whisper_v3+whisper_v2+xlsr+w2vbert+hubert,5,cohere,1,1000
whisper_v3+whisper_v2+xlsr+w2vbert+wav2vec_sb,5,seamless_m4t,3,833
whisper_v3+whisper_v2+xlsr+w2vbert+wav2vec_sb,5,seamless_m4t,4,167
whisper_v3+whisper_v2+xlsr+w2vbert+wav2vec_sb,5,whisper_v3,5,1000
whisper_v3+whisper_v2+xlsr+w2vbert+wav2vec_sb,5,whisper_v2,6,1000
whisper_v3+whisper_v2+xlsr+w2vbert+wav2vec_sb,5,fastconformer,2,1000
whisper_v3+whisper_v2+xlsr+w2vbert+wav2vec_sb,5,xlsr,7,1000
whisper_v3+whisper_v2+xlsr+w2vbert+wav2vec_sb,5,w2vbert,8,1000
whisper_v3+whisper_v2+xlsr+w2vbert+wav2vec_sb,5,hubert,3,167
whisper_v3+whisper_v2+xlsr+w2vbert+wav2vec_sb,5,hubert,4,833
whisper_v3+whisper_v2+xlsr+w2vbert+wav2vec_sb,5,wav2vec_sb,9,1000
whisper_v3+whisper_v2+xlsr+w2vbert+wav2vec_sb,5,cohere,1,1000
whisper_v3+whisper_v2+xlsr+w2vbert+cohere,5,seamless_m4t,2,362
whisper_v3+whisper_v2+xlsr+w2vbert+cohere,5,seamless_m4t,3,489
whisper_v3+whisper_v2+xlsr+w2vbert+cohere,5,seamless_m4t,4,149
whisper_v3+whisper_v2+xlsr+w2vbert+cohere,5,whisper_v3,5,1000
whisper_v3+whisper_v2+xlsr+w2vbert+cohere,5,whisper_v2,6,1000
whisper_v3+whisper_v2+xlsr+w2vbert+cohere,5,fastconformer,1,1000
whisper_v3+whisper_v2+xlsr+w2vbert+cohere,5,xlsr,7,1000
whisper_v3+whisper_v2+xlsr+w2vbert+cohere,5,w2vbert,8,1000
whisper_v3+whisper_v2+xlsr+w2vbert+cohere,5,hubert,2,21
whisper_v3+whisper_v2+xlsr+w2vbert+cohere,5,hubert,3,166
whisper_v3+whisper_v2+xlsr+w2vbert+cohere,5,hubert,4,813
whisper_v3+whisper_v2+xlsr+w2vbert+cohere,5,wav2vec_sb,9,1000
whisper_v3+whisper_v2+xlsr+w2vbert+cohere,5,cohere,2,617
whisper_v3+whisper_v2+xlsr+w2vbert+cohere,5,cohere,3,345
whisper_v3+whisper_v2+xlsr+w2vbert+cohere,5,cohere,4,38
whisper_v3+whisper_v2+xlsr+hubert+wav2vec_sb,5,seamless_m4t,3,1000
whisper_v3+whisper_v2+xlsr+hubert+wav2vec_sb,5,whisper_v3,4,814
whisper_v3+whisper_v2+xlsr+hubert+wav2vec_sb,5,whisper_v3,5,186
whisper_v3+whisper_v2+xlsr+hubert+wav2vec_sb,5,whisper_v2,6,1000
whisper_v3+whisper_v2+xlsr+hubert+wav2vec_sb,5,fastconformer,2,1000
whisper_v3+whisper_v2+xlsr+hubert+wav2vec_sb,5,xlsr,7,1000
whisper_v3+whisper_v2+xlsr+hubert+wav2vec_sb,5,w2vbert,8,1000
whisper_v3+whisper_v2+xlsr+hubert+wav2vec_sb,5,hubert,4,186
whisper_v3+whisper_v2+xlsr+hubert+wav2vec_sb,5,hubert,5,814
whisper_v3+whisper_v2+xlsr+hubert+wav2vec_sb,5,wav2vec_sb,9,1000
whisper_v3+whisper_v2+xlsr+hubert+wav2vec_sb,5,cohere,1,1000
whisper_v3+whisper_v2+xlsr+hubert+cohere,5,seamless_m4t,3,1000
whisper_v3+whisper_v2+xlsr+hubert+cohere,5,whisper_v3,5,1000
whisper_v3+whisper_v2+xlsr+hubert+cohere,5,whisper_v2,6,1000
whisper_v3+whisper_v2+xlsr+hubert+cohere,5,fastconformer,1,1000
whisper_v3+whisper_v2+xlsr+hubert+cohere,5,xlsr,7,1000
whisper_v3+whisper_v2+xlsr+hubert+cohere,5,w2vbert,8,1000
whisper_v3+whisper_v2+xlsr+hubert+cohere,5,hubert,4,1000
whisper_v3+whisper_v2+xlsr+hubert+cohere,5,wav2vec_sb,9,1000
whisper_v3+whisper_v2+xlsr+hubert+cohere,5,cohere,2,1000
whisper_v3+whisper_v2+xlsr+wav2vec_sb+cohere,5,seamless_m4t,2,856
whisper_v3+whisper_v2+xlsr+wav2vec_sb+cohere,5,seamless_m4t,3,112
whisper_v3+whisper_v2+xlsr+wav2vec_sb+cohere,5,seamless_m4t,4,32
whisper_v3+whisper_v2+xlsr+wav2vec_sb+cohere,5,whisper_v3,5,1000
whisper_v3+whisper_v2+xlsr+wav2vec_sb+cohere,5,whisper_v2,6,1000
whisper_v3+whisper_v2+xlsr+wav2vec_sb+cohere,5,fastconformer,1,1000
whisper_v3+whisper_v2+xlsr+wav2vec_sb+cohere,5,xlsr,7,1000
whisper_v3+whisper_v2+xlsr+wav2vec_sb+cohere,5,w2vbert,8,1000
whisper_v3+whisper_v2+xlsr+wav2vec_sb+cohere,5,hubert,2,108
whisper_v3+whisper_v2+xlsr+wav2vec_sb+cohere,5,hubert,3,592
whisper_v3+whisper_v2+xlsr+wav2vec_sb+cohere,5,hubert,4,300
whisper_v3+whisper_v2+xlsr+wav2vec_sb+cohere,5,wav2vec_sb,9,1000
whisper_v3+whisper_v2+xlsr+wav2vec_sb+cohere,5,cohere,2,36
whisper_v3+whisper_v2+xlsr+wav2vec_sb+cohere,5,cohere,3,296
whisper_v3+whisper_v2+xlsr+wav2vec_sb+cohere,5,cohere,4,668
whisper_v3+whisper_v2+w2vbert+hubert+wav2vec_sb,5,seamless_m4t,3,1000
whisper_v3+whisper_v2+w2vbert+hubert+wav2vec_sb,5,whisper_v3,4,1000
whisper_v3+whisper_v2+w2vbert+hubert+wav2vec_sb,5,whisper_v2,6,1000
whisper_v3+whisper_v2+w2vbert+hubert+wav2vec_sb,5,fastconformer,2,1000
whisper_v3+whisper_v2+w2vbert+hubert+wav2vec_sb,5,xlsr,7,1000
whisper_v3+whisper_v2+w2vbert+hubert+wav2vec_sb,5,w2vbert,8,1000
whisper_v3+whisper_v2+w2vbert+hubert+wav2vec_sb,5,hubert,5,1000
whisper_v3+whisper_v2+w2vbert+hubert+wav2vec_sb,5,wav2vec_sb,9,1000
whisper_v3+whisper_v2+w2vbert+hubert+wav2vec_sb,5,cohere,1,1000
whisper_v3+whisper_v2+w2vbert+hubert+cohere,5,seamless_m4t,3,1000
whisper_v3+whisper_v2+w2vbert+hubert+cohere,5,whisper_v3,4,25
whisper_v3+whisper_v2+w2vbert+hubert+cohere,5,whisper_v3,5,975
whisper_v3+whisper_v2+w2vbert+hubert+cohere,5,whisper_v2,6,1000
whisper_v3+whisper_v2+w2vbert+hubert+cohere,5,fastconformer,1,1000
whisper_v3+whisper_v2+w2vbert+hubert+cohere,5,xlsr,7,1000
whisper_v3+whisper_v2+w2vbert+hubert+cohere,5,w2vbert,8,1000
whisper_v3+whisper_v2+w2vbert+hubert+cohere,5,hubert,4,975
whisper_v3+whisper_v2+w2vbert+hubert+cohere,5,hubert,5,25
whisper_v3+whisper_v2+w2vbert+hubert+cohere,5,wav2vec_sb,9,1000
whisper_v3+whisper_v2+w2vbert+hubert+cohere,5,cohere,2,1000
whisper_v3+whisper_v2+w2vbert+wav2vec_sb+cohere,5,seamless_m4t,2,822
whisper_v3+whisper_v2+w2vbert+wav2vec_sb+cohere,5,seamless_m4t,3,134
whisper_v3+whisper_v2+w2vbert+wav2vec_sb+cohere,5,seamless_m4t,4,44
whisper_v3+whisper_v2+w2vbert+wav2vec_sb+cohere,5,whisper_v3,5,1000
whisper_v3+whisper_v2+w2vbert+wav2vec_sb+cohere,5,whisper_v2,6,1000
whisper_v3+whisper_v2+w2vbert+wav2vec_sb+cohere,5,fastconformer,1,1000
whisper_v3+whisper_v2+w2vbert+wav2vec_sb+cohere,5,xlsr,7,1000
whisper_v3+whisper_v2+w2vbert+wav2vec_sb+cohere,5,w2vbert,8,1000
whisper_v3+whisper_v2+w2vbert+wav2vec_sb+cohere,5,hubert,2,62
whisper_v3+whisper_v2+w2vbert+wav2vec_sb+cohere,5,hubert,3,278
whisper_v3+whisper_v2+w2vbert+wav2vec_sb+cohere,5,hubert,4,660
whisper_v3+whisper_v2+w2vbert+wav2vec_sb+cohere,5,wav2vec_sb,9,1000
whisper_v3+whisper_v2+w2vbert+wav2vec_sb+cohere,5,cohere,2,116
whisper_v3+whisper_v2+w2vbert+wav2vec_sb+cohere,5,cohere,3,588
whisper_v3+whisper_v2+w2vbert+wav2vec_sb+cohere,5,cohere,4,296
whisper_v3+whisper_v2+hubert+wav2vec_sb+cohere,5,seamless_m4t,3,1000
whisper_v3+whisper_v2+hubert+wav2vec_sb+cohere,5,whisper_v3,4,2
whisper_v3+whisper_v2+hubert+wav2vec_sb+cohere,5,whisper_v3,5,998
whisper_v3+whisper_v2+hubert+wav2vec_sb+cohere,5,whisper_v2,6,1000
whisper_v3+whisper_v2+hubert+wav2vec_sb+cohere,5,fastconformer,1,1000
whisper_v3+whisper_v2+hubert+wav2vec_sb+cohere,5,xlsr,7,1000
whisper_v3+whisper_v2+hubert+wav2vec_sb+cohere,5,w2vbert,8,1000
whisper_v3+whisper_v2+hubert+wav2vec_sb+cohere,5,hubert,4,998
whisper_v3+whisper_v2+hubert+wav2vec_sb+cohere,5,hubert,5,2
whisper_v3+whisper_v2+hubert+wav2vec_sb+cohere,5,wav2vec_sb,9,1000
whisper_v3+whisper_v2+hubert+wav2vec_sb+cohere,5,cohere,2,1000
whisper_v3+fastconformer+xlsr+w2vbert+hubert,5,seamless_m4t,3,997
whisper_v3+fastconformer+xlsr+w2vbert+hubert,5,seamless_m4t,4,3
whisper_v3+fastconformer+xlsr+w2vbert+hubert,5,whisper_v3,5,1000
whisper_v3+fastconformer+xlsr+w2vbert+hubert,5,whisper_v2,6,1000
whisper_v3+fastconformer+xlsr+w2vbert+hubert,5,fastconformer,2,1000
whisper_v3+fastconformer+xlsr+w2vbert+hubert,5,xlsr,7,1000
whisper_v3+fastconformer+xlsr+w2vbert+hubert,5,w2vbert,8,1000
whisper_v3+fastconformer+xlsr+w2vbert+hubert,5,hubert,3,3
whisper_v3+fastconformer+xlsr+w2vbert+hubert,5,hubert,4,997
whisper_v3+fastconformer+xlsr+w2vbert+hubert,5,wav2vec_sb,9,1000
whisper_v3+fastconformer+xlsr+w2vbert+hubert,5,cohere,1,1000
whisper_v3+fastconformer+xlsr+w2vbert+wav2vec_sb,5,seamless_m4t,3,1000
whisper_v3+fastconformer+xlsr+w2vbert+wav2vec_sb,5,whisper_v3,5,979
whisper_v3+fastconformer+xlsr+w2vbert+wav2vec_sb,5,whisper_v3,6,21
whisper_v3+fastconformer+xlsr+w2vbert+wav2vec_sb,5,whisper_v2,5,21
whisper_v3+fastconformer+xlsr+w2vbert+wav2vec_sb,5,whisper_v2,6,979
whisper_v3+fastconformer+xlsr+w2vbert+wav2vec_sb,5,fastconformer,4,1000
whisper_v3+fastconformer+xlsr+w2vbert+wav2vec_sb,5,xlsr,7,1000
whisper_v3+fastconformer+xlsr+w2vbert+wav2vec_sb,5,w2vbert,8,1000
whisper_v3+fastconformer+xlsr+w2vbert+wav2vec_sb,5,hubert,2,1000
whisper_v3+fastconformer+xlsr+w2vbert+wav2vec_sb,5,wav2vec_sb,9,1000
whisper_v3+fastconformer+xlsr+w2vbert+wav2vec_sb,5,cohere,1,1000
whisper_v3+fastconformer+xlsr+w2vbert+cohere,5,seamless_m4t,4,1000
whisper_v3+fastconformer+xlsr+w2vbert+cohere,5,whisper_v3,5,1000
whisper_v3+fastconformer+xlsr+w2vbert+cohere,5,whisper_v2,6,1000
whisper_v3+fastconformer+xlsr+w2vbert+cohere,5,fastconformer,2,998
whisper_v3+fastconformer+xlsr+w2vbert+cohere,5,fastconformer,3,2
whisper_v3+fastconformer+xlsr+w2vbert+cohere,5,xlsr,7,1000
whisper_v3+fastconformer+xlsr+w2vbert+cohere,5,w2vbert,8,1000
whisper_v3+fastconformer+xlsr+w2vbert+cohere,5,hubert,2,2
whisper_v3+fastconformer+xlsr+w2vbert+cohere,5,hubert,3,998
whisper_v3+fastconformer+xlsr+w2vbert+cohere,5,wav2vec_sb,9,1000
whisper_v3+fastconformer+xlsr+w2vbert+cohere,5,cohere,1,1000
whisper_v3+fastconformer+xlsr+hubert+wav2vec_sb,5,seamless_m4t,2,123
whisper_v3+fastconformer+xlsr+hubert+wav2vec_sb,5,seamless_m4t,3,877
whisper_v3+fastconformer+xlsr+hubert+wav2vec_sb,5,whisper_v3,5,1000
whisper_v3+fastconformer+xlsr+hubert+wav2vec_sb,5,whisper_v2,6,1000
whisper_v3+fastconformer+xlsr+hubert+wav2vec_sb,5,fastconformer,2,877
whisper_v3+fastconformer+xlsr+hubert+wav2vec_sb,5,fastconformer,3,123
whisper_v3+fastconformer+xlsr+hubert+wav2vec_sb,5,xlsr,7,1000
whisper_v3+fastconformer+xlsr+hubert+wav2vec_sb,5,w2vbert,8,1000
whisper_v3+fastconformer+xlsr+hubert+wav2vec_sb,5,hubert,4,1000
whisper_v3+fastconformer+xlsr+hubert+wav2vec_sb,5,wav2vec_sb,9,1000
whisper_v3+fastconformer+xlsr+hubert+wav2vec_sb,5,cohere,1,1000
whisper_v3+fastconformer+xlsr+hubert+cohere,5,seamless_m4t,3,1
whisper_v3+fastconformer+xlsr+hubert+cohere,5,seamless_m4t,4,999
whisper_v3+fastconformer+xlsr+hubert+cohere,5,whisper_v3,5,1000
whisper_v3+fastconformer+xlsr+hubert+cohere,5,whisper_v2,6,1000
whisper_v3+fastconformer+xlsr+hubert+cohere,5,fastconformer,2,1000
whisper_v3+fastconformer+xlsr+hubert+cohere,5,xlsr,7,1000
whisper_v3+fastconformer+xlsr+hubert+cohere,5,w2vbert,8,1000
whisper_v3+fastconformer+xlsr+hubert+cohere,5,hubert,3,999
whisper_v3+fastconformer+xlsr+hubert+cohere,5,hubert,4,1
whisper_v3+fastconformer+xlsr+hubert+cohere,5,wav2vec_sb,9,1000
whisper_v3+fastconformer+xlsr+hubert+cohere,5,cohere,1,1000
whisper_v3+fastconformer+xlsr+wav2vec_sb+cohere,5,seamless_m4t,3,1
whisper_v3+fastconformer+xlsr+wav2vec_sb+cohere,5,seamless_m4t,4,999
whisper_v3+fastconformer+xlsr+wav2vec_sb+cohere,5,whisper_v3,5,1000
whisper_v3+fastconformer+xlsr+wav2vec_sb+cohere,5,whisper_v2,6,1000
whisper_v3+fastconformer+xlsr+wav2vec_sb+cohere,5,fastconformer,2,315
whisper_v3+fastconformer+xlsr+wav2vec_sb+cohere,5,fastconformer,3,684
whisper_v3+fastconformer+xlsr+wav2vec_sb+cohere,5,fastconformer,4,1
whisper_v3+fastconformer+xlsr+wav2vec_sb+cohere,5,xlsr,7,1000
whisper_v3+fastconformer+xlsr+wav2vec_sb+cohere,5,w2vbert,8,1000
whisper_v3+fastconformer+xlsr+wav2vec_sb+cohere,5,hubert,2,685
whisper_v3+fastconformer+xlsr+wav2vec_sb+cohere,5,hubert,3,315
whisper_v3+fastconformer+xlsr+wav2vec_sb+cohere,5,wav2vec_sb,9,1000
whisper_v3+fastconformer+xlsr+wav2vec_sb+cohere,5,cohere,1,1000
whisper_v3+fastconformer+w2vbert+hubert+wav2vec_sb,5,seamless_m4t,3,1000
whisper_v3+fastconformer+w2vbert+hubert+wav2vec_sb,5,whisper_v3,5,1000
whisper_v3+fastconformer+w2vbert+hubert+wav2vec_sb,5,whisper_v2,6,1000
whisper_v3+fastconformer+w2vbert+hubert+wav2vec_sb,5,fastconformer,2,1000
whisper_v3+fastconformer+w2vbert+hubert+wav2vec_sb,5,xlsr,7,1000
whisper_v3+fastconformer+w2vbert+hubert+wav2vec_sb,5,w2vbert,8,1000
whisper_v3+fastconformer+w2vbert+hubert+wav2vec_sb,5,hubert,4,1000
whisper_v3+fastconformer+w2vbert+hubert+wav2vec_sb,5,wav2vec_sb,9,1000
whisper_v3+fastconformer+w2vbert+hubert+wav2vec_sb,5,cohere,1,1000
whisper_v3+fastconformer+w2vbert+hubert+cohere,5,seamless_m4t,3,29
whisper_v3+fastconformer+w2vbert+hubert+cohere,5,seamless_m4t,4,971
whisper_v3+fastconformer+w2vbert+hubert+cohere,5,whisper_v3,5,1000
whisper_v3+fastconformer+w2vbert+hubert+cohere,5,whisper_v2,6,1000
whisper_v3+fastconformer+w2vbert+hubert+cohere,5,fastconformer,2,1000
whisper_v3+fastconformer+w2vbert+hubert+cohere,5,xlsr,7,1000
whisper_v3+fastconformer+w2vbert+hubert+cohere,5,w2vbert,8,1000
whisper_v3+fastconformer+w2vbert+hubert+cohere,5,hubert,3,971
whisper_v3+fastconformer+w2vbert+hubert+cohere,5,hubert,4,29
whisper_v3+fastconformer+w2vbert+hubert+cohere,5,wav2vec_sb,9,1000
whisper_v3+fastconformer+w2vbert+hubert+cohere,5,cohere,1,1000
whisper_v3+fastconformer+w2vbert+wav2vec_sb+cohere,5,seamless_m4t,4,1000
whisper_v3+fastconformer+w2vbert+wav2vec_sb+cohere,5,whisper_v3,5,1000
whisper_v3+fastconformer+w2vbert+wav2vec_sb+cohere,5,whisper_v2,6,1000
whisper_v3+fastconformer+w2vbert+wav2vec_sb+cohere,5,fastconformer,2,998
whisper_v3+fastconformer+w2vbert+wav2vec_sb+cohere,5,fastconformer,3,2
whisper_v3+fastconformer+w2vbert+wav2vec_sb+cohere,5,xlsr,7,1000
whisper_v3+fastconformer+w2vbert+wav2vec_sb+cohere,5,w2vbert,8,1000
whisper_v3+fastconformer+w2vbert+wav2vec_sb+cohere,5,hubert,2,2
whisper_v3+fastconformer+w2vbert+wav2vec_sb+cohere,5,hubert,3,998
whisper_v3+fastconformer+w2vbert+wav2vec_sb+cohere,5,wav2vec_sb,9,1000
whisper_v3+fastconformer+w2vbert+wav2vec_sb+cohere,5,cohere,1,1000
whisper_v3+fastconformer+hubert+wav2vec_sb+cohere,5,seamless_m4t,3,1
whisper_v3+fastconformer+hubert+wav2vec_sb+cohere,5,seamless_m4t,4,999
whisper_v3+fastconformer+hubert+wav2vec_sb+cohere,5,whisper_v3,5,1000
whisper_v3+fastconformer+hubert+wav2vec_sb+cohere,5,whisper_v2,6,1000
whisper_v3+fastconformer+hubert+wav2vec_sb+cohere,5,fastconformer,2,1000
whisper_v3+fastconformer+hubert+wav2vec_sb+cohere,5,xlsr,7,1000
whisper_v3+fastconformer+hubert+wav2vec_sb+cohere,5,w2vbert,8,1000
whisper_v3+fastconformer+hubert+wav2vec_sb+cohere,5,hubert,3,999
whisper_v3+fastconformer+hubert+wav2vec_sb+cohere,5,hubert,4,1
whisper_v3+fastconformer+hubert+wav2vec_sb+cohere,5,wav2vec_sb,9,1000
whisper_v3+fastconformer+hubert+wav2vec_sb+cohere,5,cohere,1,1000
whisper_v3+xlsr+w2vbert+hubert+wav2vec_sb,5,seamless_m4t,3,1000
whisper_v3+xlsr+w2vbert+hubert+wav2vec_sb,5,whisper_v3,5,793
whisper_v3+xlsr+w2vbert+hubert+wav2vec_sb,5,whisper_v3,6,207
whisper_v3+xlsr+w2vbert+hubert+wav2vec_sb,5,whisper_v2,5,207
whisper_v3+xlsr+w2vbert+hubert+wav2vec_sb,5,whisper_v2,6,793
whisper_v3+xlsr+w2vbert+hubert+wav2vec_sb,5,fastconformer,2,1000
whisper_v3+xlsr+w2vbert+hubert+wav2vec_sb,5,xlsr,7,1000
whisper_v3+xlsr+w2vbert+hubert+wav2vec_sb,5,w2vbert,8,1000
whisper_v3+xlsr+w2vbert+hubert+wav2vec_sb,5,hubert,4,1000
whisper_v3+xlsr+w2vbert+hubert+wav2vec_sb,5,wav2vec_sb,9,1000
whisper_v3+xlsr+w2vbert+hubert+wav2vec_sb,5,cohere,1,1000
whisper_v3+xlsr+w2vbert+hubert+cohere,5,seamless_m4t,3,1000
whisper_v3+xlsr+w2vbert+hubert+cohere,5,whisper_v3,5,1000
whisper_v3+xlsr+w2vbert+hubert+cohere,5,whisper_v2,6,1000
whisper_v3+xlsr+w2vbert+hubert+cohere,5,fastconformer,1,1000
whisper_v3+xlsr+w2vbert+hubert+cohere,5,xlsr,7,1000
whisper_v3+xlsr+w2vbert+hubert+cohere,5,w2vbert,8,1000
whisper_v3+xlsr+w2vbert+hubert+cohere,5,hubert,4,1000
whisper_v3+xlsr+w2vbert+hubert+cohere,5,wav2vec_sb,9,1000
whisper_v3+xlsr+w2vbert+hubert+cohere,5,cohere,2,1000
whisper_v3+xlsr+w2vbert+wav2vec_sb+cohere,5,seamless_m4t,2,49
whisper_v3+xlsr+w2vbert+wav2vec_sb+cohere,5,seamless_m4t,3,951
whisper_v3+xlsr+w2vbert+wav2vec_sb+cohere,5,whisper_v3,5,999
whisper_v3+xlsr+w2vbert+wav2vec_sb+cohere,5,whisper_v3,6,1
whisper_v3+xlsr+w2vbert+wav2vec_sb+cohere,5,whisper_v2,5,1
whisper_v3+xlsr+w2vbert+wav2vec_sb+cohere,5,whisper_v2,6,999
whisper_v3+xlsr+w2vbert+wav2vec_sb+cohere,5,fastconformer,1,1000
whisper_v3+xlsr+w2vbert+wav2vec_sb+cohere,5,xlsr,7,1000
whisper_v3+xlsr+w2vbert+wav2vec_sb+cohere,5,w2vbert,8,1000
whisper_v3+xlsr+w2vbert+wav2vec_sb+cohere,5,hubert,2,951
whisper_v3+xlsr+w2vbert+wav2vec_sb+cohere,5,hubert,3,49
whisper_v3+xlsr+w2vbert+wav2vec_sb+cohere,5,wav2vec_sb,9,1000
whisper_v3+xlsr+w2vbert+wav2vec_sb+cohere,5,cohere,4,1000
whisper_v3+xlsr+hubert+wav2vec_sb+cohere,5,seamless_m4t,3,1000
whisper_v3+xlsr+hubert+wav2vec_sb+cohere,5,whisper_v3,5,1000
whisper_v3+xlsr+hubert+wav2vec_sb+cohere,5,whisper_v2,6,1000
whisper_v3+xlsr+hubert+wav2vec_sb+cohere,5,fastconformer,1,1000
whisper_v3+xlsr+hubert+wav2vec_sb+cohere,5,xlsr,7,1000
whisper_v3+xlsr+hubert+wav2vec_sb+cohere,5,w2vbert,8,1000
whisper_v3+xlsr+hubert+wav2vec_sb+cohere,5,hubert,4,1000
whisper_v3+xlsr+hubert+wav2vec_sb+cohere,5,wav2vec_sb,9,1000
whisper_v3+xlsr+hubert+wav2vec_sb+cohere,5,cohere,2,1000
whisper_v3+w2vbert+hubert+wav2vec_sb+cohere,5,seamless_m4t,3,1000
whisper_v3+w2vbert+hubert+wav2vec_sb+cohere,5,whisper_v3,5,1000
whisper_v3+w2vbert+hubert+wav2vec_sb+cohere,5,whisper_v2,6,1000
whisper_v3+w2vbert+hubert+wav2vec_sb+cohere,5,fastconformer,1,1000
whisper_v3+w2vbert+hubert+wav2vec_sb+cohere,5,xlsr,7,1000
whisper_v3+w2vbert+hubert+wav2vec_sb+cohere,5,w2vbert,8,1000
whisper_v3+w2vbert+hubert+wav2vec_sb+cohere,5,hubert,4,1000
whisper_v3+w2vbert+hubert+wav2vec_sb+cohere,5,wav2vec_sb,9,1000
whisper_v3+w2vbert+hubert+wav2vec_sb+cohere,5,cohere,2,1000
whisper_v2+fastconformer+xlsr+w2vbert+hubert,5,seamless_m4t,2,5
whisper_v2+fastconformer+xlsr+w2vbert+hubert,5,seamless_m4t,3,995
whisper_v2+fastconformer+xlsr+w2vbert+hubert,5,whisper_v3,5,1000
whisper_v2+fastconformer+xlsr+w2vbert+hubert,5,whisper_v2,6,1000
whisper_v2+fastconformer+xlsr+w2vbert+hubert,5,fastconformer,2,995
whisper_v2+fastconformer+xlsr+w2vbert+hubert,5,fastconformer,3,5
whisper_v2+fastconformer+xlsr+w2vbert+hubert,5,xlsr,7,1000
whisper_v2+fastconformer+xlsr+w2vbert+hubert,5,w2vbert,8,1000
whisper_v2+fastconformer+xlsr+w2vbert+hubert,5,hubert,4,1000
whisper_v2+fastconformer+xlsr+w2vbert+hubert,5,wav2vec_sb,9,1000
whisper_v2+fastconformer+xlsr+w2vbert+hubert,5,cohere,1,1000
whisper_v2+fastconformer+xlsr+w2vbert+wav2vec_sb,5,seamless_m4t,3,1000
whisper_v2+fastconformer+xlsr+w2vbert+wav2vec_sb,5,whisper_v3,4,1000
whisper_v2+fastconformer+xlsr+w2vbert+wav2vec_sb,5,whisper_v2,6,1000
whisper_v2+fastconformer+xlsr+w2vbert+wav2vec_sb,5,fastconformer,5,1000
whisper_v2+fastconformer+xlsr+w2vbert+wav2vec_sb,5,xlsr,7,1000
whisper_v2+fastconformer+xlsr+w2vbert+wav2vec_sb,5,w2vbert,8,1000
whisper_v2+fastconformer+xlsr+w2vbert+wav2vec_sb,5,hubert,2,1000
whisper_v2+fastconformer+xlsr+w2vbert+wav2vec_sb,5,wav2vec_sb,9,1000
whisper_v2+fastconformer+xlsr+w2vbert+wav2vec_sb,5,cohere,1,1000
whisper_v2+fastconformer+xlsr+w2vbert+cohere,5,seamless_m4t,4,1000
whisper_v2+fastconformer+xlsr+w2vbert+cohere,5,whisper_v3,5,1000
whisper_v2+fastconformer+xlsr+w2vbert+cohere,5,whisper_v2,6,1000
whisper_v2+fastconformer+xlsr+w2vbert+cohere,5,fastconformer,2,635
whisper_v2+fastconformer+xlsr+w2vbert+cohere,5,fastconformer,3,365
whisper_v2+fastconformer+xlsr+w2vbert+cohere,5,xlsr,7,1000
whisper_v2+fastconformer+xlsr+w2vbert+cohere,5,w2vbert,8,1000
whisper_v2+fastconformer+xlsr+w2vbert+cohere,5,hubert,2,365
whisper_v2+fastconformer+xlsr+w2vbert+cohere,5,hubert,3,635
whisper_v2+fastconformer+xlsr+w2vbert+cohere,5,wav2vec_sb,9,1000
whisper_v2+fastconformer+xlsr+w2vbert+cohere,5,cohere,1,1000
whisper_v2+fastconformer+xlsr+hubert+wav2vec_sb,5,seamless_m4t,2,492
whisper_v2+fastconformer+xlsr+hubert+wav2vec_sb,5,seamless_m4t,3,508
whisper_v2+fastconformer+xlsr+hubert+wav2vec_sb,5,whisper_v3,5,1000
whisper_v2+fastconformer+xlsr+hubert+wav2vec_sb,5,whisper_v2,6,1000
whisper_v2+fastconformer+xlsr+hubert+wav2vec_sb,5,fastconformer,2,508
whisper_v2+fastconformer+xlsr+hubert+wav2vec_sb,5,fastconformer,3,492
whisper_v2+fastconformer+xlsr+hubert+wav2vec_sb,5,xlsr,7,1000
whisper_v2+fastconformer+xlsr+hubert+wav2vec_sb,5,w2vbert,8,1000
whisper_v2+fastconformer+xlsr+hubert+wav2vec_sb,5,hubert,4,1000
whisper_v2+fastconformer+xlsr+hubert+wav2vec_sb,5,wav2vec_sb,9,1000
whisper_v2+fastconformer+xlsr+hubert+wav2vec_sb,5,cohere,1,1000
whisper_v2+fastconformer+xlsr+hubert+cohere,5,seamless_m4t,3,1
whisper_v2+fastconformer+xlsr+hubert+cohere,5,seamless_m4t,4,999
whisper_v2+fastconformer+xlsr+hubert+cohere,5,whisper_v3,5,1000
whisper_v2+fastconformer+xlsr+hubert+cohere,5,whisper_v2,6,1000
whisper_v2+fastconformer+xlsr+hubert+cohere,5,fastconformer,2,1000
whisper_v2+fastconformer+xlsr+hubert+cohere,5,xlsr,7,1000
whisper_v2+fastconformer+xlsr+hubert+cohere,5,w2vbert,8,1000
whisper_v2+fastconformer+xlsr+hubert+cohere,5,hubert,3,999
whisper_v2+fastconformer+xlsr+hubert+cohere,5,hubert,4,1
whisper_v2+fastconformer+xlsr+hubert+cohere,5,wav2vec_sb,9,1000
whisper_v2+fastconformer+xlsr+hubert+cohere,5,cohere,1,1000
whisper_v2+fastconformer+xlsr+wav2vec_sb+cohere,5,seamless_m4t,3,48
whisper_v2+fastconformer+xlsr+wav2vec_sb+cohere,5,seamless_m4t,4,952
whisper_v2+fastconformer+xlsr+wav2vec_sb+cohere,5,whisper_v3,5,1000
whisper_v2+fastconformer+xlsr+wav2vec_sb+cohere,5,whisper_v2,6,1000
whisper_v2+fastconformer+xlsr+wav2vec_sb+cohere,5,fastconformer,2,2
whisper_v2+fastconformer+xlsr+wav2vec_sb+cohere,5,fastconformer,3,950
whisper_v2+fastconformer+xlsr+wav2vec_sb+cohere,5,fastconformer,4,48
whisper_v2+fastconformer+xlsr+wav2vec_sb+cohere,5,xlsr,7,1000
whisper_v2+fastconformer+xlsr+wav2vec_sb+cohere,5,w2vbert,8,1000
whisper_v2+fastconformer+xlsr+wav2vec_sb+cohere,5,hubert,1,60
whisper_v2+fastconformer+xlsr+wav2vec_sb+cohere,5,hubert,2,938
whisper_v2+fastconformer+xlsr+wav2vec_sb+cohere,5,hubert,3,2
whisper_v2+fastconformer+xlsr+wav2vec_sb+cohere,5,wav2vec_sb,9,1000
whisper_v2+fastconformer+xlsr+wav2vec_sb+cohere,5,cohere,1,940
whisper_v2+fastconformer+xlsr+wav2vec_sb+cohere,5,cohere,2,60
whisper_v2+fastconformer+w2vbert+hubert+wav2vec_sb,5,seamless_m4t,2,16
whisper_v2+fastconformer+w2vbert+hubert+wav2vec_sb,5,seamless_m4t,3,984
whisper_v2+fastconformer+w2vbert+hubert+wav2vec_sb,5,whisper_v3,5,1000
whisper_v2+fastconformer+w2vbert+hubert+wav2vec_sb,5,whisper_v2,6,1000
whisper_v2+fastconformer+w2vbert+hubert+wav2vec_sb,5,fastconformer,2,984
whisper_v2+fastconformer+w2vbert+hubert+wav2vec_sb,5,fastconformer,3,16
whisper_v2+fastconformer+w2vbert+hubert+wav2vec_sb,5,xlsr,7,1000
whisper_v2+fastconformer+w2vbert+hubert+wav2vec_sb,5,w2vbert,8,1000
whisper_v2+fastconformer+w2vbert+hubert+wav2vec_sb,5,hubert,4,1000
whisper_v2+fastconformer+w2vbert+hubert+wav2vec_sb,5,wav2vec_sb,9,1000
whisper_v2+fastconformer+w2vbert+hubert+wav2vec_sb,5,cohere,1,1000
whisper_v2+fastconformer+w2vbert+hubert+cohere,5,seamless_m4t,3,28
whisper_v2+fastconformer+w2vbert+hubert+cohere,5,seamless_m4t,4,972
whisper_v2+fastconformer+w2vbert+hubert+cohere,5,whisper_v3,5,1000
whisper_v2+fastconformer+w2vbert+hubert+cohere,5,whisper_v2,6,1000
whisper_v2+fastconformer+w2vbert+hubert+cohere,5,fastconformer,2,1000
whisper_v2+fastconformer+w2vbert+hubert+cohere,5,xlsr,7,1000
whisper_v2+fastconformer+w2vbert+hubert+cohere,5,w2vbert,8,1000
whisper_v2+fastconformer+w2vbert+hubert+cohere,5,hubert,3,972
whisper_v2+fastconformer+w2vbert+hubert+cohere,5,hubert,4,28
whisper_v2+fastconformer+w2vbert+hubert+cohere,5,wav2vec_sb,9,1000
whisper_v2+fastconformer+w2vbert+hubert+cohere,5,cohere,1,1000
whisper_v2+fastconformer+w2vbert+wav2vec_sb+cohere,5,seamless_m4t,4,1000
whisper_v2+fastconformer+w2vbert+wav2vec_sb+cohere,5,whisper_v3,5,1000
whisper_v2+fastconformer+w2vbert+wav2vec_sb+cohere,5,whisper_v2,6,1000
whisper_v2+fastconformer+w2vbert+wav2vec_sb+cohere,5,fastconformer,2,681
whisper_v2+fastconformer+w2vbert+wav2vec_sb+cohere,5,fastconformer,3,319
whisper_v2+fastconformer+w2vbert+wav2vec_sb+cohere,5,xlsr,7,1000
whisper_v2+fastconformer+w2vbert+wav2vec_sb+cohere,5,w2vbert,8,1000
whisper_v2+fastconformer+w2vbert+wav2vec_sb+cohere,5,hubert,2,319
whisper_v2+fastconformer+w2vbert+wav2vec_sb+cohere,5,hubert,3,681
whisper_v2+fastconformer+w2vbert+wav2vec_sb+cohere,5,wav2vec_sb,9,1000
whisper_v2+fastconformer+w2vbert+wav2vec_sb+cohere,5,cohere,1,1000
whisper_v2+fastconformer+hubert+wav2vec_sb+cohere,5,seamless_m4t,3,3
whisper_v2+fastconformer+hubert+wav2vec_sb+cohere,5,seamless_m4t,4,997
whisper_v2+fastconformer+hubert+wav2vec_sb+cohere,5,whisper_v3,5,1000
whisper_v2+fastconformer+hubert+wav2vec_sb+cohere,5,whisper_v2,6,1000
whisper_v2+fastconformer+hubert+wav2vec_sb+cohere,5,fastconformer,2,1000
whisper_v2+fastconformer+hubert+wav2vec_sb+cohere,5,xlsr,7,1000
whisper_v2+fastconformer+hubert+wav2vec_sb+cohere,5,w2vbert,8,1000
whisper_v2+fastconformer+hubert+wav2vec_sb+cohere,5,hubert,3,997
whisper_v2+fastconformer+hubert+wav2vec_sb+cohere,5,hubert,4,3
whisper_v2+fastconformer+hubert+wav2vec_sb+cohere,5,wav2vec_sb,9,1000
whisper_v2+fastconformer+hubert+wav2vec_sb+cohere,5,cohere,1,1000
whisper_v2+xlsr+w2vbert+hubert+wav2vec_sb,5,seamless_m4t,3,1000
whisper_v2+xlsr+w2vbert+hubert+wav2vec_sb,5,whisper_v3,4,1000
whisper_v2+xlsr+w2vbert+hubert+wav2vec_sb,5,whisper_v2,6,1000
whisper_v2+xlsr+w2vbert+hubert+wav2vec_sb,5,fastconformer,2,1000
whisper_v2+xlsr+w2vbert+hubert+wav2vec_sb,5,xlsr,7,1000
whisper_v2+xlsr+w2vbert+hubert+wav2vec_sb,5,w2vbert,8,1000
whisper_v2+xlsr+w2vbert+hubert+wav2vec_sb,5,hubert,5,1000
whisper_v2+xlsr+w2vbert+hubert+wav2vec_sb,5,wav2vec_sb,9,1000
whisper_v2+xlsr+w2vbert+hubert+wav2vec_sb,5,cohere,1,1000
whisper_v2+xlsr+w2vbert+hubert+cohere,5,seamless_m4t,3,1000
whisper_v2+xlsr+w2vbert+hubert+cohere,5,whisper_v3,5,1000
whisper_v2+xlsr+w2vbert+hubert+cohere,5,whisper_v2,6,1000
whisper_v2+xlsr+w2vbert+hubert+cohere,5,fastconformer,1,1000
whisper_v2+xlsr+w2vbert+hubert+cohere,5,xlsr,7,1000
whisper_v2+xlsr+w2vbert+hubert+cohere,5,w2vbert,8,1000
whisper_v2+xlsr+w2vbert+hubert+cohere,5,hubert,4,1000
whisper_v2+xlsr+w2vbert+hubert+cohere,5,wav2vec_sb,9,1000
whisper_v2+xlsr+w2vbert+hubert+cohere,5,cohere,2,1000
whisper_v2+xlsr+w2vbert+wav2vec_sb+cohere,5,seamless_m4t,2,19
whisper_v2+xlsr+w2vbert+wav2vec_sb+cohere,5,seamless_m4t,3,981
whisper_v2+xlsr+w2vbert+wav2vec_sb+cohere,5,whisper_v3,4,888
whisper_v2+xlsr+w2vbert+wav2vec_sb+cohere,5,whisper_v3,5,112
whisper_v2+xlsr+w2vbert+wav2vec_sb+cohere,5,whisper_v2,6,1000
whisper_v2+xlsr+w2vbert+wav2vec_sb+cohere,5,fastconformer,1,1000
whisper_v2+xlsr+w2vbert+wav2vec_sb+cohere,5,xlsr,7,1000
whisper_v2+xlsr+w2vbert+wav2vec_sb+cohere,5,w2vbert,8,1000
whisper_v2+xlsr+w2vbert+wav2vec_sb+cohere,5,hubert,2,981
whisper_v2+xlsr+w2vbert+wav2vec_sb+cohere,5,hubert,3,19
whisper_v2+xlsr+w2vbert+wav2vec_sb+cohere,5,wav2vec_sb,9,1000
whisper_v2+xlsr+w2vbert+wav2vec_sb+cohere,5,cohere,4,112
whisper_v2+xlsr+w2vbert+wav2vec_sb+cohere,5,cohere,5,888
whisper_v2+xlsr+hubert+wav2vec_sb+cohere,5,seamless_m4t,3,1000
whisper_v2+xlsr+hubert+wav2vec_sb+cohere,5,whisper_v3,5,1000
whisper_v2+xlsr+hubert+wav2vec_sb+cohere,5,whisper_v2,6,1000
whisper_v2+xlsr+hubert+wav2vec_sb+cohere,5,fastconformer,1,1000
whisper_v2+xlsr+hubert+wav2vec_sb+cohere,5,xlsr,7,1000
whisper_v2+xlsr+hubert+wav2vec_sb+cohere,5,w2vbert,8,1000
whisper_v2+xlsr+hubert+wav2vec_sb+cohere,5,hubert,4,1000
whisper_v2+xlsr+hubert+wav2vec_sb+cohere,5,wav2vec_sb,9,1000
whisper_v2+xlsr+hubert+wav2vec_sb+cohere,5,cohere,2,1000
whisper_v2+w2vbert+hubert+wav2vec_sb+cohere,5,seamless_m4t,3,1000
whisper_v2+w2vbert+hubert+wav2vec_sb+cohere,5,whisper_v3,5,1000
whisper_v2+w2vbert+hubert+wav2vec_sb+cohere,5,whisper_v2,6,1000
whisper_v2+w2vbert+hubert+wav2vec_sb+cohere,5,fastconformer,1,1000
whisper_v2+w2vbert+hubert+wav2vec_sb+cohere,5,xlsr,7,1000
whisper_v2+w2vbert+hubert+wav2vec_sb+cohere,5,w2vbert,8,1000
whisper_v2+w2vbert+hubert+wav2vec_sb+cohere,5,hubert,4,1000
whisper_v2+w2vbert+hubert+wav2vec_sb+cohere,5,wav2vec_sb,9,1000
whisper_v2+w2vbert+hubert+wav2vec_sb+cohere,5,cohere,2,1000
fastconformer+xlsr+w2vbert+hubert+wav2vec_sb,5,seamless_m4t,2,984
fastconformer+xlsr+w2vbert+hubert+wav2vec_sb,5,seamless_m4t,3,16
fastconformer+xlsr+w2vbert+hubert+wav2vec_sb,5,whisper_v3,5,1000
fastconformer+xlsr+w2vbert+hubert+wav2vec_sb,5,whisper_v2,6,1000
fastconformer+xlsr+w2vbert+hubert+wav2vec_sb,5,fastconformer,2,16
fastconformer+xlsr+w2vbert+hubert+wav2vec_sb,5,fastconformer,3,984
fastconformer+xlsr+w2vbert+hubert+wav2vec_sb,5,xlsr,7,1000
fastconformer+xlsr+w2vbert+hubert+wav2vec_sb,5,w2vbert,8,1000
fastconformer+xlsr+w2vbert+hubert+wav2vec_sb,5,hubert,4,1000
fastconformer+xlsr+w2vbert+hubert+wav2vec_sb,5,wav2vec_sb,9,1000
fastconformer+xlsr+w2vbert+hubert+wav2vec_sb,5,cohere,1,1000
fastconformer+xlsr+w2vbert+hubert+cohere,5,seamless_m4t,4,1000
fastconformer+xlsr+w2vbert+hubert+cohere,5,whisper_v3,5,1000
fastconformer+xlsr+w2vbert+hubert+cohere,5,whisper_v2,6,1000
fastconformer+xlsr+w2vbert+hubert+cohere,5,fastconformer,2,1000
fastconformer+xlsr+w2vbert+hubert+cohere,5,xlsr,7,1000
fastconformer+xlsr+w2vbert+hubert+cohere,5,w2vbert,8,1000
fastconformer+xlsr+w2vbert+hubert+cohere,5,hubert,3,1000
fastconformer+xlsr+w2vbert+hubert+cohere,5,wav2vec_sb,9,1000
fastconformer+xlsr+w2vbert+hubert+cohere,5,cohere,1,1000
fastconformer+xlsr+w2vbert+wav2vec_sb+cohere,5,seamless_m4t,2,228
fastconformer+xlsr+w2vbert+wav2vec_sb+cohere,5,seamless_m4t,3,756
fastconformer+xlsr+w2vbert+wav2vec_sb+cohere,5,seamless_m4t,4,16
fastconformer+xlsr+w2vbert+wav2vec_sb+cohere,5,whisper_v3,5,1000
fastconformer+xlsr+w2vbert+wav2vec_sb+cohere,5,whisper_v2,6,1000
fastconformer+xlsr+w2vbert+wav2vec_sb+cohere,5,fastconformer,3,16
fastconformer+xlsr+w2vbert+wav2vec_sb+cohere,5,fastconformer,4,984
fastconformer+xlsr+w2vbert+wav2vec_sb+cohere,5,xlsr,7,1000
fastconformer+xlsr+w2vbert+wav2vec_sb+cohere,5,w2vbert,8,1000
fastconformer+xlsr+w2vbert+wav2vec_sb+cohere,5,hubert,1,1000
fastconformer+xlsr+w2vbert+wav2vec_sb+cohere,5,wav2vec_sb,9,1000
fastconformer+xlsr+w2vbert+wav2vec_sb+cohere,5,cohere,2,772
fastconformer+xlsr+w2vbert+wav2vec_sb+cohere,5,cohere,3,228
fastconformer+xlsr+hubert+wav2vec_sb+cohere,5,seamless_m4t,4,1000
fastconformer+xlsr+hubert+wav2vec_sb+cohere,5,whisper_v3,5,1000
fastconformer+xlsr+hubert+wav2vec_sb+cohere,5,whisper_v2,6,1000
fastconformer+xlsr+hubert+wav2vec_sb+cohere,5,fastconformer,2,1000
fastconformer+xlsr+hubert+wav2vec_sb+cohere,5,xlsr,7,1000
fastconformer+xlsr+hubert+wav2vec_sb+cohere,5,w2vbert,8,1000
fastconformer+xlsr+hubert+wav2vec_sb+cohere,5,hubert,3,1000
fastconformer+xlsr+hubert+wav2vec_sb+cohere,5,wav2vec_sb,9,1000
fastconformer+xlsr+hubert+wav2vec_sb+cohere,5,cohere,1,1000
fastconformer+w2vbert+hubert+wav2vec_sb+cohere,5,seamless_m4t,4,1000
fastconformer+w2vbert+hubert+wav2vec_sb+cohere,5,whisper_v3,5,1000
fastconformer+w2vbert+hubert+wav2vec_sb+cohere,5,whisper_v2,6,1000
fastconformer+w2vbert+hubert+wav2vec_sb+cohere,5,fastconformer,2,1000
fastconformer+w2vbert+hubert+wav2vec_sb+cohere,5,xlsr,7,1000
fastconformer+w2vbert+hubert+wav2vec_sb+cohere,5,w2vbert,8,1000
fastconformer+w2vbert+hubert+wav2vec_sb+cohere,5,hubert,3,1000
fastconformer+w2vbert+hubert+wav2vec_sb+cohere,5,wav2vec_sb,9,1000
fastconformer+w2vbert+hubert+wav2vec_sb+cohere,5,cohere,1,1000
xlsr+w2vbert+hubert+wav2vec_sb+cohere,5,seamless_m4t,2,678
xlsr+w2vbert+hubert+wav2vec_sb+cohere,5,seamless_m4t,3,322
xlsr+w2vbert+hubert+wav2vec_sb+cohere,5,whisper_v3,5,1000
xlsr+w2vbert+hubert+wav2vec_sb+cohere,5,whisper_v2,6,1000
xlsr+w2vbert+hubert+wav2vec_sb+cohere,5,fastconformer,1,1000
xlsr+w2vbert+hubert+wav2vec_sb+cohere,5,xlsr,7,1000
xlsr+w2vbert+hubert+wav2vec_sb+cohere,5,w2vbert,8,1000
xlsr+w2vbert+hubert+wav2vec_sb+cohere,5,hubert,4,1000
xlsr+w2vbert+hubert+wav2vec_sb+cohere,5,wav2vec_sb,9,1000
xlsr+w2vbert+hubert+wav2vec_sb+cohere,5,cohere,2,322
xlsr+w2vbert+hubert+wav2vec_sb+cohere,5,cohere,3,678
seamless_m4t+whisper_v3+whisper_v2+fastconformer+xlsr+w2vbert,6,seamless_m4t,4,992
seamless_m4t+whisper_v3+whisper_v2+fastconformer+xlsr+w2vbert,6,seamless_m4t,5,8
seamless_m4t+whisper_v3+whisper_v2+fastconformer+xlsr+w2vbert,6,whisper_v3,4,8
seamless_m4t+whisper_v3+whisper_v2+fastconformer+xlsr+w2vbert,6,whisper_v3,5,992
seamless_m4t+whisper_v3+whisper_v2+fastconformer+xlsr+w2vbert,6,whisper_v2,6,1000
seamless_m4t+whisper_v3+whisper_v2+fastconformer+xlsr+w2vbert,6,fastconformer,2,642
seamless_m4t+whisper_v3+whisper_v2+fastconformer+xlsr+w2vbert,6,fastconformer,3,358
seamless_m4t+whisper_v3+whisper_v2+fastconformer+xlsr+w2vbert,6,xlsr,7,1000
seamless_m4t+whisper_v3+whisper_v2+fastconformer+xlsr+w2vbert,6,w2vbert,8,1000
seamless_m4t+whisper_v3+whisper_v2+fastconformer+xlsr+w2vbert,6,hubert,2,358
seamless_m4t+whisper_v3+whisper_v2+fastconformer+xlsr+w2vbert,6,hubert,3,642
seamless_m4t+whisper_v3+whisper_v2+fastconformer+xlsr+w2vbert,6,wav2vec_sb,9,1000
seamless_m4t+whisper_v3+whisper_v2+fastconformer+xlsr+w2vbert,6,cohere,1,1000
seamless_m4t+whisper_v3+whisper_v2+fastconformer+xlsr+hubert,6,seamless_m4t,3,279
seamless_m4t+whisper_v3+whisper_v2+fastconformer+xlsr+hubert,6,seamless_m4t,4,721
seamless_m4t+whisper_v3+whisper_v2+fastconformer+xlsr+hubert,6,whisper_v3,5,1000
seamless_m4t+whisper_v3+whisper_v2+fastconformer+xlsr+hubert,6,whisper_v2,6,1000
seamless_m4t+whisper_v3+whisper_v2+fastconformer+xlsr+hubert,6,fastconformer,2,1000
seamless_m4t+whisper_v3+whisper_v2+fastconformer+xlsr+hubert,6,xlsr,7,998
seamless_m4t+whisper_v3+whisper_v2+fastconformer+xlsr+hubert,6,xlsr,8,2
seamless_m4t+whisper_v3+whisper_v2+fastconformer+xlsr+hubert,6,w2vbert,7,2
seamless_m4t+whisper_v3+whisper_v2+fastconformer+xlsr+hubert,6,w2vbert,8,998
seamless_m4t+whisper_v3+whisper_v2+fastconformer+xlsr+hubert,6,hubert,3,721
seamless_m4t+whisper_v3+whisper_v2+fastconformer+xlsr+hubert,6,hubert,4,279
seamless_m4t+whisper_v3+whisper_v2+fastconformer+xlsr+hubert,6,wav2vec_sb,9,1000
seamless_m4t+whisper_v3+whisper_v2+fastconformer+xlsr+hubert,6,cohere,1,1000
seamless_m4t+whisper_v3+whisper_v2+fastconformer+xlsr+wav2vec_sb,6,seamless_m4t,4,1000
seamless_m4t+whisper_v3+whisper_v2+fastconformer+xlsr+wav2vec_sb,6,whisper_v3,5,1000
seamless_m4t+whisper_v3+whisper_v2+fastconformer+xlsr+wav2vec_sb,6,whisper_v2,6,1000
seamless_m4t+whisper_v3+whisper_v2+fastconformer+xlsr+wav2vec_sb,6,fastconformer,2,805
seamless_m4t+whisper_v3+whisper_v2+fastconformer+xlsr+wav2vec_sb,6,fastconformer,3,195
seamless_m4t+whisper_v3+whisper_v2+fastconformer+xlsr+wav2vec_sb,6,xlsr,7,1000
seamless_m4t+whisper_v3+whisper_v2+fastconformer+xlsr+wav2vec_sb,6,w2vbert,8,1000
seamless_m4t+whisper_v3+whisper_v2+fastconformer+xlsr+wav2vec_sb,6,hubert,2,195
seamless_m4t+whisper_v3+whisper_v2+fastconformer+xlsr+wav2vec_sb,6,hubert,3,805
seamless_m4t+whisper_v3+whisper_v2+fastconformer+xlsr+wav2vec_sb,6,wav2vec_sb,9,1000
seamless_m4t+whisper_v3+whisper_v2+fastconformer+xlsr+wav2vec_sb,6,cohere,1,1000
seamless_m4t+whisper_v3+whisper_v2+fastconformer+xlsr+cohere,6,seamless_m4t,4,1000
seamless_m4t+whisper_v3+whisper_v2+fastconformer+xlsr+cohere,6,whisper_v3,5,1000
seamless_m4t+whisper_v3+whisper_v2+fastconformer+xlsr+cohere,6,whisper_v2,6,1000
seamless_m4t+whisper_v3+whisper_v2+fastconformer+xlsr+cohere,6,fastconformer,2,1000
seamless_m4t+whisper_v3+whisper_v2+fastconformer+xlsr+cohere,6,xlsr,7,1000
seamless_m4t+whisper_v3+whisper_v2+fastconformer+xlsr+cohere,6,w2vbert,8,1000
seamless_m4t+whisper_v3+whisper_v2+fastconformer+xlsr+cohere,6,hubert,3,1000
seamless_m4t+whisper_v3+whisper_v2+fastconformer+xlsr+cohere,6,wav2vec_sb,9,1000
seamless_m4t+whisper_v3+whisper_v2+fastconformer+xlsr+cohere,6,cohere,1,1000
seamless_m4t+whisper_v3+whisper_v2+fastconformer+w2vbert+hubert,6,seamless_m4t,3,567
seamless_m4t+whisper_v3+whisper_v2+fastconformer+w2vbert+hubert,6,seamless_m4t,4,433
seamless_m4t+whisper_v3+whisper_v2+fastconformer+w2vbert+hubert,6,whisper_v3,5,1000
seamless_m4t+whisper_v3+whisper_v2+fastconformer+w2vbert+hubert,6,whisper_v2,6,1000
seamless_m4t+whisper_v3+whisper_v2+fastconformer+w2vbert+hubert,6,fastconformer,2,1000
seamless_m4t+whisper_v3+whisper_v2+fastconformer+w2vbert+hubert,6,xlsr,7,1000
seamless_m4t+whisper_v3+whisper_v2+fastconformer+w2vbert+hubert,6,w2vbert,8,1000
seamless_m4t+whisper_v3+whisper_v2+fastconformer+w2vbert+hubert,6,hubert,3,433
seamless_m4t+whisper_v3+whisper_v2+fastconformer+w2vbert+hubert,6,hubert,4,567
seamless_m4t+whisper_v3+whisper_v2+fastconformer+w2vbert+hubert,6,wav2vec_sb,9,1000
seamless_m4t+whisper_v3+whisper_v2+fastconformer+w2vbert+hubert,6,cohere,1,1000
seamless_m4t+whisper_v3+whisper_v2+fastconformer+w2vbert+wav2vec_sb,6,seamless_m4t,4,999
seamless_m4t+whisper_v3+whisper_v2+fastconformer+w2vbert+wav2vec_sb,6,seamless_m4t,5,1
seamless_m4t+whisper_v3+whisper_v2+fastconformer+w2vbert+wav2vec_sb,6,whisper_v3,4,1
seamless_m4t+whisper_v3+whisper_v2+fastconformer+w2vbert+wav2vec_sb,6,whisper_v3,5,999
seamless_m4t+whisper_v3+whisper_v2+fastconformer+w2vbert+wav2vec_sb,6,whisper_v2,6,1000
seamless_m4t+whisper_v3+whisper_v2+fastconformer+w2vbert+wav2vec_sb,6,fastconformer,2,514
seamless_m4t+whisper_v3+whisper_v2+fastconformer+w2vbert+wav2vec_sb,6,fastconformer,3,486
seamless_m4t+whisper_v3+whisper_v2+fastconformer+w2vbert+wav2vec_sb,6,xlsr,7,1000
seamless_m4t+whisper_v3+whisper_v2+fastconformer+w2vbert+wav2vec_sb,6,w2vbert,8,1000
seamless_m4t+whisper_v3+whisper_v2+fastconformer+w2vbert+wav2vec_sb,6,hubert,2,486
seamless_m4t+whisper_v3+whisper_v2+fastconformer+w2vbert+wav2vec_sb,6,hubert,3,514
seamless_m4t+whisper_v3+whisper_v2+fastconformer+w2vbert+wav2vec_sb,6,wav2vec_sb,9,1000
seamless_m4t+whisper_v3+whisper_v2+fastconformer+w2vbert+wav2vec_sb,6,cohere,1,1000
seamless_m4t+whisper_v3+whisper_v2+fastconformer+w2vbert+cohere,6,seamless_m4t,4,1000
seamless_m4t+whisper_v3+whisper_v2+fastconformer+w2vbert+cohere,6,whisper_v3,5,1000
seamless_m4t+whisper_v3+whisper_v2+fastconformer+w2vbert+cohere,6,whisper_v2,6,1000
seamless_m4t+whisper_v3+whisper_v2+fastconformer+w2vbert+cohere,6,fastconformer,2,1000
seamless_m4t+whisper_v3+whisper_v2+fastconformer+w2vbert+cohere,6,xlsr,7,1000
seamless_m4t+whisper_v3+whisper_v2+fastconformer+w2vbert+cohere,6,w2vbert,8,1000
seamless_m4t+whisper_v3+whisper_v2+fastconformer+w2vbert+cohere,6,hubert,3,1000
seamless_m4t+whisper_v3+whisper_v2+fastconformer+w2vbert+cohere,6,wav2vec_sb,9,1000
seamless_m4t+whisper_v3+whisper_v2+fastconformer+w2vbert+cohere,6,cohere,1,1000
seamless_m4t+whisper_v3+whisper_v2+fastconformer+hubert+wav2vec_sb,6,seamless_m4t,3,631
seamless_m4t+whisper_v3+whisper_v2+fastconformer+hubert+wav2vec_sb,6,seamless_m4t,4,369
seamless_m4t+whisper_v3+whisper_v2+fastconformer+hubert+wav2vec_sb,6,whisper_v3,5,1000
seamless_m4t+whisper_v3+whisper_v2+fastconformer+hubert+wav2vec_sb,6,whisper_v2,6,1000
seamless_m4t+whisper_v3+whisper_v2+fastconformer+hubert+wav2vec_sb,6,fastconformer,2,1000
seamless_m4t+whisper_v3+whisper_v2+fastconformer+hubert+wav2vec_sb,6,xlsr,7,1000
seamless_m4t+whisper_v3+whisper_v2+fastconformer+hubert+wav2vec_sb,6,w2vbert,8,1000
seamless_m4t+whisper_v3+whisper_v2+fastconformer+hubert+wav2vec_sb,6,hubert,3,369
seamless_m4t+whisper_v3+whisper_v2+fastconformer+hubert+wav2vec_sb,6,hubert,4,631
seamless_m4t+whisper_v3+whisper_v2+fastconformer+hubert+wav2vec_sb,6,wav2vec_sb,9,1000
seamless_m4t+whisper_v3+whisper_v2+fastconformer+hubert+wav2vec_sb,6,cohere,1,1000
seamless_m4t+whisper_v3+whisper_v2+fastconformer+hubert+cohere,6,seamless_m4t,3,69
seamless_m4t+whisper_v3+whisper_v2+fastconformer+hubert+cohere,6,seamless_m4t,4,931
seamless_m4t+whisper_v3+whisper_v2+fastconformer+hubert+cohere,6,whisper_v3,5,1000
seamless_m4t+whisper_v3+whisper_v2+fastconformer+hubert+cohere,6,whisper_v2,6,1000
seamless_m4t+whisper_v3+whisper_v2+fastconformer+hubert+cohere,6,fastconformer,2,1000
seamless_m4t+whisper_v3+whisper_v2+fastconformer+hubert+cohere,6,xlsr,7,1000
seamless_m4t+whisper_v3+whisper_v2+fastconformer+hubert+cohere,6,w2vbert,8,1000
seamless_m4t+whisper_v3+whisper_v2+fastconformer+hubert+cohere,6,hubert,3,931
seamless_m4t+whisper_v3+whisper_v2+fastconformer+hubert+cohere,6,hubert,4,69
seamless_m4t+whisper_v3+whisper_v2+fastconformer+hubert+cohere,6,wav2vec_sb,9,1000
seamless_m4t+whisper_v3+whisper_v2+fastconformer+hubert+cohere,6,cohere,1,1000
seamless_m4t+whisper_v3+whisper_v2+fastconformer+wav2vec_sb+cohere,6,seamless_m4t,4,1000
seamless_m4t+whisper_v3+whisper_v2+fastconformer+wav2vec_sb+cohere,6,whisper_v3,5,1000
seamless_m4t+whisper_v3+whisper_v2+fastconformer+wav2vec_sb+cohere,6,whisper_v2,6,1000
seamless_m4t+whisper_v3+whisper_v2+fastconformer+wav2vec_sb+cohere,6,fastconformer,2,1000
seamless_m4t+whisper_v3+whisper_v2+fastconformer+wav2vec_sb+cohere,6,xlsr,7,1000
seamless_m4t+whisper_v3+whisper_v2+fastconformer+wav2vec_sb+cohere,6,w2vbert,8,1000
seamless_m4t+whisper_v3+whisper_v2+fastconformer+wav2vec_sb+cohere,6,hubert,3,1000
seamless_m4t+whisper_v3+whisper_v2+fastconformer+wav2vec_sb+cohere,6,wav2vec_sb,9,1000
seamless_m4t+whisper_v3+whisper_v2+fastconformer+wav2vec_sb+cohere,6,cohere,1,1000
seamless_m4t+whisper_v3+whisper_v2+xlsr+w2vbert+hubert,6,seamless_m4t,3,944
seamless_m4t+whisper_v3+whisper_v2+xlsr+w2vbert+hubert,6,seamless_m4t,4,46
seamless_m4t+whisper_v3+whisper_v2+xlsr+w2vbert+hubert,6,seamless_m4t,5,10
seamless_m4t+whisper_v3+whisper_v2+xlsr+w2vbert+hubert,6,whisper_v3,3,8
seamless_m4t+whisper_v3+whisper_v2+xlsr+w2vbert+hubert,6,whisper_v3,4,209
seamless_m4t+whisper_v3+whisper_v2+xlsr+w2vbert+hubert,6,whisper_v3,5,783
seamless_m4t+whisper_v3+whisper_v2+xlsr+w2vbert+hubert,6,whisper_v2,6,1000
seamless_m4t+whisper_v3+whisper_v2+xlsr+w2vbert+hubert,6,fastconformer,2,1000
seamless_m4t+whisper_v3+whisper_v2+xlsr+w2vbert+hubert,6,xlsr,7,999
seamless_m4t+whisper_v3+whisper_v2+xlsr+w2vbert+hubert,6,xlsr,8,1
seamless_m4t+whisper_v3+whisper_v2+xlsr+w2vbert+hubert,6,w2vbert,7,1
seamless_m4t+whisper_v3+whisper_v2+xlsr+w2vbert+hubert,6,w2vbert,8,999
seamless_m4t+whisper_v3+whisper_v2+xlsr+w2vbert+hubert,6,hubert,3,48
seamless_m4t+whisper_v3+whisper_v2+xlsr+w2vbert+hubert,6,hubert,4,745
seamless_m4t+whisper_v3+whisper_v2+xlsr+w2vbert+hubert,6,hubert,5,207
seamless_m4t+whisper_v3+whisper_v2+xlsr+w2vbert+hubert,6,wav2vec_sb,9,1000
seamless_m4t+whisper_v3+whisper_v2+xlsr+w2vbert+hubert,6,cohere,1,1000
seamless_m4t+whisper_v3+whisper_v2+xlsr+w2vbert+wav2vec_sb,6,seamless_m4t,4,1
seamless_m4t+whisper_v3+whisper_v2+xlsr+w2vbert+wav2vec_sb,6,seamless_m4t,5,999
seamless_m4t+whisper_v3+whisper_v2+xlsr+w2vbert+wav2vec_sb,6,whisper_v3,4,999
seamless_m4t+whisper_v3+whisper_v2+xlsr+w2vbert+wav2vec_sb,6,whisper_v3,5,1
seamless_m4t+whisper_v3+whisper_v2+xlsr+w2vbert+wav2vec_sb,6,whisper_v2,6,1000
seamless_m4t+whisper_v3+whisper_v2+xlsr+w2vbert+wav2vec_sb,6,fastconformer,2,1000
seamless_m4t+whisper_v3+whisper_v2+xlsr+w2vbert+wav2vec_sb,6,xlsr,7,1000
seamless_m4t+whisper_v3+whisper_v2+xlsr+w2vbert+wav2vec_sb,6,w2vbert,8,1000
seamless_m4t+whisper_v3+whisper_v2+xlsr+w2vbert+wav2vec_sb,6,hubert,3,1000
seamless_m4t+whisper_v3+whisper_v2+xlsr+w2vbert+wav2vec_sb,6,wav2vec_sb,9,1000
seamless_m4t+whisper_v3+whisper_v2+xlsr+w2vbert+wav2vec_sb,6,cohere,1,1000
seamless_m4t+whisper_v3+whisper_v2+xlsr+w2vbert+cohere,6,seamless_m4t,4,1000
seamless_m4t+whisper_v3+whisper_v2+xlsr+w2vbert+cohere,6,whisper_v3,5,1000
seamless_m4t+whisper_v3+whisper_v2+xlsr+w2vbert+cohere,6,whisper_v2,6,1000
seamless_m4t+whisper_v3+whisper_v2+xlsr+w2vbert+cohere,6,fastconformer,1,1000
seamless_m4t+whisper_v3+whisper_v2+xlsr+w2vbert+cohere,6,xlsr,7,999
seamless_m4t+whisper_v3+whisper_v2+xlsr+w2vbert+cohere,6,xlsr,8,1
seamless_m4t+whisper_v3+whisper_v2+xlsr+w2vbert+cohere,6,w2vbert,7,1
seamless_m4t+whisper_v3+whisper_v2+xlsr+w2vbert+cohere,6,w2vbert,8,999
seamless_m4t+whisper_v3+whisper_v2+xlsr+w2vbert+cohere,6,hubert,3,1000
seamless_m4t+whisper_v3+whisper_v2+xlsr+w2vbert+cohere,6,wav2vec_sb,9,1000
seamless_m4t+whisper_v3+whisper_v2+xlsr+w2vbert+cohere,6,cohere,2,1000
seamless_m4t+whisper_v3+whisper_v2+xlsr+hubert+wav2vec_sb,6,seamless_m4t,3,936
seamless_m4t+whisper_v3+whisper_v2+xlsr+hubert+wav2vec_sb,6,seamless_m4t,4,64
seamless_m4t+whisper_v3+whisper_v2+xlsr+hubert+wav2vec_sb,6,whisper_v3,4,11
seamless_m4t+whisper_v3+whisper_v2+xlsr+hubert+wav2vec_sb,6,whisper_v3,5,989
seamless_m4t+whisper_v3+whisper_v2+xlsr+hubert+wav2vec_sb,6,whisper_v2,6,1000
seamless_m4t+whisper_v3+whisper_v2+xlsr+hubert+wav2vec_sb,6,fastconformer,2,1000
seamless_m4t+whisper_v3+whisper_v2+xlsr+hubert+wav2vec_sb,6,xlsr,7,1000
seamless_m4t+whisper_v3+whisper_v2+xlsr+hubert+wav2vec_sb,6,w2vbert,8,1000
seamless_m4t+whisper_v3+whisper_v2+xlsr+hubert+wav2vec_sb,6,hubert,3,64
seamless_m4t+whisper_v3+whisper_v2+xlsr+hubert+wav2vec_sb,6,hubert,4,925
seamless_m4t+whisper_v3+whisper_v2+xlsr+hubert+wav2vec_sb,6,hubert,5,11
seamless_m4t+whisper_v3+whisper_v2+xlsr+hubert+wav2vec_sb,6,wav2vec_sb,9,1000
seamless_m4t+whisper_v3+whisper_v2+xlsr+hubert+wav2vec_sb,6,cohere,1,1000
seamless_m4t+whisper_v3+whisper_v2+xlsr+hubert+cohere,6,seamless_m4t,3,790
seamless_m4t+whisper_v3+whisper_v2+xlsr+hubert+cohere,6,seamless_m4t,4,210
seamless_m4t+whisper_v3+whisper_v2+xlsr+hubert+cohere,6,whisper_v3,5,1000
seamless_m4t+whisper_v3+whisper_v2+xlsr+hubert+cohere,6,whisper_v2,6,1000
seamless_m4t+whisper_v3+whisper_v2+xlsr+hubert+cohere,6,fastconformer,1,897
seamless_m4t+whisper_v3+whisper_v2+xlsr+hubert+cohere,6,fastconformer,2,103
seamless_m4t+whisper_v3+whisper_v2+xlsr+hubert+cohere,6,xlsr,7,999
seamless_m4t+whisper_v3+whisper_v2+xlsr+hubert+cohere,6,xlsr,8,1
seamless_m4t+whisper_v3+whisper_v2+xlsr+hubert+cohere,6,w2vbert,7,1
seamless_m4t+whisper_v3+whisper_v2+xlsr+hubert+cohere,6,w2vbert,8,999
seamless_m4t+whisper_v3+whisper_v2+xlsr+hubert+cohere,6,hubert,3,210
seamless_m4t+whisper_v3+whisper_v2+xlsr+hubert+cohere,6,hubert,4,790
seamless_m4t+whisper_v3+whisper_v2+xlsr+hubert+cohere,6,wav2vec_sb,9,1000
seamless_m4t+whisper_v3+whisper_v2+xlsr+hubert+cohere,6,cohere,1,103
seamless_m4t+whisper_v3+whisper_v2+xlsr+hubert+cohere,6,cohere,2,897
seamless_m4t+whisper_v3+whisper_v2+xlsr+wav2vec_sb+cohere,6,seamless_m4t,4,1000
seamless_m4t+whisper_v3+whisper_v2+xlsr+wav2vec_sb+cohere,6,whisper_v3,5,1000
seamless_m4t+whisper_v3+whisper_v2+xlsr+wav2vec_sb+cohere,6,whisper_v2,6,1000
seamless_m4t+whisper_v3+whisper_v2+xlsr+wav2vec_sb+cohere,6,fastconformer,1,1000
seamless_m4t+whisper_v3+whisper_v2+xlsr+wav2vec_sb+cohere,6,xlsr,7,1000
seamless_m4t+whisper_v3+whisper_v2+xlsr+wav2vec_sb+cohere,6,w2vbert,8,1000
seamless_m4t+whisper_v3+whisper_v2+xlsr+wav2vec_sb+cohere,6,hubert,3,1000
seamless_m4t+whisper_v3+whisper_v2+xlsr+wav2vec_sb+cohere,6,wav2vec_sb,9,1000
seamless_m4t+whisper_v3+whisper_v2+xlsr+wav2vec_sb+cohere,6,cohere,2,1000
seamless_m4t+whisper_v3+whisper_v2+w2vbert+hubert+wav2vec_sb,6,seamless_m4t,3,992
seamless_m4t+whisper_v3+whisper_v2+w2vbert+hubert+wav2vec_sb,6,seamless_m4t,4,8
seamless_m4t+whisper_v3+whisper_v2+w2vbert+hubert+wav2vec_sb,6,whisper_v3,3,2
seamless_m4t+whisper_v3+whisper_v2+w2vbert+hubert+wav2vec_sb,6,whisper_v3,4,162
seamless_m4t+whisper_v3+whisper_v2+w2vbert+hubert+wav2vec_sb,6,whisper_v3,5,836
seamless_m4t+whisper_v3+whisper_v2+w2vbert+hubert+wav2vec_sb,6,whisper_v2,6,1000
seamless_m4t+whisper_v3+whisper_v2+w2vbert+hubert+wav2vec_sb,6,fastconformer,2,1000
seamless_m4t+whisper_v3+whisper_v2+w2vbert+hubert+wav2vec_sb,6,xlsr,7,1000
seamless_m4t+whisper_v3+whisper_v2+w2vbert+hubert+wav2vec_sb,6,w2vbert,8,1000
seamless_m4t+whisper_v3+whisper_v2+w2vbert+hubert+wav2vec_sb,6,hubert,3,6
seamless_m4t+whisper_v3+whisper_v2+w2vbert+hubert+wav2vec_sb,6,hubert,4,830
seamless_m4t+whisper_v3+whisper_v2+w2vbert+hubert+wav2vec_sb,6,hubert,5,164
seamless_m4t+whisper_v3+whisper_v2+w2vbert+hubert+wav2vec_sb,6,wav2vec_sb,9,1000
seamless_m4t+whisper_v3+whisper_v2+w2vbert+hubert+wav2vec_sb,6,cohere,1,1000
seamless_m4t+whisper_v3+whisper_v2+w2vbert+hubert+cohere,6,seamless_m4t,3,892
seamless_m4t+whisper_v3+whisper_v2+w2vbert+hubert+cohere,6,seamless_m4t,4,108
seamless_m4t+whisper_v3+whisper_v2+w2vbert+hubert+cohere,6,whisper_v3,5,1000
seamless_m4t+whisper_v3+whisper_v2+w2vbert+hubert+cohere,6,whisper_v2,6,1000
seamless_m4t+whisper_v3+whisper_v2+w2vbert+hubert+cohere,6,fastconformer,1,631
seamless_m4t+whisper_v3+whisper_v2+w2vbert+hubert+cohere,6,fastconformer,2,369
seamless_m4t+whisper_v3+whisper_v2+w2vbert+hubert+cohere,6,xlsr,7,1000
seamless_m4t+whisper_v3+whisper_v2+w2vbert+hubert+cohere,6,w2vbert,8,1000
seamless_m4t+whisper_v3+whisper_v2+w2vbert+hubert+cohere,6,hubert,3,108
seamless_m4t+whisper_v3+whisper_v2+w2vbert+hubert+cohere,6,hubert,4,892
seamless_m4t+whisper_v3+whisper_v2+w2vbert+hubert+cohere,6,wav2vec_sb,9,1000
seamless_m4t+whisper_v3+whisper_v2+w2vbert+hubert+cohere,6,cohere,1,369
seamless_m4t+whisper_v3+whisper_v2+w2vbert+hubert+cohere,6,cohere,2,631
seamless_m4t+whisper_v3+whisper_v2+w2vbert+wav2vec_sb+cohere,6,seamless_m4t,4,1000
seamless_m4t+whisper_v3+whisper_v2+w2vbert+wav2vec_sb+cohere,6,whisper_v3,5,1000
seamless_m4t+whisper_v3+whisper_v2+w2vbert+wav2vec_sb+cohere,6,whisper_v2,6,1000
seamless_m4t+whisper_v3+whisper_v2+w2vbert+wav2vec_sb+cohere,6,fastconformer,1,1000
seamless_m4t+whisper_v3+whisper_v2+w2vbert+wav2vec_sb+cohere,6,xlsr,7,1000
seamless_m4t+whisper_v3+whisper_v2+w2vbert+wav2vec_sb+cohere,6,w2vbert,8,1000
seamless_m4t+whisper_v3+whisper_v2+w2vbert+wav2vec_sb+cohere,6,hubert,3,1000
seamless_m4t+whisper_v3+whisper_v2+w2vbert+wav2vec_sb+cohere,6,wav2vec_sb,9,1000
seamless_m4t+whisper_v3+whisper_v2+w2vbert+wav2vec_sb+cohere,6,cohere,2,1000
seamless_m4t+whisper_v3+whisper_v2+hubert+wav2vec_sb+cohere,6,seamless_m4t,3,924
seamless_m4t+whisper_v3+whisper_v2+hubert+wav2vec_sb+cohere,6,seamless_m4t,4,76
seamless_m4t+whisper_v3+whisper_v2+hubert+wav2vec_sb+cohere,6,whisper_v3,5,1000
seamless_m4t+whisper_v3+whisper_v2+hubert+wav2vec_sb+cohere,6,whisper_v2,6,1000
seamless_m4t+whisper_v3+whisper_v2+hubert+wav2vec_sb+cohere,6,fastconformer,1,917
seamless_m4t+whisper_v3+whisper_v2+hubert+wav2vec_sb+cohere,6,fastconformer,2,83
seamless_m4t+whisper_v3+whisper_v2+hubert+wav2vec_sb+cohere,6,xlsr,7,1000
seamless_m4t+whisper_v3+whisper_v2+hubert+wav2vec_sb+cohere,6,w2vbert,8,1000
seamless_m4t+whisper_v3+whisper_v2+hubert+wav2vec_sb+cohere,6,hubert,3,76
seamless_m4t+whisper_v3+whisper_v2+hubert+wav2vec_sb+cohere,6,hubert,4,924
seamless_m4t+whisper_v3+whisper_v2+hubert+wav2vec_sb+cohere,6,wav2vec_sb,9,1000
seamless_m4t+whisper_v3+whisper_v2+hubert+wav2vec_sb+cohere,6,cohere,1,83
seamless_m4t+whisper_v3+whisper_v2+hubert+wav2vec_sb+cohere,6,cohere,2,917
seamless_m4t+whisper_v3+fastconformer+xlsr+w2vbert+hubert,6,seamless_m4t,3,1
seamless_m4t+whisper_v3+fastconformer+xlsr+w2vbert+hubert,6,seamless_m4t,4,999
seamless_m4t+whisper_v3+fastconformer+xlsr+w2vbert+hubert,6,whisper_v3,5,1000
seamless_m4t+whisper_v3+fastconformer+xlsr+w2vbert+hubert,6,whisper_v2,6,1000
seamless_m4t+whisper_v3+fastconformer+xlsr+w2vbert+hubert,6,fastconformer,2,1000
seamless_m4t+whisper_v3+fastconformer+xlsr+w2vbert+hubert,6,xlsr,7,1000
seamless_m4t+whisper_v3+fastconformer+xlsr+w2vbert+hubert,6,w2vbert,8,1000
seamless_m4t+whisper_v3+fastconformer+xlsr+w2vbert+hubert,6,hubert,3,999
seamless_m4t+whisper_v3+fastconformer+xlsr+w2vbert+hubert,6,hubert,4,1
seamless_m4t+whisper_v3+fastconformer+xlsr+w2vbert+hubert,6,wav2vec_sb,9,1000
seamless_m4t+whisper_v3+fastconformer+xlsr+w2vbert+hubert,6,cohere,1,1000
seamless_m4t+whisper_v3+fastconformer+xlsr+w2vbert+wav2vec_sb,6,seamless_m4t,4,1000
seamless_m4t+whisper_v3+fastconformer+xlsr+w2vbert+wav2vec_sb,6,whisper_v3,5,1000
seamless_m4t+whisper_v3+fastconformer+xlsr+w2vbert+wav2vec_sb,6,whisper_v2,6,1000
seamless_m4t+whisper_v3+fastconformer+xlsr+w2vbert+wav2vec_sb,6,fastconformer,2,739
seamless_m4t+whisper_v3+fastconformer+xlsr+w2vbert+wav2vec_sb,6,fastconformer,3,261
seamless_m4t+whisper_v3+fastconformer+xlsr+w2vbert+wav2vec_sb,6,xlsr,7,1000
seamless_m4t+whisper_v3+fastconformer+xlsr+w2vbert+wav2vec_sb,6,w2vbert,8,1000
seamless_m4t+whisper_v3+fastconformer+xlsr+w2vbert+wav2vec_sb,6,hubert,2,261
seamless_m4t+whisper_v3+fastconformer+xlsr+w2vbert+wav2vec_sb,6,hubert,3,739
seamless_m4t+whisper_v3+fastconformer+xlsr+w2vbert+wav2vec_sb,6,wav2vec_sb,9,1000
seamless_m4t+whisper_v3+fastconformer+xlsr+w2vbert+wav2vec_sb,6,cohere,1,1000
seamless_m4t+whisper_v3+fastconformer+xlsr+w2vbert+cohere,6,seamless_m4t,4,1000
seamless_m4t+whisper_v3+fastconformer+xlsr+w2vbert+cohere,6,whisper_v3,5,1000
seamless_m4t+whisper_v3+fastconformer+xlsr+w2vbert+cohere,6,whisper_v2,6,1000
seamless_m4t+whisper_v3+fastconformer+xlsr+w2vbert+cohere,6,fastconformer,2,1000
seamless_m4t+whisper_v3+fastconformer+xlsr+w2vbert+cohere,6,xlsr,7,1000
seamless_m4t+whisper_v3+fastconformer+xlsr+w2vbert+cohere,6,w2vbert,8,1000
seamless_m4t+whisper_v3+fastconformer+xlsr+w2vbert+cohere,6,hubert,3,1000
seamless_m4t+whisper_v3+fastconformer+xlsr+w2vbert+cohere,6,wav2vec_sb,9,1000
seamless_m4t+whisper_v3+fastconformer+xlsr+w2vbert+cohere,6,cohere,1,1000
seamless_m4t+whisper_v3+fastconformer+xlsr+hubert+wav2vec_sb,6,seamless_m4t,4,1000
seamless_m4t+whisper_v3+fastconformer+xlsr+hubert+wav2vec_sb,6,whisper_v3,5,1000
seamless_m4t+whisper_v3+fastconformer+xlsr+hubert+wav2vec_sb,6,whisper_v2,6,1000
seamless_m4t+whisper_v3+fastconformer+xlsr+hubert+wav2vec_sb,6,fastconformer,2,1000
seamless_m4t+whisper_v3+fastconformer+xlsr+hubert+wav2vec_sb,6,xlsr,7,1000
seamless_m4t+whisper_v3+fastconformer+xlsr+hubert+wav2vec_sb,6,w2vbert,8,1000
seamless_m4t+whisper_v3+fastconformer+xlsr+hubert+wav2vec_sb,6,hubert,3,1000
seamless_m4t+whisper_v3+fastconformer+xlsr+hubert+wav2vec_sb,6,wav2vec_sb,9,1000
seamless_m4t+whisper_v3+fastconformer+xlsr+hubert+wav2vec_sb,6,cohere,1,1000
seamless_m4t+whisper_v3+fastconformer+xlsr+hubert+cohere,6,seamless_m4t,4,1000
seamless_m4t+whisper_v3+fastconformer+xlsr+hubert+cohere,6,whisper_v3,5,1000
seamless_m4t+whisper_v3+fastconformer+xlsr+hubert+cohere,6,whisper_v2,6,1000
seamless_m4t+whisper_v3+fastconformer+xlsr+hubert+cohere,6,fastconformer,2,1000
seamless_m4t+whisper_v3+fastconformer+xlsr+hubert+cohere,6,xlsr,7,1000
seamless_m4t+whisper_v3+fastconformer+xlsr+hubert+cohere,6,w2vbert,8,1000
seamless_m4t+whisper_v3+fastconformer+xlsr+hubert+cohere,6,hubert,3,1000
seamless_m4t+whisper_v3+fastconformer+xlsr+hubert+cohere,6,wav2vec_sb,9,1000
seamless_m4t+whisper_v3+fastconformer+xlsr+hubert+cohere,6,cohere,1,1000
seamless_m4t+whisper_v3+fastconformer+xlsr+wav2vec_sb+cohere,6,seamless_m4t,4,1000
seamless_m4t+whisper_v3+fastconformer+xlsr+wav2vec_sb+cohere,6,whisper_v3,5,1000
seamless_m4t+whisper_v3+fastconformer+xlsr+wav2vec_sb+cohere,6,whisper_v2,6,1000
seamless_m4t+whisper_v3+fastconformer+xlsr+wav2vec_sb+cohere,6,fastconformer,2,1000
seamless_m4t+whisper_v3+fastconformer+xlsr+wav2vec_sb+cohere,6,xlsr,7,1000
seamless_m4t+whisper_v3+fastconformer+xlsr+wav2vec_sb+cohere,6,w2vbert,8,1000
seamless_m4t+whisper_v3+fastconformer+xlsr+wav2vec_sb+cohere,6,hubert,3,1000
seamless_m4t+whisper_v3+fastconformer+xlsr+wav2vec_sb+cohere,6,wav2vec_sb,9,1000
seamless_m4t+whisper_v3+fastconformer+xlsr+wav2vec_sb+cohere,6,cohere,1,1000
seamless_m4t+whisper_v3+fastconformer+w2vbert+hubert+wav2vec_sb,6,seamless_m4t,3,4
seamless_m4t+whisper_v3+fastconformer+w2vbert+hubert+wav2vec_sb,6,seamless_m4t,4,996
seamless_m4t+whisper_v3+fastconformer+w2vbert+hubert+wav2vec_sb,6,whisper_v3,5,1000
seamless_m4t+whisper_v3+fastconformer+w2vbert+hubert+wav2vec_sb,6,whisper_v2,6,1000
seamless_m4t+whisper_v3+fastconformer+w2vbert+hubert+wav2vec_sb,6,fastconformer,2,1000
seamless_m4t+whisper_v3+fastconformer+w2vbert+hubert+wav2vec_sb,6,xlsr,7,1000
seamless_m4t+whisper_v3+fastconformer+w2vbert+hubert+wav2vec_sb,6,w2vbert,8,1000
seamless_m4t+whisper_v3+fastconformer+w2vbert+hubert+wav2vec_sb,6,hubert,3,996
seamless_m4t+whisper_v3+fastconformer+w2vbert+hubert+wav2vec_sb,6,hubert,4,4
seamless_m4t+whisper_v3+fastconformer+w2vbert+hubert+wav2vec_sb,6,wav2vec_sb,9,1000
seamless_m4t+whisper_v3+fastconformer+w2vbert+hubert+wav2vec_sb,6,cohere,1,1000
seamless_m4t+whisper_v3+fastconformer+w2vbert+hubert+cohere,6,seamless_m4t,3,1
seamless_m4t+whisper_v3+fastconformer+w2vbert+hubert+cohere,6,seamless_m4t,4,999
seamless_m4t+whisper_v3+fastconformer+w2vbert+hubert+cohere,6,whisper_v3,5,1000
seamless_m4t+whisper_v3+fastconformer+w2vbert+hubert+cohere,6,whisper_v2,6,1000
seamless_m4t+whisper_v3+fastconformer+w2vbert+hubert+cohere,6,fastconformer,2,1000
seamless_m4t+whisper_v3+fastconformer+w2vbert+hubert+cohere,6,xlsr,7,1000
seamless_m4t+whisper_v3+fastconformer+w2vbert+hubert+cohere,6,w2vbert,8,1000
seamless_m4t+whisper_v3+fastconformer+w2vbert+hubert+cohere,6,hubert,3,999
seamless_m4t+whisper_v3+fastconformer+w2vbert+hubert+cohere,6,hubert,4,1
seamless_m4t+whisper_v3+fastconformer+w2vbert+hubert+cohere,6,wav2vec_sb,9,1000
seamless_m4t+whisper_v3+fastconformer+w2vbert+hubert+cohere,6,cohere,1,1000
seamless_m4t+whisper_v3+fastconformer+w2vbert+wav2vec_sb+cohere,6,seamless_m4t,4,1000
seamless_m4t+whisper_v3+fastconformer+w2vbert+wav2vec_sb+cohere,6,whisper_v3,5,1000
seamless_m4t+whisper_v3+fastconformer+w2vbert+wav2vec_sb+cohere,6,whisper_v2,6,1000
seamless_m4t+whisper_v3+fastconformer+w2vbert+wav2vec_sb+cohere,6,fastconformer,2,1000
seamless_m4t+whisper_v3+fastconformer+w2vbert+wav2vec_sb+cohere,6,xlsr,7,1000
seamless_m4t+whisper_v3+fastconformer+w2vbert+wav2vec_sb+cohere,6,w2vbert,8,1000
seamless_m4t+whisper_v3+fastconformer+w2vbert+wav2vec_sb+cohere,6,hubert,3,1000
seamless_m4t+whisper_v3+fastconformer+w2vbert+wav2vec_sb+cohere,6,wav2vec_sb,9,1000
seamless_m4t+whisper_v3+fastconformer+w2vbert+wav2vec_sb+cohere,6,cohere,1,1000
seamless_m4t+whisper_v3+fastconformer+hubert+wav2vec_sb+cohere,6,seamless_m4t,4,1000
seamless_m4t+whisper_v3+fastconformer+hubert+wav2vec_sb+cohere,6,whisper_v3,5,1000
seamless_m4t+whisper_v3+fastconformer+hubert+wav2vec_sb+cohere,6,whisper_v2,6,1000
seamless_m4t+whisper_v3+fastconformer+hubert+wav2vec_sb+cohere,6,fastconformer,2,1000
seamless_m4t+whisper_v3+fastconformer+hubert+wav2vec_sb+cohere,6,xlsr,7,1000
seamless_m4t+whisper_v3+fastconformer+hubert+wav2vec_sb+cohere,6,w2vbert,8,1000
seamless_m4t+whisper_v3+fastconformer+hubert+wav2vec_sb+cohere,6,hubert,3,1000
seamless_m4t+whisper_v3+fastconformer+hubert+wav2vec_sb+cohere,6,wav2vec_sb,9,1000
seamless_m4t+whisper_v3+fastconformer+hubert+wav2vec_sb+cohere,6,cohere,1,1000
seamless_m4t+whisper_v3+xlsr+w2vbert+hubert+wav2vec_sb,6,seamless_m4t,4,1000
seamless_m4t+whisper_v3+xlsr+w2vbert+hubert+wav2vec_sb,6,whisper_v3,5,1000
seamless_m4t+whisper_v3+xlsr+w2vbert+hubert+wav2vec_sb,6,whisper_v2,6,1000
seamless_m4t+whisper_v3+xlsr+w2vbert+hubert+wav2vec_sb,6,fastconformer,2,1000
seamless_m4t+whisper_v3+xlsr+w2vbert+hubert+wav2vec_sb,6,xlsr,7,1000
seamless_m4t+whisper_v3+xlsr+w2vbert+hubert+wav2vec_sb,6,w2vbert,8,1000
seamless_m4t+whisper_v3+xlsr+w2vbert+hubert+wav2vec_sb,6,hubert,3,1000
seamless_m4t+whisper_v3+xlsr+w2vbert+hubert+wav2vec_sb,6,wav2vec_sb,9,1000
seamless_m4t+whisper_v3+xlsr+w2vbert+hubert+wav2vec_sb,6,cohere,1,1000
seamless_m4t+whisper_v3+xlsr+w2vbert+hubert+cohere,6,seamless_m4t,3,27
seamless_m4t+whisper_v3+xlsr+w2vbert+hubert+cohere,6,seamless_m4t,4,973
seamless_m4t+whisper_v3+xlsr+w2vbert+hubert+cohere,6,whisper_v3,5,1000
seamless_m4t+whisper_v3+xlsr+w2vbert+hubert+cohere,6,whisper_v2,6,1000
seamless_m4t+whisper_v3+xlsr+w2vbert+hubert+cohere,6,fastconformer,1,224
seamless_m4t+whisper_v3+xlsr+w2vbert+hubert+cohere,6,fastconformer,2,776
seamless_m4t+whisper_v3+xlsr+w2vbert+hubert+cohere,6,xlsr,7,1000
seamless_m4t+whisper_v3+xlsr+w2vbert+hubert+cohere,6,w2vbert,8,1000
seamless_m4t+whisper_v3+xlsr+w2vbert+hubert+cohere,6,hubert,3,973
seamless_m4t+whisper_v3+xlsr+w2vbert+hubert+cohere,6,hubert,4,27
seamless_m4t+whisper_v3+xlsr+w2vbert+hubert+cohere,6,wav2vec_sb,9,1000
seamless_m4t+whisper_v3+xlsr+w2vbert+hubert+cohere,6,cohere,1,776
seamless_m4t+whisper_v3+xlsr+w2vbert+hubert+cohere,6,cohere,2,224
seamless_m4t+whisper_v3+xlsr+w2vbert+wav2vec_sb+cohere,6,seamless_m4t,4,1000
seamless_m4t+whisper_v3+xlsr+w2vbert+wav2vec_sb+cohere,6,whisper_v3,5,1000
seamless_m4t+whisper_v3+xlsr+w2vbert+wav2vec_sb+cohere,6,whisper_v2,6,1000
seamless_m4t+whisper_v3+xlsr+w2vbert+wav2vec_sb+cohere,6,fastconformer,1,1000
seamless_m4t+whisper_v3+xlsr+w2vbert+wav2vec_sb+cohere,6,xlsr,7,1000
seamless_m4t+whisper_v3+xlsr+w2vbert+wav2vec_sb+cohere,6,w2vbert,8,1000
seamless_m4t+whisper_v3+xlsr+w2vbert+wav2vec_sb+cohere,6,hubert,3,1000
seamless_m4t+whisper_v3+xlsr+w2vbert+wav2vec_sb+cohere,6,wav2vec_sb,9,1000
seamless_m4t+whisper_v3+xlsr+w2vbert+wav2vec_sb+cohere,6,cohere,2,1000
seamless_m4t+whisper_v3+xlsr+hubert+wav2vec_sb+cohere,6,seamless_m4t,3,17
seamless_m4t+whisper_v3+xlsr+hubert+wav2vec_sb+cohere,6,seamless_m4t,4,983
seamless_m4t+whisper_v3+xlsr+hubert+wav2vec_sb+cohere,6,whisper_v3,5,1000
seamless_m4t+whisper_v3+xlsr+hubert+wav2vec_sb+cohere,6,whisper_v2,6,1000
seamless_m4t+whisper_v3+xlsr+hubert+wav2vec_sb+cohere,6,fastconformer,1,914
seamless_m4t+whisper_v3+xlsr+hubert+wav2vec_sb+cohere,6,fastconformer,2,86
seamless_m4t+whisper_v3+xlsr+hubert+wav2vec_sb+cohere,6,xlsr,7,1000
seamless_m4t+whisper_v3+xlsr+hubert+wav2vec_sb+cohere,6,w2vbert,8,1000
seamless_m4t+whisper_v3+xlsr+hubert+wav2vec_sb+cohere,6,hubert,3,983
seamless_m4t+whisper_v3+xlsr+hubert+wav2vec_sb+cohere,6,hubert,4,17
seamless_m4t+whisper_v3+xlsr+hubert+wav2vec_sb+cohere,6,wav2vec_sb,9,1000
seamless_m4t+whisper_v3+xlsr+hubert+wav2vec_sb+cohere,6,cohere,1,86
seamless_m4t+whisper_v3+xlsr+hubert+wav2vec_sb+cohere,6,cohere,2,914
seamless_m4t+whisper_v3+w2vbert+hubert+wav2vec_sb+cohere,6,seamless_m4t,3,82
seamless_m4t+whisper_v3+w2vbert+hubert+wav2vec_sb+cohere,6,seamless_m4t,4,918
seamless_m4t+whisper_v3+w2vbert+hubert+wav2vec_sb+cohere,6,whisper_v3,5,1000
seamless_m4t+whisper_v3+w2vbert+hubert+wav2vec_sb+cohere,6,whisper_v2,6,1000
seamless_m4t+whisper_v3+w2vbert+hubert+wav2vec_sb+cohere,6,fastconformer,1,119
seamless_m4t+whisper_v3+w2vbert+hubert+wav2vec_sb+cohere,6,fastconformer,2,881
seamless_m4t+whisper_v3+w2vbert+hubert+wav2vec_sb+cohere,6,xlsr,7,1000
seamless_m4t+whisper_v3+w2vbert+hubert+wav2vec_sb+cohere,6,w2vbert,8,1000
seamless_m4t+whisper_v3+w2vbert+hubert+wav2vec_sb+cohere,6,hubert,3,918
seamless_m4t+whisper_v3+w2vbert+hubert+wav2vec_sb+cohere,6,hubert,4,82
seamless_m4t+whisper_v3+w2vbert+hubert+wav2vec_sb+cohere,6,wav2vec_sb,9,1000
seamless_m4t+whisper_v3+w2vbert+hubert+wav2vec_sb+cohere,6,cohere,1,881
seamless_m4t+whisper_v3+w2vbert+hubert+wav2vec_sb+cohere,6,cohere,2,119
seamless_m4t+whisper_v2+fastconformer+xlsr+w2vbert+hubert,6,seamless_m4t,4,1000
seamless_m4t+whisper_v2+fastconformer+xlsr+w2vbert+hubert,6,whisper_v3,5,1000
seamless_m4t+whisper_v2+fastconformer+xlsr+w2vbert+hubert,6,whisper_v2,6,1000
seamless_m4t+whisper_v2+fastconformer+xlsr+w2vbert+hubert,6,fastconformer,2,1000
seamless_m4t+whisper_v2+fastconformer+xlsr+w2vbert+hubert,6,xlsr,7,1000
seamless_m4t+whisper_v2+fastconformer+xlsr+w2vbert+hubert,6,w2vbert,8,1000
seamless_m4t+whisper_v2+fastconformer+xlsr+w2vbert+hubert,6,hubert,3,1000
seamless_m4t+whisper_v2+fastconformer+xlsr+w2vbert+hubert,6,wav2vec_sb,9,1000
seamless_m4t+whisper_v2+fastconformer+xlsr+w2vbert+hubert,6,cohere,1,1000
seamless_m4t+whisper_v2+fastconformer+xlsr+w2vbert+wav2vec_sb,6,seamless_m4t,4,577
seamless_m4t+whisper_v2+fastconformer+xlsr+w2vbert+wav2vec_sb,6,seamless_m4t,5,423
seamless_m4t+whisper_v2+fastconformer+xlsr+w2vbert+wav2vec_sb,6,whisper_v3,4,423
seamless_m4t+whisper_v2+fastconformer+xlsr+w2vbert+wav2vec_sb,6,whisper_v3,5,577
seamless_m4t+whisper_v2+fastconformer+xlsr+w2vbert+wav2vec_sb,6,whisper_v2,6,1000
seamless_m4t+whisper_v2+fastconformer+xlsr+w2vbert+wav2vec_sb,6,fastconformer,2,140
seamless_m4t+whisper_v2+fastconformer+xlsr+w2vbert+wav2vec_sb,6,fastconformer,3,860
seamless_m4t+whisper_v2+fastconformer+xlsr+w2vbert+wav2vec_sb,6,xlsr,7,1000
seamless_m4t+whisper_v2+fastconformer+xlsr+w2vbert+wav2vec_sb,6,w2vbert,8,1000
seamless_m4t+whisper_v2+fastconformer+xlsr+w2vbert+wav2vec_sb,6,hubert,2,860
seamless_m4t+whisper_v2+fastconformer+xlsr+w2vbert+wav2vec_sb,6,hubert,3,140
seamless_m4t+whisper_v2+fastconformer+xlsr+w2vbert+wav2vec_sb,6,wav2vec_sb,9,1000
seamless_m4t+whisper_v2+fastconformer+xlsr+w2vbert+wav2vec_sb,6,cohere,1,1000
seamless_m4t+whisper_v2+fastconformer+xlsr+w2vbert+cohere,6,seamless_m4t,4,1000
seamless_m4t+whisper_v2+fastconformer+xlsr+w2vbert+cohere,6,whisper_v3,5,1000
seamless_m4t+whisper_v2+fastconformer+xlsr+w2vbert+cohere,6,whisper_v2,6,1000
seamless_m4t+whisper_v2+fastconformer+xlsr+w2vbert+cohere,6,fastconformer,2,1000
seamless_m4t+whisper_v2+fastconformer+xlsr+w2vbert+cohere,6,xlsr,7,1000
seamless_m4t+whisper_v2+fastconformer+xlsr+w2vbert+cohere,6,w2vbert,8,1000
seamless_m4t+whisper_v2+fastconformer+xlsr+w2vbert+cohere,6,hubert,3,1000
seamless_m4t+whisper_v2+fastconformer+xlsr+w2vbert+cohere,6,wav2vec_sb,9,1000
seamless_m4t+whisper_v2+fastconformer+xlsr+w2vbert+cohere,6,cohere,1,1000
seamless_m4t+whisper_v2+fastconformer+xlsr+hubert+wav2vec_sb,6,seamless_m4t,4,1000
seamless_m4t+whisper_v2+fastconformer+xlsr+hubert+wav2vec_sb,6,whisper_v3,5,1000
seamless_m4t+whisper_v2+fastconformer+xlsr+hubert+wav2vec_sb,6,whisper_v2,6,1000
seamless_m4t+whisper_v2+fastconformer+xlsr+hubert+wav2vec_sb,6,fastconformer,2,1000
seamless_m4t+whisper_v2+fastconformer+xlsr+hubert+wav2vec_sb,6,xlsr,7,1000
seamless_m4t+whisper_v2+fastconformer+xlsr+hubert+wav2vec_sb,6,w2vbert,8,1000
seamless_m4t+whisper_v2+fastconformer+xlsr+hubert+wav2vec_sb,6,hubert,3,1000
seamless_m4t+whisper_v2+fastconformer+xlsr+hubert+wav2vec_sb,6,wav2vec_sb,9,1000
seamless_m4t+whisper_v2+fastconformer+xlsr+hubert+wav2vec_sb,6,cohere,1,1000
seamless_m4t+whisper_v2+fastconformer+xlsr+hubert+cohere,6,seamless_m4t,4,1000
seamless_m4t+whisper_v2+fastconformer+xlsr+hubert+cohere,6,whisper_v3,5,1000
seamless_m4t+whisper_v2+fastconformer+xlsr+hubert+cohere,6,whisper_v2,6,1000
seamless_m4t+whisper_v2+fastconformer+xlsr+hubert+cohere,6,fastconformer,2,1000
seamless_m4t+whisper_v2+fastconformer+xlsr+hubert+cohere,6,xlsr,7,1000
seamless_m4t+whisper_v2+fastconformer+xlsr+hubert+cohere,6,w2vbert,8,1000
seamless_m4t+whisper_v2+fastconformer+xlsr+hubert+cohere,6,hubert,3,1000
seamless_m4t+whisper_v2+fastconformer+xlsr+hubert+cohere,6,wav2vec_sb,9,1000
seamless_m4t+whisper_v2+fastconformer+xlsr+hubert+cohere,6,cohere,1,1000
seamless_m4t+whisper_v2+fastconformer+xlsr+wav2vec_sb+cohere,6,seamless_m4t,4,1000
seamless_m4t+whisper_v2+fastconformer+xlsr+wav2vec_sb+cohere,6,whisper_v3,5,1000
seamless_m4t+whisper_v2+fastconformer+xlsr+wav2vec_sb+cohere,6,whisper_v2,6,1000
seamless_m4t+whisper_v2+fastconformer+xlsr+wav2vec_sb+cohere,6,fastconformer,2,1000
seamless_m4t+whisper_v2+fastconformer+xlsr+wav2vec_sb+cohere,6,xlsr,7,1000
seamless_m4t+whisper_v2+fastconformer+xlsr+wav2vec_sb+cohere,6,w2vbert,8,1000
seamless_m4t+whisper_v2+fastconformer+xlsr+wav2vec_sb+cohere,6,hubert,3,1000
seamless_m4t+whisper_v2+fastconformer+xlsr+wav2vec_sb+cohere,6,wav2vec_sb,9,1000
seamless_m4t+whisper_v2+fastconformer+xlsr+wav2vec_sb+cohere,6,cohere,1,1000
seamless_m4t+whisper_v2+fastconformer+w2vbert+hubert+wav2vec_sb,6,seamless_m4t,3,1
seamless_m4t+whisper_v2+fastconformer+w2vbert+hubert+wav2vec_sb,6,seamless_m4t,4,999
seamless_m4t+whisper_v2+fastconformer+w2vbert+hubert+wav2vec_sb,6,whisper_v3,5,1000
seamless_m4t+whisper_v2+fastconformer+w2vbert+hubert+wav2vec_sb,6,whisper_v2,6,1000
seamless_m4t+whisper_v2+fastconformer+w2vbert+hubert+wav2vec_sb,6,fastconformer,2,1000
seamless_m4t+whisper_v2+fastconformer+w2vbert+hubert+wav2vec_sb,6,xlsr,7,1000
seamless_m4t+whisper_v2+fastconformer+w2vbert+hubert+wav2vec_sb,6,w2vbert,8,1000
seamless_m4t+whisper_v2+fastconformer+w2vbert+hubert+wav2vec_sb,6,hubert,3,999
seamless_m4t+whisper_v2+fastconformer+w2vbert+hubert+wav2vec_sb,6,hubert,4,1
seamless_m4t+whisper_v2+fastconformer+w2vbert+hubert+wav2vec_sb,6,wav2vec_sb,9,1000
seamless_m4t+whisper_v2+fastconformer+w2vbert+hubert+wav2vec_sb,6,cohere,1,1000
seamless_m4t+whisper_v2+fastconformer+w2vbert+hubert+cohere,6,seamless_m4t,4,1000
seamless_m4t+whisper_v2+fastconformer+w2vbert+hubert+cohere,6,whisper_v3,5,1000
seamless_m4t+whisper_v2+fastconformer+w2vbert+hubert+cohere,6,whisper_v2,6,1000
seamless_m4t+whisper_v2+fastconformer+w2vbert+hubert+cohere,6,fastconformer,2,1000
seamless_m4t+whisper_v2+fastconformer+w2vbert+hubert+cohere,6,xlsr,7,1000
seamless_m4t+whisper_v2+fastconformer+w2vbert+hubert+cohere,6,w2vbert,8,1000
seamless_m4t+whisper_v2+fastconformer+w2vbert+hubert+cohere,6,hubert,3,1000
seamless_m4t+whisper_v2+fastconformer+w2vbert+hubert+cohere,6,wav2vec_sb,9,1000
seamless_m4t+whisper_v2+fastconformer+w2vbert+hubert+cohere,6,cohere,1,1000
seamless_m4t+whisper_v2+fastconformer+w2vbert+wav2vec_sb+cohere,6,seamless_m4t,4,1000
seamless_m4t+whisper_v2+fastconformer+w2vbert+wav2vec_sb+cohere,6,whisper_v3,5,1000
seamless_m4t+whisper_v2+fastconformer+w2vbert+wav2vec_sb+cohere,6,whisper_v2,6,1000
seamless_m4t+whisper_v2+fastconformer+w2vbert+wav2vec_sb+cohere,6,fastconformer,2,1000
seamless_m4t+whisper_v2+fastconformer+w2vbert+wav2vec_sb+cohere,6,xlsr,7,1000
seamless_m4t+whisper_v2+fastconformer+w2vbert+wav2vec_sb+cohere,6,w2vbert,8,1000
seamless_m4t+whisper_v2+fastconformer+w2vbert+wav2vec_sb+cohere,6,hubert,3,1000
seamless_m4t+whisper_v2+fastconformer+w2vbert+wav2vec_sb+cohere,6,wav2vec_sb,9,1000
seamless_m4t+whisper_v2+fastconformer+w2vbert+wav2vec_sb+cohere,6,cohere,1,1000
seamless_m4t+whisper_v2+fastconformer+hubert+wav2vec_sb+cohere,6,seamless_m4t,4,1000
seamless_m4t+whisper_v2+fastconformer+hubert+wav2vec_sb+cohere,6,whisper_v3,5,1000
seamless_m4t+whisper_v2+fastconformer+hubert+wav2vec_sb+cohere,6,whisper_v2,6,1000
seamless_m4t+whisper_v2+fastconformer+hubert+wav2vec_sb+cohere,6,fastconformer,2,1000
seamless_m4t+whisper_v2+fastconformer+hubert+wav2vec_sb+cohere,6,xlsr,7,1000
seamless_m4t+whisper_v2+fastconformer+hubert+wav2vec_sb+cohere,6,w2vbert,8,1000
seamless_m4t+whisper_v2+fastconformer+hubert+wav2vec_sb+cohere,6,hubert,3,1000
seamless_m4t+whisper_v2+fastconformer+hubert+wav2vec_sb+cohere,6,wav2vec_sb,9,1000
seamless_m4t+whisper_v2+fastconformer+hubert+wav2vec_sb+cohere,6,cohere,1,1000
seamless_m4t+whisper_v2+xlsr+w2vbert+hubert+wav2vec_sb,6,seamless_m4t,4,194
seamless_m4t+whisper_v2+xlsr+w2vbert+hubert+wav2vec_sb,6,seamless_m4t,5,806
seamless_m4t+whisper_v2+xlsr+w2vbert+hubert+wav2vec_sb,6,whisper_v3,3,8
seamless_m4t+whisper_v2+xlsr+w2vbert+hubert+wav2vec_sb,6,whisper_v3,4,798
seamless_m4t+whisper_v2+xlsr+w2vbert+hubert+wav2vec_sb,6,whisper_v3,5,194
seamless_m4t+whisper_v2+xlsr+w2vbert+hubert+wav2vec_sb,6,whisper_v2,6,1000
seamless_m4t+whisper_v2+xlsr+w2vbert+hubert+wav2vec_sb,6,fastconformer,2,1000
seamless_m4t+whisper_v2+xlsr+w2vbert+hubert+wav2vec_sb,6,xlsr,7,1000
seamless_m4t+whisper_v2+xlsr+w2vbert+hubert+wav2vec_sb,6,w2vbert,8,1000
seamless_m4t+whisper_v2+xlsr+w2vbert+hubert+wav2vec_sb,6,hubert,3,992
seamless_m4t+whisper_v2+xlsr+w2vbert+hubert+wav2vec_sb,6,hubert,4,8
seamless_m4t+whisper_v2+xlsr+w2vbert+hubert+wav2vec_sb,6,wav2vec_sb,9,1000
seamless_m4t+whisper_v2+xlsr+w2vbert+hubert+wav2vec_sb,6,cohere,1,1000
seamless_m4t+whisper_v2+xlsr+w2vbert+hubert+cohere,6,seamless_m4t,3,2
seamless_m4t+whisper_v2+xlsr+w2vbert+hubert+cohere,6,seamless_m4t,4,998
seamless_m4t+whisper_v2+xlsr+w2vbert+hubert+cohere,6,whisper_v3,5,1000
seamless_m4t+whisper_v2+xlsr+w2vbert+hubert+cohere,6,whisper_v2,6,1000
seamless_m4t+whisper_v2+xlsr+w2vbert+hubert+cohere,6,fastconformer,1,525
seamless_m4t+whisper_v2+xlsr+w2vbert+hubert+cohere,6,fastconformer,2,475
seamless_m4t+whisper_v2+xlsr+w2vbert+hubert+cohere,6,xlsr,7,1000
seamless_m4t+whisper_v2+xlsr+w2vbert+hubert+cohere,6,w2vbert,8,1000
seamless_m4t+whisper_v2+xlsr+w2vbert+hubert+cohere,6,hubert,3,998
seamless_m4t+whisper_v2+xlsr+w2vbert+hubert+cohere,6,hubert,4,2
seamless_m4t+whisper_v2+xlsr+w2vbert+hubert+cohere,6,wav2vec_sb,9,1000
seamless_m4t+whisper_v2+xlsr+w2vbert+hubert+cohere,6,cohere,1,475
seamless_m4t+whisper_v2+xlsr+w2vbert+hubert+cohere,6,cohere,2,525
seamless_m4t+whisper_v2+xlsr+w2vbert+wav2vec_sb+cohere,6,seamless_m4t,4,973
seamless_m4t+whisper_v2+xlsr+w2vbert+wav2vec_sb+cohere,6,seamless_m4t,5,27
seamless_m4t+whisper_v2+xlsr+w2vbert+wav2vec_sb+cohere,6,whisper_v3,4,27
seamless_m4t+whisper_v2+xlsr+w2vbert+wav2vec_sb+cohere,6,whisper_v3,5,973
seamless_m4t+whisper_v2+xlsr+w2vbert+wav2vec_sb+cohere,6,whisper_v2,6,1000
seamless_m4t+whisper_v2+xlsr+w2vbert+wav2vec_sb+cohere,6,fastconformer,1,1000
seamless_m4t+whisper_v2+xlsr+w2vbert+wav2vec_sb+cohere,6,xlsr,7,1000
seamless_m4t+whisper_v2+xlsr+w2vbert+wav2vec_sb+cohere,6,w2vbert,8,1000
seamless_m4t+whisper_v2+xlsr+w2vbert+wav2vec_sb+cohere,6,hubert,3,1000
seamless_m4t+whisper_v2+xlsr+w2vbert+wav2vec_sb+cohere,6,wav2vec_sb,9,1000
seamless_m4t+whisper_v2+xlsr+w2vbert+wav2vec_sb+cohere,6,cohere,2,1000
seamless_m4t+whisper_v2+xlsr+hubert+wav2vec_sb+cohere,6,seamless_m4t,3,2
seamless_m4t+whisper_v2+xlsr+hubert+wav2vec_sb+cohere,6,seamless_m4t,4,998
seamless_m4t+whisper_v2+xlsr+hubert+wav2vec_sb+cohere,6,whisper_v3,5,1000
seamless_m4t+whisper_v2+xlsr+hubert+wav2vec_sb+cohere,6,whisper_v2,6,1000
seamless_m4t+whisper_v2+xlsr+hubert+wav2vec_sb+cohere,6,fastconformer,1,1000
seamless_m4t+whisper_v2+xlsr+hubert+wav2vec_sb+cohere,6,xlsr,7,1000
seamless_m4t+whisper_v2+xlsr+hubert+wav2vec_sb+cohere,6,w2vbert,8,1000
seamless_m4t+whisper_v2+xlsr+hubert+wav2vec_sb+cohere,6,hubert,3,998
seamless_m4t+whisper_v2+xlsr+hubert+wav2vec_sb+cohere,6,hubert,4,2
seamless_m4t+whisper_v2+xlsr+hubert+wav2vec_sb+cohere,6,wav2vec_sb,9,1000
seamless_m4t+whisper_v2+xlsr+hubert+wav2vec_sb+cohere,6,cohere,2,1000
seamless_m4t+whisper_v2+w2vbert+hubert+wav2vec_sb+cohere,6,seamless_m4t,3,33
seamless_m4t+whisper_v2+w2vbert+hubert+wav2vec_sb+cohere,6,seamless_m4t,4,967
seamless_m4t+whisper_v2+w2vbert+hubert+wav2vec_sb+cohere,6,whisper_v3,5,1000
seamless_m4t+whisper_v2+w2vbert+hubert+wav2vec_sb+cohere,6,whisper_v2,6,1000
seamless_m4t+whisper_v2+w2vbert+hubert+wav2vec_sb+cohere,6,fastconformer,1,547
seamless_m4t+whisper_v2+w2vbert+hubert+wav2vec_sb+cohere,6,fastconformer,2,453
seamless_m4t+whisper_v2+w2vbert+hubert+wav2vec_sb+cohere,6,xlsr,7,1000
seamless_m4t+whisper_v2+w2vbert+hubert+wav2vec_sb+cohere,6,w2vbert,8,1000
seamless_m4t+whisper_v2+w2vbert+hubert+wav2vec_sb+cohere,6,hubert,3,967
seamless_m4t+whisper_v2+w2vbert+hubert+wav2vec_sb+cohere,6,hubert,4,33
seamless_m4t+whisper_v2+w2vbert+hubert+wav2vec_sb+cohere,6,wav2vec_sb,9,1000
seamless_m4t+whisper_v2+w2vbert+hubert+wav2vec_sb+cohere,6,cohere,1,453
seamless_m4t+whisper_v2+w2vbert+hubert+wav2vec_sb+cohere,6,cohere,2,547
seamless_m4t+fastconformer+xlsr+w2vbert+hubert+wav2vec_sb,6,seamless_m4t,4,1000
seamless_m4t+fastconformer+xlsr+w2vbert+hubert+wav2vec_sb,6,whisper_v3,5,1000
seamless_m4t+fastconformer+xlsr+w2vbert+hubert+wav2vec_sb,6,whisper_v2,6,1000
seamless_m4t+fastconformer+xlsr+w2vbert+hubert+wav2vec_sb,6,fastconformer,2,1000
seamless_m4t+fastconformer+xlsr+w2vbert+hubert+wav2vec_sb,6,xlsr,7,1000
seamless_m4t+fastconformer+xlsr+w2vbert+hubert+wav2vec_sb,6,w2vbert,8,1000
seamless_m4t+fastconformer+xlsr+w2vbert+hubert+wav2vec_sb,6,hubert,3,1000
seamless_m4t+fastconformer+xlsr+w2vbert+hubert+wav2vec_sb,6,wav2vec_sb,9,1000
seamless_m4t+fastconformer+xlsr+w2vbert+hubert+wav2vec_sb,6,cohere,1,1000
seamless_m4t+fastconformer+xlsr+w2vbert+hubert+cohere,6,seamless_m4t,4,1000
seamless_m4t+fastconformer+xlsr+w2vbert+hubert+cohere,6,whisper_v3,5,1000
seamless_m4t+fastconformer+xlsr+w2vbert+hubert+cohere,6,whisper_v2,6,1000
seamless_m4t+fastconformer+xlsr+w2vbert+hubert+cohere,6,fastconformer,2,1000
seamless_m4t+fastconformer+xlsr+w2vbert+hubert+cohere,6,xlsr,7,1000
seamless_m4t+fastconformer+xlsr+w2vbert+hubert+cohere,6,w2vbert,8,1000
seamless_m4t+fastconformer+xlsr+w2vbert+hubert+cohere,6,hubert,3,1000
seamless_m4t+fastconformer+xlsr+w2vbert+hubert+cohere,6,wav2vec_sb,9,1000
seamless_m4t+fastconformer+xlsr+w2vbert+hubert+cohere,6,cohere,1,1000
seamless_m4t+fastconformer+xlsr+w2vbert+wav2vec_sb+cohere,6,seamless_m4t,4,1000
seamless_m4t+fastconformer+xlsr+w2vbert+wav2vec_sb+cohere,6,whisper_v3,5,1000
seamless_m4t+fastconformer+xlsr+w2vbert+wav2vec_sb+cohere,6,whisper_v2,6,1000
seamless_m4t+fastconformer+xlsr+w2vbert+wav2vec_sb+cohere,6,fastconformer,2,1000
seamless_m4t+fastconformer+xlsr+w2vbert+wav2vec_sb+cohere,6,xlsr,7,1000
seamless_m4t+fastconformer+xlsr+w2vbert+wav2vec_sb+cohere,6,w2vbert,8,1000
seamless_m4t+fastconformer+xlsr+w2vbert+wav2vec_sb+cohere,6,hubert,3,1000
seamless_m4t+fastconformer+xlsr+w2vbert+wav2vec_sb+cohere,6,wav2vec_sb,9,1000
seamless_m4t+fastconformer+xlsr+w2vbert+wav2vec_sb+cohere,6,cohere,1,1000
seamless_m4t+fastconformer+xlsr+hubert+wav2vec_sb+cohere,6,seamless_m4t,4,1000
seamless_m4t+fastconformer+xlsr+hubert+wav2vec_sb+cohere,6,whisper_v3,5,1000
seamless_m4t+fastconformer+xlsr+hubert+wav2vec_sb+cohere,6,whisper_v2,6,1000
seamless_m4t+fastconformer+xlsr+hubert+wav2vec_sb+cohere,6,fastconformer,2,1000
seamless_m4t+fastconformer+xlsr+hubert+wav2vec_sb+cohere,6,xlsr,7,1000
seamless_m4t+fastconformer+xlsr+hubert+wav2vec_sb+cohere,6,w2vbert,8,1000
seamless_m4t+fastconformer+xlsr+hubert+wav2vec_sb+cohere,6,hubert,3,1000
seamless_m4t+fastconformer+xlsr+hubert+wav2vec_sb+cohere,6,wav2vec_sb,9,1000
seamless_m4t+fastconformer+xlsr+hubert+wav2vec_sb+cohere,6,cohere,1,1000
seamless_m4t+fastconformer+w2vbert+hubert+wav2vec_sb+cohere,6,seamless_m4t,4,1000
seamless_m4t+fastconformer+w2vbert+hubert+wav2vec_sb+cohere,6,whisper_v3,5,1000
seamless_m4t+fastconformer+w2vbert+hubert+wav2vec_sb+cohere,6,whisper_v2,6,1000
seamless_m4t+fastconformer+w2vbert+hubert+wav2vec_sb+cohere,6,fastconformer,2,1000
seamless_m4t+fastconformer+w2vbert+hubert+wav2vec_sb+cohere,6,xlsr,7,1000
seamless_m4t+fastconformer+w2vbert+hubert+wav2vec_sb+cohere,6,w2vbert,8,1000
seamless_m4t+fastconformer+w2vbert+hubert+wav2vec_sb+cohere,6,hubert,3,1000
seamless_m4t+fastconformer+w2vbert+hubert+wav2vec_sb+cohere,6,wav2vec_sb,9,1000
seamless_m4t+fastconformer+w2vbert+hubert+wav2vec_sb+cohere,6,cohere,1,1000
seamless_m4t+xlsr+w2vbert+hubert+wav2vec_sb+cohere,6,seamless_m4t,4,1000
seamless_m4t+xlsr+w2vbert+hubert+wav2vec_sb+cohere,6,whisper_v3,5,1000
seamless_m4t+xlsr+w2vbert+hubert+wav2vec_sb+cohere,6,whisper_v2,6,1000
seamless_m4t+xlsr+w2vbert+hubert+wav2vec_sb+cohere,6,fastconformer,1,1000
seamless_m4t+xlsr+w2vbert+hubert+wav2vec_sb+cohere,6,xlsr,7,1000
seamless_m4t+xlsr+w2vbert+hubert+wav2vec_sb+cohere,6,w2vbert,8,1000
seamless_m4t+xlsr+w2vbert+hubert+wav2vec_sb+cohere,6,hubert,3,1000
seamless_m4t+xlsr+w2vbert+hubert+wav2vec_sb+cohere,6,wav2vec_sb,9,1000
seamless_m4t+xlsr+w2vbert+hubert+wav2vec_sb+cohere,6,cohere,2,1000
whisper_v3+whisper_v2+fastconformer+xlsr+w2vbert+hubert,6,seamless_m4t,3,1000
whisper_v3+whisper_v2+fastconformer+xlsr+w2vbert+hubert,6,whisper_v3,5,1000
whisper_v3+whisper_v2+fastconformer+xlsr+w2vbert+hubert,6,whisper_v2,6,1000
whisper_v3+whisper_v2+fastconformer+xlsr+w2vbert+hubert,6,fastconformer,2,1000
whisper_v3+whisper_v2+fastconformer+xlsr+w2vbert+hubert,6,xlsr,7,1000
whisper_v3+whisper_v2+fastconformer+xlsr+w2vbert+hubert,6,w2vbert,8,1000
whisper_v3+whisper_v2+fastconformer+xlsr+w2vbert+hubert,6,hubert,4,1000
whisper_v3+whisper_v2+fastconformer+xlsr+w2vbert+hubert,6,wav2vec_sb,9,1000
whisper_v3+whisper_v2+fastconformer+xlsr+w2vbert+hubert,6,cohere,1,1000
whisper_v3+whisper_v2+fastconformer+xlsr+w2vbert+wav2vec_sb,6,seamless_m4t,2,279
whisper_v3+whisper_v2+fastconformer+xlsr+w2vbert+wav2vec_sb,6,seamless_m4t,3,703
whisper_v3+whisper_v2+fastconformer+xlsr+w2vbert+wav2vec_sb,6,seamless_m4t,4,18
whisper_v3+whisper_v2+fastconformer+xlsr+w2vbert+wav2vec_sb,6,whisper_v3,5,1000
whisper_v3+whisper_v2+fastconformer+xlsr+w2vbert+wav2vec_sb,6,whisper_v2,6,1000
whisper_v3+whisper_v2+fastconformer+xlsr+w2vbert+wav2vec_sb,6,fastconformer,3,18
whisper_v3+whisper_v2+fastconformer+xlsr+w2vbert+wav2vec_sb,6,fastconformer,4,982
whisper_v3+whisper_v2+fastconformer+xlsr+w2vbert+wav2vec_sb,6,xlsr,7,1000
whisper_v3+whisper_v2+fastconformer+xlsr+w2vbert+wav2vec_sb,6,w2vbert,8,1000
whisper_v3+whisper_v2+fastconformer+xlsr+w2vbert+wav2vec_sb,6,hubert,2,721
whisper_v3+whisper_v2+fastconformer+xlsr+w2vbert+wav2vec_sb,6,hubert,3,279
whisper_v3+whisper_v2+fastconformer+xlsr+w2vbert+wav2vec_sb,6,wav2vec_sb,9,1000
whisper_v3+whisper_v2+fastconformer+xlsr+w2vbert+wav2vec_sb,6,cohere,1,1000
whisper_v3+whisper_v2+fastconformer+xlsr+w2vbert+cohere,6,seamless_m4t,2,1
whisper_v3+whisper_v2+fastconformer+xlsr+w2vbert+cohere,6,seamless_m4t,3,60
whisper_v3+whisper_v2+fastconformer+xlsr+w2vbert+cohere,6,seamless_m4t,4,939
whisper_v3+whisper_v2+fastconformer+xlsr+w2vbert+cohere,6,whisper_v3,5,1000
whisper_v3+whisper_v2+fastconformer+xlsr+w2vbert+cohere,6,whisper_v2,6,1000
whisper_v3+whisper_v2+fastconformer+xlsr+w2vbert+cohere,6,fastconformer,2,951
whisper_v3+whisper_v2+fastconformer+xlsr+w2vbert+cohere,6,fastconformer,3,49
whisper_v3+whisper_v2+fastconformer+xlsr+w2vbert+cohere,6,xlsr,7,1000
whisper_v3+whisper_v2+fastconformer+xlsr+w2vbert+cohere,6,w2vbert,8,1000
whisper_v3+whisper_v2+fastconformer+xlsr+w2vbert+cohere,6,hubert,2,48
whisper_v3+whisper_v2+fastconformer+xlsr+w2vbert+cohere,6,hubert,3,891
whisper_v3+whisper_v2+fastconformer+xlsr+w2vbert+cohere,6,hubert,4,61
whisper_v3+whisper_v2+fastconformer+xlsr+w2vbert+cohere,6,wav2vec_sb,9,1000
whisper_v3+whisper_v2+fastconformer+xlsr+w2vbert+cohere,6,cohere,1,1000
whisper_v3+whisper_v2+fastconformer+xlsr+hubert+wav2vec_sb,6,seamless_m4t,3,1000
whisper_v3+whisper_v2+fastconformer+xlsr+hubert+wav2vec_sb,6,whisper_v3,5,1000
whisper_v3+whisper_v2+fastconformer+xlsr+hubert+wav2vec_sb,6,whisper_v2,6,1000
whisper_v3+whisper_v2+fastconformer+xlsr+hubert+wav2vec_sb,6,fastconformer,2,1000
whisper_v3+whisper_v2+fastconformer+xlsr+hubert+wav2vec_sb,6,xlsr,7,1000
whisper_v3+whisper_v2+fastconformer+xlsr+hubert+wav2vec_sb,6,w2vbert,8,1000
whisper_v3+whisper_v2+fastconformer+xlsr+hubert+wav2vec_sb,6,hubert,4,1000
whisper_v3+whisper_v2+fastconformer+xlsr+hubert+wav2vec_sb,6,wav2vec_sb,9,1000
whisper_v3+whisper_v2+fastconformer+xlsr+hubert+wav2vec_sb,6,cohere,1,1000
whisper_v3+whisper_v2+fastconformer+xlsr+hubert+cohere,6,seamless_m4t,3,962
whisper_v3+whisper_v2+fastconformer+xlsr+hubert+cohere,6,seamless_m4t,4,38
whisper_v3+whisper_v2+fastconformer+xlsr+hubert+cohere,6,whisper_v3,5,1000
whisper_v3+whisper_v2+fastconformer+xlsr+hubert+cohere,6,whisper_v2,6,1000
whisper_v3+whisper_v2+fastconformer+xlsr+hubert+cohere,6,fastconformer,2,1000
whisper_v3+whisper_v2+fastconformer+xlsr+hubert+cohere,6,xlsr,7,1000
whisper_v3+whisper_v2+fastconformer+xlsr+hubert+cohere,6,w2vbert,8,1000
whisper_v3+whisper_v2+fastconformer+xlsr+hubert+cohere,6,hubert,3,38
whisper_v3+whisper_v2+fastconformer+xlsr+hubert+cohere,6,hubert,4,962
whisper_v3+whisper_v2+fastconformer+xlsr+hubert+cohere,6,wav2vec_sb,9,1000
whisper_v3+whisper_v2+fastconformer+xlsr+hubert+cohere,6,cohere,1,1000
whisper_v3+whisper_v2+fastconformer+xlsr+wav2vec_sb+cohere,6,seamless_m4t,2,1
whisper_v3+whisper_v2+fastconformer+xlsr+wav2vec_sb+cohere,6,seamless_m4t,3,47
whisper_v3+whisper_v2+fastconformer+xlsr+wav2vec_sb+cohere,6,seamless_m4t,4,952
whisper_v3+whisper_v2+fastconformer+xlsr+wav2vec_sb+cohere,6,whisper_v3,5,1000
whisper_v3+whisper_v2+fastconformer+xlsr+wav2vec_sb+cohere,6,whisper_v2,6,1000
whisper_v3+whisper_v2+fastconformer+xlsr+wav2vec_sb+cohere,6,fastconformer,2,933
whisper_v3+whisper_v2+fastconformer+xlsr+wav2vec_sb+cohere,6,fastconformer,3,67
whisper_v3+whisper_v2+fastconformer+xlsr+wav2vec_sb+cohere,6,xlsr,7,1000
whisper_v3+whisper_v2+fastconformer+xlsr+wav2vec_sb+cohere,6,w2vbert,8,1000
whisper_v3+whisper_v2+fastconformer+xlsr+wav2vec_sb+cohere,6,hubert,2,66
whisper_v3+whisper_v2+fastconformer+xlsr+wav2vec_sb+cohere,6,hubert,3,886
whisper_v3+whisper_v2+fastconformer+xlsr+wav2vec_sb+cohere,6,hubert,4,48
whisper_v3+whisper_v2+fastconformer+xlsr+wav2vec_sb+cohere,6,wav2vec_sb,9,1000
whisper_v3+whisper_v2+fastconformer+xlsr+wav2vec_sb+cohere,6,cohere,1,1000
whisper_v3+whisper_v2+fastconformer+w2vbert+hubert+wav2vec_sb,6,seamless_m4t,2,17
whisper_v3+whisper_v2+fastconformer+w2vbert+hubert+wav2vec_sb,6,seamless_m4t,3,983
whisper_v3+whisper_v2+fastconformer+w2vbert+hubert+wav2vec_sb,6,whisper_v3,5,1000
whisper_v3+whisper_v2+fastconformer+w2vbert+hubert+wav2vec_sb,6,whisper_v2,6,1000
whisper_v3+whisper_v2+fastconformer+w2vbert+hubert+wav2vec_sb,6,fastconformer,2,983
whisper_v3+whisper_v2+fastconformer+w2vbert+hubert+wav2vec_sb,6,fastconformer,3,17
whisper_v3+whisper_v2+fastconformer+w2vbert+hubert+wav2vec_sb,6,xlsr,7,1000
whisper_v3+whisper_v2+fastconformer+w2vbert+hubert+wav2vec_sb,6,w2vbert,8,1000
whisper_v3+whisper_v2+fastconformer+w2vbert+hubert+wav2vec_sb,6,hubert,4,1000
whisper_v3+whisper_v2+fastconformer+w2vbert+hubert+wav2vec_sb,6,wav2vec_sb,9,1000
whisper_v3+whisper_v2+fastconformer+w2vbert+hubert+wav2vec_sb,6,cohere,1,1000
whisper_v3+whisper_v2+fastconformer+w2vbert+hubert+cohere,6,seamless_m4t,3,965
whisper_v3+whisper_v2+fastconformer+w2vbert+hubert+cohere,6,seamless_m4t,4,35
whisper_v3+whisper_v2+fastconformer+w2vbert+hubert+cohere,6,whisper_v3,5,1000
whisper_v3+whisper_v2+fastconformer+w2vbert+hubert+cohere,6,whisper_v2,6,1000
whisper_v3+whisper_v2+fastconformer+w2vbert+hubert+cohere,6,fastconformer,2,1000
whisper_v3+whisper_v2+fastconformer+w2vbert+hubert+cohere,6,xlsr,7,1000
whisper_v3+whisper_v2+fastconformer+w2vbert+hubert+cohere,6,w2vbert,8,1000
whisper_v3+whisper_v2+fastconformer+w2vbert+hubert+cohere,6,hubert,3,35
whisper_v3+whisper_v2+fastconformer+w2vbert+hubert+cohere,6,hubert,4,965
whisper_v3+whisper_v2+fastconformer+w2vbert+hubert+cohere,6,wav2vec_sb,9,1000
whisper_v3+whisper_v2+fastconformer+w2vbert+hubert+cohere,6,cohere,1,1000
whisper_v3+whisper_v2+fastconformer+w2vbert+wav2vec_sb+cohere,6,seamless_m4t,2,2
whisper_v3+whisper_v2+fastconformer+w2vbert+wav2vec_sb+cohere,6,seamless_m4t,3,122
whisper_v3+whisper_v2+fastconformer+w2vbert+wav2vec_sb+cohere,6,seamless_m4t,4,876
whisper_v3+whisper_v2+fastconformer+w2vbert+wav2vec_sb+cohere,6,whisper_v3,5,1000
whisper_v3+whisper_v2+fastconformer+w2vbert+wav2vec_sb+cohere,6,whisper_v2,6,1000
whisper_v3+whisper_v2+fastconformer+w2vbert+wav2vec_sb+cohere,6,fastconformer,2,927
whisper_v3+whisper_v2+fastconformer+w2vbert+wav2vec_sb+cohere,6,fastconformer,3,73
whisper_v3+whisper_v2+fastconformer+w2vbert+wav2vec_sb+cohere,6,xlsr,7,1000
whisper_v3+whisper_v2+fastconformer+w2vbert+wav2vec_sb+cohere,6,w2vbert,8,1000
whisper_v3+whisper_v2+fastconformer+w2vbert+wav2vec_sb+cohere,6,hubert,2,71
whisper_v3+whisper_v2+fastconformer+w2vbert+wav2vec_sb+cohere,6,hubert,3,805
whisper_v3+whisper_v2+fastconformer+w2vbert+wav2vec_sb+cohere,6,hubert,4,124
whisper_v3+whisper_v2+fastconformer+w2vbert+wav2vec_sb+cohere,6,wav2vec_sb,9,1000
whisper_v3+whisper_v2+fastconformer+w2vbert+wav2vec_sb+cohere,6,cohere,1,1000
whisper_v3+whisper_v2+fastconformer+hubert+wav2vec_sb+cohere,6,seamless_m4t,3,968
whisper_v3+whisper_v2+fastconformer+hubert+wav2vec_sb+cohere,6,seamless_m4t,4,32
whisper_v3+whisper_v2+fastconformer+hubert+wav2vec_sb+cohere,6,whisper_v3,5,1000
whisper_v3+whisper_v2+fastconformer+hubert+wav2vec_sb+cohere,6,whisper_v2,6,1000
whisper_v3+whisper_v2+fastconformer+hubert+wav2vec_sb+cohere,6,fastconformer,2,1000
whisper_v3+whisper_v2+fastconformer+hubert+wav2vec_sb+cohere,6,xlsr,7,1000
whisper_v3+whisper_v2+fastconformer+hubert+wav2vec_sb+cohere,6,w2vbert,8,1000
whisper_v3+whisper_v2+fastconformer+hubert+wav2vec_sb+cohere,6,hubert,3,32
whisper_v3+whisper_v2+fastconformer+hubert+wav2vec_sb+cohere,6,hubert,4,968
whisper_v3+whisper_v2+fastconformer+hubert+wav2vec_sb+cohere,6,wav2vec_sb,9,1000
whisper_v3+whisper_v2+fastconformer+hubert+wav2vec_sb+cohere,6,cohere,1,1000
whisper_v3+whisper_v2+xlsr+w2vbert+hubert+wav2vec_sb,6,seamless_m4t,3,1000
whisper_v3+whisper_v2+xlsr+w2vbert+hubert+wav2vec_sb,6,whisper_v3,4,155
whisper_v3+whisper_v2+xlsr+w2vbert+hubert+wav2vec_sb,6,whisper_v3,5,845
whisper_v3+whisper_v2+xlsr+w2vbert+hubert+wav2vec_sb,6,whisper_v2,6,1000
whisper_v3+whisper_v2+xlsr+w2vbert+hubert+wav2vec_sb,6,fastconformer,2,1000
whisper_v3+whisper_v2+xlsr+w2vbert+hubert+wav2vec_sb,6,xlsr,7,1000
whisper_v3+whisper_v2+xlsr+w2vbert+hubert+wav2vec_sb,6,w2vbert,8,1000
whisper_v3+whisper_v2+xlsr+w2vbert+hubert+wav2vec_sb,6,hubert,4,845
whisper_v3+whisper_v2+xlsr+w2vbert+hubert+wav2vec_sb,6,hubert,5,155
whisper_v3+whisper_v2+xlsr+w2vbert+hubert+wav2vec_sb,6,wav2vec_sb,9,1000
whisper_v3+whisper_v2+xlsr+w2vbert+hubert+wav2vec_sb,6,cohere,1,1000
whisper_v3+whisper_v2+xlsr+w2vbert+hubert+cohere,6,seamless_m4t,3,1000
whisper_v3+whisper_v2+xlsr+w2vbert+hubert+cohere,6,whisper_v3,5,1000
whisper_v3+whisper_v2+xlsr+w2vbert+hubert+cohere,6,whisper_v2,6,1000
whisper_v3+whisper_v2+xlsr+w2vbert+hubert+cohere,6,fastconformer,1,1000
whisper_v3+whisper_v2+xlsr+w2vbert+hubert+cohere,6,xlsr,7,1000
whisper_v3+whisper_v2+xlsr+w2vbert+hubert+cohere,6,w2vbert,8,1000
whisper_v3+whisper_v2+xlsr+w2vbert+hubert+cohere,6,hubert,4,1000
whisper_v3+whisper_v2+xlsr+w2vbert+hubert+cohere,6,wav2vec_sb,9,1000
whisper_v3+whisper_v2+xlsr+w2vbert+hubert+cohere,6,cohere,2,1000
whisper_v3+whisper_v2+xlsr+w2vbert+wav2vec_sb+cohere,6,seamless_m4t,2,37
whisper_v3+whisper_v2+xlsr+w2vbert+wav2vec_sb+cohere,6,seamless_m4t,3,697
whisper_v3+whisper_v2+xlsr+w2vbert+wav2vec_sb+cohere,6,seamless_m4t,4,266
whisper_v3+whisper_v2+xlsr+w2vbert+wav2vec_sb+cohere,6,whisper_v3,5,1000
whisper_v3+whisper_v2+xlsr+w2vbert+wav2vec_sb+cohere,6,whisper_v2,6,1000
whisper_v3+whisper_v2+xlsr+w2vbert+wav2vec_sb+cohere,6,fastconformer,1,1000
whisper_v3+whisper_v2+xlsr+w2vbert+wav2vec_sb+cohere,6,xlsr,7,1000
whisper_v3+whisper_v2+xlsr+w2vbert+wav2vec_sb+cohere,6,w2vbert,8,1000
whisper_v3+whisper_v2+xlsr+w2vbert+wav2vec_sb+cohere,6,hubert,2,2
whisper_v3+whisper_v2+xlsr+w2vbert+wav2vec_sb+cohere,6,hubert,3,264
whisper_v3+whisper_v2+xlsr+w2vbert+wav2vec_sb+cohere,6,hubert,4,734
whisper_v3+whisper_v2+xlsr+w2vbert+wav2vec_sb+cohere,6,wav2vec_sb,9,1000
whisper_v3+whisper_v2+xlsr+w2vbert+wav2vec_sb+cohere,6,cohere,2,961
whisper_v3+whisper_v2+xlsr+w2vbert+wav2vec_sb+cohere,6,cohere,3,39
whisper_v3+whisper_v2+xlsr+hubert+wav2vec_sb+cohere,6,seamless_m4t,3,1000
whisper_v3+whisper_v2+xlsr+hubert+wav2vec_sb+cohere,6,whisper_v3,5,1000
whisper_v3+whisper_v2+xlsr+hubert+wav2vec_sb+cohere,6,whisper_v2,6,1000
whisper_v3+whisper_v2+xlsr+hubert+wav2vec_sb+cohere,6,fastconformer,1,1000
whisper_v3+whisper_v2+xlsr+hubert+wav2vec_sb+cohere,6,xlsr,7,1000
whisper_v3+whisper_v2+xlsr+hubert+wav2vec_sb+cohere,6,w2vbert,8,1000
whisper_v3+whisper_v2+xlsr+hubert+wav2vec_sb+cohere,6,hubert,4,1000
whisper_v3+whisper_v2+xlsr+hubert+wav2vec_sb+cohere,6,wav2vec_sb,9,1000
whisper_v3+whisper_v2+xlsr+hubert+wav2vec_sb+cohere,6,cohere,2,1000
whisper_v3+whisper_v2+w2vbert+hubert+wav2vec_sb+cohere,6,seamless_m4t,3,1000
whisper_v3+whisper_v2+w2vbert+hubert+wav2vec_sb+cohere,6,whisper_v3,5,1000
whisper_v3+whisper_v2+w2vbert+hubert+wav2vec_sb+cohere,6,whisper_v2,6,1000
whisper_v3+whisper_v2+w2vbert+hubert+wav2vec_sb+cohere,6,fastconformer,1,1000
whisper_v3+whisper_v2+w2vbert+hubert+wav2vec_sb+cohere,6,xlsr,7,1000
whisper_v3+whisper_v2+w2vbert+hubert+wav2vec_sb+cohere,6,w2vbert,8,1000
whisper_v3+whisper_v2+w2vbert+hubert+wav2vec_sb+cohere,6,hubert,4,1000
whisper_v3+whisper_v2+w2vbert+hubert+wav2vec_sb+cohere,6,wav2vec_sb,9,1000
whisper_v3+whisper_v2+w2vbert+hubert+wav2vec_sb+cohere,6,cohere,2,1000
whisper_v3+fastconformer+xlsr+w2vbert+hubert+wav2vec_sb,6,seamless_m4t,3,1000
whisper_v3+fastconformer+xlsr+w2vbert+hubert+wav2vec_sb,6,whisper_v3,5,1000
whisper_v3+fastconformer+xlsr+w2vbert+hubert+wav2vec_sb,6,whisper_v2,6,1000
whisper_v3+fastconformer+xlsr+w2vbert+hubert+wav2vec_sb,6,fastconformer,2,1000
whisper_v3+fastconformer+xlsr+w2vbert+hubert+wav2vec_sb,6,xlsr,7,1000
whisper_v3+fastconformer+xlsr+w2vbert+hubert+wav2vec_sb,6,w2vbert,8,1000
whisper_v3+fastconformer+xlsr+w2vbert+hubert+wav2vec_sb,6,hubert,4,1000
whisper_v3+fastconformer+xlsr+w2vbert+hubert+wav2vec_sb,6,wav2vec_sb,9,1000
whisper_v3+fastconformer+xlsr+w2vbert+hubert+wav2vec_sb,6,cohere,1,1000
whisper_v3+fastconformer+xlsr+w2vbert+hubert+cohere,6,seamless_m4t,3,43
whisper_v3+fastconformer+xlsr+w2vbert+hubert+cohere,6,seamless_m4t,4,957
whisper_v3+fastconformer+xlsr+w2vbert+hubert+cohere,6,whisper_v3,5,1000
whisper_v3+fastconformer+xlsr+w2vbert+hubert+cohere,6,whisper_v2,6,1000
whisper_v3+fastconformer+xlsr+w2vbert+hubert+cohere,6,fastconformer,2,1000
whisper_v3+fastconformer+xlsr+w2vbert+hubert+cohere,6,xlsr,7,1000
whisper_v3+fastconformer+xlsr+w2vbert+hubert+cohere,6,w2vbert,8,1000
whisper_v3+fastconformer+xlsr+w2vbert+hubert+cohere,6,hubert,3,957
whisper_v3+fastconformer+xlsr+w2vbert+hubert+cohere,6,hubert,4,43
whisper_v3+fastconformer+xlsr+w2vbert+hubert+cohere,6,wav2vec_sb,9,1000
whisper_v3+fastconformer+xlsr+w2vbert+hubert+cohere,6,cohere,1,1000
whisper_v3+fastconformer+xlsr+w2vbert+wav2vec_sb+cohere,6,seamless_m4t,4,1000
whisper_v3+fastconformer+xlsr+w2vbert+wav2vec_sb+cohere,6,whisper_v3,5,1000
whisper_v3+fastconformer+xlsr+w2vbert+wav2vec_sb+cohere,6,whisper_v2,6,1000
whisper_v3+fastconformer+xlsr+w2vbert+wav2vec_sb+cohere,6,fastconformer,2,986
whisper_v3+fastconformer+xlsr+w2vbert+wav2vec_sb+cohere,6,fastconformer,3,14
whisper_v3+fastconformer+xlsr+w2vbert+wav2vec_sb+cohere,6,xlsr,7,1000
whisper_v3+fastconformer+xlsr+w2vbert+wav2vec_sb+cohere,6,w2vbert,8,1000
whisper_v3+fastconformer+xlsr+w2vbert+wav2vec_sb+cohere,6,hubert,2,14
whisper_v3+fastconformer+xlsr+w2vbert+wav2vec_sb+cohere,6,hubert,3,986
whisper_v3+fastconformer+xlsr+w2vbert+wav2vec_sb+cohere,6,wav2vec_sb,9,1000
whisper_v3+fastconformer+xlsr+w2vbert+wav2vec_sb+cohere,6,cohere,1,1000
whisper_v3+fastconformer+xlsr+hubert+wav2vec_sb+cohere,6,seamless_m4t,3,21
whisper_v3+fastconformer+xlsr+hubert+wav2vec_sb+cohere,6,seamless_m4t,4,979
whisper_v3+fastconformer+xlsr+hubert+wav2vec_sb+cohere,6,whisper_v3,5,1000
whisper_v3+fastconformer+xlsr+hubert+wav2vec_sb+cohere,6,whisper_v2,6,1000
whisper_v3+fastconformer+xlsr+hubert+wav2vec_sb+cohere,6,fastconformer,2,1000
whisper_v3+fastconformer+xlsr+hubert+wav2vec_sb+cohere,6,xlsr,7,1000
whisper_v3+fastconformer+xlsr+hubert+wav2vec_sb+cohere,6,w2vbert,8,1000
whisper_v3+fastconformer+xlsr+hubert+wav2vec_sb+cohere,6,hubert,3,979
whisper_v3+fastconformer+xlsr+hubert+wav2vec_sb+cohere,6,hubert,4,21
whisper_v3+fastconformer+xlsr+hubert+wav2vec_sb+cohere,6,wav2vec_sb,9,1000
whisper_v3+fastconformer+xlsr+hubert+wav2vec_sb+cohere,6,cohere,1,1000
whisper_v3+fastconformer+w2vbert+hubert+wav2vec_sb+cohere,6,seamless_m4t,3,72
whisper_v3+fastconformer+w2vbert+hubert+wav2vec_sb+cohere,6,seamless_m4t,4,928
whisper_v3+fastconformer+w2vbert+hubert+wav2vec_sb+cohere,6,whisper_v3,5,1000
whisper_v3+fastconformer+w2vbert+hubert+wav2vec_sb+cohere,6,whisper_v2,6,1000
whisper_v3+fastconformer+w2vbert+hubert+wav2vec_sb+cohere,6,fastconformer,2,1000
whisper_v3+fastconformer+w2vbert+hubert+wav2vec_sb+cohere,6,xlsr,7,1000
whisper_v3+fastconformer+w2vbert+hubert+wav2vec_sb+cohere,6,w2vbert,8,1000
whisper_v3+fastconformer+w2vbert+hubert+wav2vec_sb+cohere,6,hubert,3,928
whisper_v3+fastconformer+w2vbert+hubert+wav2vec_sb+cohere,6,hubert,4,72
whisper_v3+fastconformer+w2vbert+hubert+wav2vec_sb+cohere,6,wav2vec_sb,9,1000
whisper_v3+fastconformer+w2vbert+hubert+wav2vec_sb+cohere,6,cohere,1,1000
whisper_v3+xlsr+w2vbert+hubert+wav2vec_sb+cohere,6,seamless_m4t,3,1000
whisper_v3+xlsr+w2vbert+hubert+wav2vec_sb+cohere,6,whisper_v3,5,1000
whisper_v3+xlsr+w2vbert+hubert+wav2vec_sb+cohere,6,whisper_v2,6,1000
whisper_v3+xlsr+w2vbert+hubert+wav2vec_sb+cohere,6,fastconformer,1,1000
whisper_v3+xlsr+w2vbert+hubert+wav2vec_sb+cohere,6,xlsr,7,1000
whisper_v3+xlsr+w2vbert+hubert+wav2vec_sb+cohere,6,w2vbert,8,1000
whisper_v3+xlsr+w2vbert+hubert+wav2vec_sb+cohere,6,hubert,4,1000
whisper_v3+xlsr+w2vbert+hubert+wav2vec_sb+cohere,6,wav2vec_sb,9,1000
whisper_v3+xlsr+w2vbert+hubert+wav2vec_sb+cohere,6,cohere,2,1000
whisper_v2+fastconformer+xlsr+w2vbert+hubert+wav2vec_sb,6,seamless_m4t,2,3
whisper_v2+fastconformer+xlsr+w2vbert+hubert+wav2vec_sb,6,seamless_m4t,3,997
whisper_v2+fastconformer+xlsr+w2vbert+hubert+wav2vec_sb,6,whisper_v3,5,1000
whisper_v2+fastconformer+xlsr+w2vbert+hubert+wav2vec_sb,6,whisper_v2,6,1000
whisper_v2+fastconformer+xlsr+w2vbert+hubert+wav2vec_sb,6,fastconformer,2,997
whisper_v2+fastconformer+xlsr+w2vbert+hubert+wav2vec_sb,6,fastconformer,3,3
whisper_v2+fastconformer+xlsr+w2vbert+hubert+wav2vec_sb,6,xlsr,7,1000
whisper_v2+fastconformer+xlsr+w2vbert+hubert+wav2vec_sb,6,w2vbert,8,1000
whisper_v2+fastconformer+xlsr+w2vbert+hubert+wav2vec_sb,6,hubert,4,1000
whisper_v2+fastconformer+xlsr+w2vbert+hubert+wav2vec_sb,6,wav2vec_sb,9,1000
whisper_v2+fastconformer+xlsr+w2vbert+hubert+wav2vec_sb,6,cohere,1,1000
whisper_v2+fastconformer+xlsr+w2vbert+hubert+cohere,6,seamless_m4t,3,23
whisper_v2+fastconformer+xlsr+w2vbert+hubert+cohere,6,seamless_m4t,4,977
whisper_v2+fastconformer+xlsr+w2vbert+hubert+cohere,6,whisper_v3,5,1000
whisper_v2+fastconformer+xlsr+w2vbert+hubert+cohere,6,whisper_v2,6,1000
whisper_v2+fastconformer+xlsr+w2vbert+hubert+cohere,6,fastconformer,2,1000
whisper_v2+fastconformer+xlsr+w2vbert+hubert+cohere,6,xlsr,7,1000
whisper_v2+fastconformer+xlsr+w2vbert+hubert+cohere,6,w2vbert,8,1000
whisper_v2+fastconformer+xlsr+w2vbert+hubert+cohere,6,hubert,3,977
whisper_v2+fastconformer+xlsr+w2vbert+hubert+cohere,6,hubert,4,23
whisper_v2+fastconformer+xlsr+w2vbert+hubert+cohere,6,wav2vec_sb,9,1000
whisper_v2+fastconformer+xlsr+w2vbert+hubert+cohere,6,cohere,1,1000
whisper_v2+fastconformer+xlsr+w2vbert+wav2vec_sb+cohere,6,seamless_m4t,4,1000
whisper_v2+fastconformer+xlsr+w2vbert+wav2vec_sb+cohere,6,whisper_v3,5,1000
whisper_v2+fastconformer+xlsr+w2vbert+wav2vec_sb+cohere,6,whisper_v2,6,1000
whisper_v2+fastconformer+xlsr+w2vbert+wav2vec_sb+cohere,6,fastconformer,2,796
whisper_v2+fastconformer+xlsr+w2vbert+wav2vec_sb+cohere,6,fastconformer,3,204
whisper_v2+fastconformer+xlsr+w2vbert+wav2vec_sb+cohere,6,xlsr,7,1000
whisper_v2+fastconformer+xlsr+w2vbert+wav2vec_sb+cohere,6,w2vbert,8,1000
whisper_v2+fastconformer+xlsr+w2vbert+wav2vec_sb+cohere,6,hubert,2,204
whisper_v2+fastconformer+xlsr+w2vbert+wav2vec_sb+cohere,6,hubert,3,796
whisper_v2+fastconformer+xlsr+w2vbert+wav2vec_sb+cohere,6,wav2vec_sb,9,1000
whisper_v2+fastconformer+xlsr+w2vbert+wav2vec_sb+cohere,6,cohere,1,1000
whisper_v2+fastconformer+xlsr+hubert+wav2vec_sb+cohere,6,seamless_m4t,3,22
whisper_v2+fastconformer+xlsr+hubert+wav2vec_sb+cohere,6,seamless_m4t,4,978
whisper_v2+fastconformer+xlsr+hubert+wav2vec_sb+cohere,6,whisper_v3,5,1000
whisper_v2+fastconformer+xlsr+hubert+wav2vec_sb+cohere,6,whisper_v2,6,1000
whisper_v2+fastconformer+xlsr+hubert+wav2vec_sb+cohere,6,fastconformer,2,1000
whisper_v2+fastconformer+xlsr+hubert+wav2vec_sb+cohere,6,xlsr,7,1000
whisper_v2+fastconformer+xlsr+hubert+wav2vec_sb+cohere,6,w2vbert,8,1000
whisper_v2+fastconformer+xlsr+hubert+wav2vec_sb+cohere,6,hubert,3,978
whisper_v2+fastconformer+xlsr+hubert+wav2vec_sb+cohere,6,hubert,4,22
whisper_v2+fastconformer+xlsr+hubert+wav2vec_sb+cohere,6,wav2vec_sb,9,1000
whisper_v2+fastconformer+xlsr+hubert+wav2vec_sb+cohere,6,cohere,1,1000
whisper_v2+fastconformer+w2vbert+hubert+wav2vec_sb+cohere,6,seamless_m4t,3,95
whisper_v2+fastconformer+w2vbert+hubert+wav2vec_sb+cohere,6,seamless_m4t,4,905
whisper_v2+fastconformer+w2vbert+hubert+wav2vec_sb+cohere,6,whisper_v3,5,1000
whisper_v2+fastconformer+w2vbert+hubert+wav2vec_sb+cohere,6,whisper_v2,6,1000
whisper_v2+fastconformer+w2vbert+hubert+wav2vec_sb+cohere,6,fastconformer,2,1000
whisper_v2+fastconformer+w2vbert+hubert+wav2vec_sb+cohere,6,xlsr,7,1000
whisper_v2+fastconformer+w2vbert+hubert+wav2vec_sb+cohere,6,w2vbert,8,1000
whisper_v2+fastconformer+w2vbert+hubert+wav2vec_sb+cohere,6,hubert,3,905
whisper_v2+fastconformer+w2vbert+hubert+wav2vec_sb+cohere,6,hubert,4,95
whisper_v2+fastconformer+w2vbert+hubert+wav2vec_sb+cohere,6,wav2vec_sb,9,1000
whisper_v2+fastconformer+w2vbert+hubert+wav2vec_sb+cohere,6,cohere,1,1000
whisper_v2+xlsr+w2vbert+hubert+wav2vec_sb+cohere,6,seamless_m4t,3,1000
whisper_v2+xlsr+w2vbert+hubert+wav2vec_sb+cohere,6,whisper_v3,5,1000
whisper_v2+xlsr+w2vbert+hubert+wav2vec_sb+cohere,6,whisper_v2,6,1000
whisper_v2+xlsr+w2vbert+hubert+wav2vec_sb+cohere,6,fastconformer,1,1000
whisper_v2+xlsr+w2vbert+hubert+wav2vec_sb+cohere,6,xlsr,7,1000
whisper_v2+xlsr+w2vbert+hubert+wav2vec_sb+cohere,6,w2vbert,8,1000
whisper_v2+xlsr+w2vbert+hubert+wav2vec_sb+cohere,6,hubert,4,1000
whisper_v2+xlsr+w2vbert+hubert+wav2vec_sb+cohere,6,wav2vec_sb,9,1000
whisper_v2+xlsr+w2vbert+hubert+wav2vec_sb+cohere,6,cohere,2,1000
fastconformer+xlsr+w2vbert+hubert+wav2vec_sb+cohere,6,seamless_m4t,3,1
fastconformer+xlsr+w2vbert+hubert+wav2vec_sb+cohere,6,seamless_m4t,4,999
fastconformer+xlsr+w2vbert+hubert+wav2vec_sb+cohere,6,whisper_v3,5,1000
fastconformer+xlsr+w2vbert+hubert+wav2vec_sb+cohere,6,whisper_v2,6,1000
fastconformer+xlsr+w2vbert+hubert+wav2vec_sb+cohere,6,fastconformer,2,1000
fastconformer+xlsr+w2vbert+hubert+wav2vec_sb+cohere,6,xlsr,7,1000
fastconformer+xlsr+w2vbert+hubert+wav2vec_sb+cohere,6,w2vbert,8,1000
fastconformer+xlsr+w2vbert+hubert+wav2vec_sb+cohere,6,hubert,3,999
fastconformer+xlsr+w2vbert+hubert+wav2vec_sb+cohere,6,hubert,4,1
fastconformer+xlsr+w2vbert+hubert+wav2vec_sb+cohere,6,wav2vec_sb,9,1000
fastconformer+xlsr+w2vbert+hubert+wav2vec_sb+cohere,6,cohere,1,1000
seamless_m4t+whisper_v3+whisper_v2+fastconformer+xlsr+w2vbert+hubert,7,seamless_m4t,3,291
seamless_m4t+whisper_v3+whisper_v2+fastconformer+xlsr+w2vbert+hubert,7,seamless_m4t,4,709
seamless_m4t+whisper_v3+whisper_v2+fastconformer+xlsr+w2vbert+hubert,7,whisper_v3,5,1000
seamless_m4t+whisper_v3+whisper_v2+fastconformer+xlsr+w2vbert+hubert,7,whisper_v2,6,1000
seamless_m4t+whisper_v3+whisper_v2+fastconformer+xlsr+w2vbert+hubert,7,fastconformer,2,1000
seamless_m4t+whisper_v3+whisper_v2+fastconformer+xlsr+w2vbert+hubert,7,xlsr,7,999
seamless_m4t+whisper_v3+whisper_v2+fastconformer+xlsr+w2vbert+hubert,7,xlsr,8,1
seamless_m4t+whisper_v3+whisper_v2+fastconformer+xlsr+w2vbert+hubert,7,w2vbert,7,1
seamless_m4t+whisper_v3+whisper_v2+fastconformer+xlsr+w2vbert+hubert,7,w2vbert,8,999
seamless_m4t+whisper_v3+whisper_v2+fastconformer+xlsr+w2vbert+hubert,7,hubert,3,709
seamless_m4t+whisper_v3+whisper_v2+fastconformer+xlsr+w2vbert+hubert,7,hubert,4,291
seamless_m4t+whisper_v3+whisper_v2+fastconformer+xlsr+w2vbert+hubert,7,wav2vec_sb,9,1000
seamless_m4t+whisper_v3+whisper_v2+fastconformer+xlsr+w2vbert+hubert,7,cohere,1,1000
seamless_m4t+whisper_v3+whisper_v2+fastconformer+xlsr+w2vbert+wav2vec_sb,7,seamless_m4t,4,1000
seamless_m4t+whisper_v3+whisper_v2+fastconformer+xlsr+w2vbert+wav2vec_sb,7,whisper_v3,5,1000
seamless_m4t+whisper_v3+whisper_v2+fastconformer+xlsr+w2vbert+wav2vec_sb,7,whisper_v2,6,1000
seamless_m4t+whisper_v3+whisper_v2+fastconformer+xlsr+w2vbert+wav2vec_sb,7,fastconformer,2,1000
seamless_m4t+whisper_v3+whisper_v2+fastconformer+xlsr+w2vbert+wav2vec_sb,7,xlsr,7,1000
seamless_m4t+whisper_v3+whisper_v2+fastconformer+xlsr+w2vbert+wav2vec_sb,7,w2vbert,8,1000
seamless_m4t+whisper_v3+whisper_v2+fastconformer+xlsr+w2vbert+wav2vec_sb,7,hubert,3,1000
seamless_m4t+whisper_v3+whisper_v2+fastconformer+xlsr+w2vbert+wav2vec_sb,7,wav2vec_sb,9,1000
seamless_m4t+whisper_v3+whisper_v2+fastconformer+xlsr+w2vbert+wav2vec_sb,7,cohere,1,1000
seamless_m4t+whisper_v3+whisper_v2+fastconformer+xlsr+w2vbert+cohere,7,seamless_m4t,4,1000
seamless_m4t+whisper_v3+whisper_v2+fastconformer+xlsr+w2vbert+cohere,7,whisper_v3,5,1000
seamless_m4t+whisper_v3+whisper_v2+fastconformer+xlsr+w2vbert+cohere,7,whisper_v2,6,1000
seamless_m4t+whisper_v3+whisper_v2+fastconformer+xlsr+w2vbert+cohere,7,fastconformer,2,1000
seamless_m4t+whisper_v3+whisper_v2+fastconformer+xlsr+w2vbert+cohere,7,xlsr,7,1000
seamless_m4t+whisper_v3+whisper_v2+fastconformer+xlsr+w2vbert+cohere,7,w2vbert,8,1000
seamless_m4t+whisper_v3+whisper_v2+fastconformer+xlsr+w2vbert+cohere,7,hubert,3,1000
seamless_m4t+whisper_v3+whisper_v2+fastconformer+xlsr+w2vbert+cohere,7,wav2vec_sb,9,1000
seamless_m4t+whisper_v3+whisper_v2+fastconformer+xlsr+w2vbert+cohere,7,cohere,1,1000
seamless_m4t+whisper_v3+whisper_v2+fastconformer+xlsr+hubert+wav2vec_sb,7,seamless_m4t,3,126
seamless_m4t+whisper_v3+whisper_v2+fastconformer+xlsr+hubert+wav2vec_sb,7,seamless_m4t,4,874
seamless_m4t+whisper_v3+whisper_v2+fastconformer+xlsr+hubert+wav2vec_sb,7,whisper_v3,5,1000
seamless_m4t+whisper_v3+whisper_v2+fastconformer+xlsr+hubert+wav2vec_sb,7,whisper_v2,6,1000
seamless_m4t+whisper_v3+whisper_v2+fastconformer+xlsr+hubert+wav2vec_sb,7,fastconformer,2,1000
seamless_m4t+whisper_v3+whisper_v2+fastconformer+xlsr+hubert+wav2vec_sb,7,xlsr,7,1000
seamless_m4t+whisper_v3+whisper_v2+fastconformer+xlsr+hubert+wav2vec_sb,7,w2vbert,8,1000
seamless_m4t+whisper_v3+whisper_v2+fastconformer+xlsr+hubert+wav2vec_sb,7,hubert,3,874
seamless_m4t+whisper_v3+whisper_v2+fastconformer+xlsr+hubert+wav2vec_sb,7,hubert,4,126
seamless_m4t+whisper_v3+whisper_v2+fastconformer+xlsr+hubert+wav2vec_sb,7,wav2vec_sb,9,1000
seamless_m4t+whisper_v3+whisper_v2+fastconformer+xlsr+hubert+wav2vec_sb,7,cohere,1,1000
seamless_m4t+whisper_v3+whisper_v2+fastconformer+xlsr+hubert+cohere,7,seamless_m4t,3,72
seamless_m4t+whisper_v3+whisper_v2+fastconformer+xlsr+hubert+cohere,7,seamless_m4t,4,928
seamless_m4t+whisper_v3+whisper_v2+fastconformer+xlsr+hubert+cohere,7,whisper_v3,5,1000
seamless_m4t+whisper_v3+whisper_v2+fastconformer+xlsr+hubert+cohere,7,whisper_v2,6,1000
seamless_m4t+whisper_v3+whisper_v2+fastconformer+xlsr+hubert+cohere,7,fastconformer,2,1000
seamless_m4t+whisper_v3+whisper_v2+fastconformer+xlsr+hubert+cohere,7,xlsr,7,1000
seamless_m4t+whisper_v3+whisper_v2+fastconformer+xlsr+hubert+cohere,7,w2vbert,8,1000
seamless_m4t+whisper_v3+whisper_v2+fastconformer+xlsr+hubert+cohere,7,hubert,3,928
seamless_m4t+whisper_v3+whisper_v2+fastconformer+xlsr+hubert+cohere,7,hubert,4,72
seamless_m4t+whisper_v3+whisper_v2+fastconformer+xlsr+hubert+cohere,7,wav2vec_sb,9,1000
seamless_m4t+whisper_v3+whisper_v2+fastconformer+xlsr+hubert+cohere,7,cohere,1,1000
seamless_m4t+whisper_v3+whisper_v2+fastconformer+xlsr+wav2vec_sb+cohere,7,seamless_m4t,4,1000
seamless_m4t+whisper_v3+whisper_v2+fastconformer+xlsr+wav2vec_sb+cohere,7,whisper_v3,5,1000
seamless_m4t+whisper_v3+whisper_v2+fastconformer+xlsr+wav2vec_sb+cohere,7,whisper_v2,6,1000
seamless_m4t+whisper_v3+whisper_v2+fastconformer+xlsr+wav2vec_sb+cohere,7,fastconformer,2,1000
seamless_m4t+whisper_v3+whisper_v2+fastconformer+xlsr+wav2vec_sb+cohere,7,xlsr,7,1000
seamless_m4t+whisper_v3+whisper_v2+fastconformer+xlsr+wav2vec_sb+cohere,7,w2vbert,8,1000
seamless_m4t+whisper_v3+whisper_v2+fastconformer+xlsr+wav2vec_sb+cohere,7,hubert,3,1000
seamless_m4t+whisper_v3+whisper_v2+fastconformer+xlsr+wav2vec_sb+cohere,7,wav2vec_sb,9,1000
seamless_m4t+whisper_v3+whisper_v2+fastconformer+xlsr+wav2vec_sb+cohere,7,cohere,1,1000
seamless_m4t+whisper_v3+whisper_v2+fastconformer+w2vbert+hubert+wav2vec_sb,7,seamless_m4t,3,462
seamless_m4t+whisper_v3+whisper_v2+fastconformer+w2vbert+hubert+wav2vec_sb,7,seamless_m4t,4,538
seamless_m4t+whisper_v3+whisper_v2+fastconformer+w2vbert+hubert+wav2vec_sb,7,whisper_v3,5,1000
seamless_m4t+whisper_v3+whisper_v2+fastconformer+w2vbert+hubert+wav2vec_sb,7,whisper_v2,6,1000
seamless_m4t+whisper_v3+whisper_v2+fastconformer+w2vbert+hubert+wav2vec_sb,7,fastconformer,2,1000
seamless_m4t+whisper_v3+whisper_v2+fastconformer+w2vbert+hubert+wav2vec_sb,7,xlsr,7,1000
seamless_m4t+whisper_v3+whisper_v2+fastconformer+w2vbert+hubert+wav2vec_sb,7,w2vbert,8,1000
seamless_m4t+whisper_v3+whisper_v2+fastconformer+w2vbert+hubert+wav2vec_sb,7,hubert,3,538
seamless_m4t+whisper_v3+whisper_v2+fastconformer+w2vbert+hubert+wav2vec_sb,7,hubert,4,462
seamless_m4t+whisper_v3+whisper_v2+fastconformer+w2vbert+hubert+wav2vec_sb,7,wav2vec_sb,9,1000
seamless_m4t+whisper_v3+whisper_v2+fastconformer+w2vbert+hubert+wav2vec_sb,7,cohere,1,1000
seamless_m4t+whisper_v3+whisper_v2+fastconformer+w2vbert+hubert+cohere,7,seamless_m4t,3,159
seamless_m4t+whisper_v3+whisper_v2+fastconformer+w2vbert+hubert+cohere,7,seamless_m4t,4,841
seamless_m4t+whisper_v3+whisper_v2+fastconformer+w2vbert+hubert+cohere,7,whisper_v3,5,1000
seamless_m4t+whisper_v3+whisper_v2+fastconformer+w2vbert+hubert+cohere,7,whisper_v2,6,1000
seamless_m4t+whisper_v3+whisper_v2+fastconformer+w2vbert+hubert+cohere,7,fastconformer,2,1000
seamless_m4t+whisper_v3+whisper_v2+fastconformer+w2vbert+hubert+cohere,7,xlsr,7,1000
seamless_m4t+whisper_v3+whisper_v2+fastconformer+w2vbert+hubert+cohere,7,w2vbert,8,1000
seamless_m4t+whisper_v3+whisper_v2+fastconformer+w2vbert+hubert+cohere,7,hubert,3,841
seamless_m4t+whisper_v3+whisper_v2+fastconformer+w2vbert+hubert+cohere,7,hubert,4,159
seamless_m4t+whisper_v3+whisper_v2+fastconformer+w2vbert+hubert+cohere,7,wav2vec_sb,9,1000
seamless_m4t+whisper_v3+whisper_v2+fastconformer+w2vbert+hubert+cohere,7,cohere,1,1000
seamless_m4t+whisper_v3+whisper_v2+fastconformer+w2vbert+wav2vec_sb+cohere,7,seamless_m4t,4,1000
seamless_m4t+whisper_v3+whisper_v2+fastconformer+w2vbert+wav2vec_sb+cohere,7,whisper_v3,5,1000
seamless_m4t+whisper_v3+whisper_v2+fastconformer+w2vbert+wav2vec_sb+cohere,7,whisper_v2,6,1000
seamless_m4t+whisper_v3+whisper_v2+fastconformer+w2vbert+wav2vec_sb+cohere,7,fastconformer,2,1000
seamless_m4t+whisper_v3+whisper_v2+fastconformer+w2vbert+wav2vec_sb+cohere,7,xlsr,7,1000
seamless_m4t+whisper_v3+whisper_v2+fastconformer+w2vbert+wav2vec_sb+cohere,7,w2vbert,8,1000
seamless_m4t+whisper_v3+whisper_v2+fastconformer+w2vbert+wav2vec_sb+cohere,7,hubert,3,1000
seamless_m4t+whisper_v3+whisper_v2+fastconformer+w2vbert+wav2vec_sb+cohere,7,wav2vec_sb,9,1000
seamless_m4t+whisper_v3+whisper_v2+fastconformer+w2vbert+wav2vec_sb+cohere,7,cohere,1,1000
seamless_m4t+whisper_v3+whisper_v2+fastconformer+hubert+wav2vec_sb+cohere,7,seamless_m4t,3,129
seamless_m4t+whisper_v3+whisper_v2+fastconformer+hubert+wav2vec_sb+cohere,7,seamless_m4t,4,871
seamless_m4t+whisper_v3+whisper_v2+fastconformer+hubert+wav2vec_sb+cohere,7,whisper_v3,5,1000
seamless_m4t+whisper_v3+whisper_v2+fastconformer+hubert+wav2vec_sb+cohere,7,whisper_v2,6,1000
seamless_m4t+whisper_v3+whisper_v2+fastconformer+hubert+wav2vec_sb+cohere,7,fastconformer,2,1000
seamless_m4t+whisper_v3+whisper_v2+fastconformer+hubert+wav2vec_sb+cohere,7,xlsr,7,1000
seamless_m4t+whisper_v3+whisper_v2+fastconformer+hubert+wav2vec_sb+cohere,7,w2vbert,8,1000
seamless_m4t+whisper_v3+whisper_v2+fastconformer+hubert+wav2vec_sb+cohere,7,hubert,3,871
seamless_m4t+whisper_v3+whisper_v2+fastconformer+hubert+wav2vec_sb+cohere,7,hubert,4,129
seamless_m4t+whisper_v3+whisper_v2+fastconformer+hubert+wav2vec_sb+cohere,7,wav2vec_sb,9,1000
seamless_m4t+whisper_v3+whisper_v2+fastconformer+hubert+wav2vec_sb+cohere,7,cohere,1,1000
seamless_m4t+whisper_v3+whisper_v2+xlsr+w2vbert+hubert+wav2vec_sb,7,seamless_m4t,3,685
seamless_m4t+whisper_v3+whisper_v2+xlsr+w2vbert+hubert+wav2vec_sb,7,seamless_m4t,4,315
seamless_m4t+whisper_v3+whisper_v2+xlsr+w2vbert+hubert+wav2vec_sb,7,whisper_v3,5,1000
seamless_m4t+whisper_v3+whisper_v2+xlsr+w2vbert+hubert+wav2vec_sb,7,whisper_v2,6,1000
seamless_m4t+whisper_v3+whisper_v2+xlsr+w2vbert+hubert+wav2vec_sb,7,fastconformer,2,1000
seamless_m4t+whisper_v3+whisper_v2+xlsr+w2vbert+hubert+wav2vec_sb,7,xlsr,7,1000
seamless_m4t+whisper_v3+whisper_v2+xlsr+w2vbert+hubert+wav2vec_sb,7,w2vbert,8,1000
seamless_m4t+whisper_v3+whisper_v2+xlsr+w2vbert+hubert+wav2vec_sb,7,hubert,3,315
seamless_m4t+whisper_v3+whisper_v2+xlsr+w2vbert+hubert+wav2vec_sb,7,hubert,4,685
seamless_m4t+whisper_v3+whisper_v2+xlsr+w2vbert+hubert+wav2vec_sb,7,wav2vec_sb,9,1000
seamless_m4t+whisper_v3+whisper_v2+xlsr+w2vbert+hubert+wav2vec_sb,7,cohere,1,1000
seamless_m4t+whisper_v3+whisper_v2+xlsr+w2vbert+hubert+cohere,7,seamless_m4t,3,716
seamless_m4t+whisper_v3+whisper_v2+xlsr+w2vbert+hubert+cohere,7,seamless_m4t,4,284
seamless_m4t+whisper_v3+whisper_v2+xlsr+w2vbert+hubert+cohere,7,whisper_v3,5,1000
seamless_m4t+whisper_v3+whisper_v2+xlsr+w2vbert+hubert+cohere,7,whisper_v2,6,1000
seamless_m4t+whisper_v3+whisper_v2+xlsr+w2vbert+hubert+cohere,7,fastconformer,1,85
seamless_m4t+whisper_v3+whisper_v2+xlsr+w2vbert+hubert+cohere,7,fastconformer,2,915
seamless_m4t+whisper_v3+whisper_v2+xlsr+w2vbert+hubert+cohere,7,xlsr,7,1000
seamless_m4t+whisper_v3+whisper_v2+xlsr+w2vbert+hubert+cohere,7,w2vbert,8,1000
seamless_m4t+whisper_v3+whisper_v2+xlsr+w2vbert+hubert+cohere,7,hubert,3,284
seamless_m4t+whisper_v3+whisper_v2+xlsr+w2vbert+hubert+cohere,7,hubert,4,716
seamless_m4t+whisper_v3+whisper_v2+xlsr+w2vbert+hubert+cohere,7,wav2vec_sb,9,1000
seamless_m4t+whisper_v3+whisper_v2+xlsr+w2vbert+hubert+cohere,7,cohere,1,915
seamless_m4t+whisper_v3+whisper_v2+xlsr+w2vbert+hubert+cohere,7,cohere,2,85
seamless_m4t+whisper_v3+whisper_v2+xlsr+w2vbert+wav2vec_sb+cohere,7,seamless_m4t,4,1000
seamless_m4t+whisper_v3+whisper_v2+xlsr+w2vbert+wav2vec_sb+cohere,7,whisper_v3,5,1000
seamless_m4t+whisper_v3+whisper_v2+xlsr+w2vbert+wav2vec_sb+cohere,7,whisper_v2,6,1000
seamless_m4t+whisper_v3+whisper_v2+xlsr+w2vbert+wav2vec_sb+cohere,7,fastconformer,1,999
seamless_m4t+whisper_v3+whisper_v2+xlsr+w2vbert+wav2vec_sb+cohere,7,fastconformer,2,1
seamless_m4t+whisper_v3+whisper_v2+xlsr+w2vbert+wav2vec_sb+cohere,7,xlsr,7,1000
seamless_m4t+whisper_v3+whisper_v2+xlsr+w2vbert+wav2vec_sb+cohere,7,w2vbert,8,1000
seamless_m4t+whisper_v3+whisper_v2+xlsr+w2vbert+wav2vec_sb+cohere,7,hubert,3,1000
seamless_m4t+whisper_v3+whisper_v2+xlsr+w2vbert+wav2vec_sb+cohere,7,wav2vec_sb,9,1000
seamless_m4t+whisper_v3+whisper_v2+xlsr+w2vbert+wav2vec_sb+cohere,7,cohere,1,1
seamless_m4t+whisper_v3+whisper_v2+xlsr+w2vbert+wav2vec_sb+cohere,7,cohere,2,999
seamless_m4t+whisper_v3+whisper_v2+xlsr+hubert+wav2vec_sb+cohere,7,seamless_m4t,3,666
seamless_m4t+whisper_v3+whisper_v2+xlsr+hubert+wav2vec_sb+cohere,7,seamless_m4t,4,334
seamless_m4t+whisper_v3+whisper_v2+xlsr+hubert+wav2vec_sb+cohere,7,whisper_v3,5,1000
seamless_m4t+whisper_v3+whisper_v2+xlsr+hubert+wav2vec_sb+cohere,7,whisper_v2,6,1000
seamless_m4t+whisper_v3+whisper_v2+xlsr+hubert+wav2vec_sb+cohere,7,fastconformer,1,405
seamless_m4t+whisper_v3+whisper_v2+xlsr+hubert+wav2vec_sb+cohere,7,fastconformer,2,595
seamless_m4t+whisper_v3+whisper_v2+xlsr+hubert+wav2vec_sb+cohere,7,xlsr,7,1000
seamless_m4t+whisper_v3+whisper_v2+xlsr+hubert+wav2vec_sb+cohere,7,w2vbert,8,1000
seamless_m4t+whisper_v3+whisper_v2+xlsr+hubert+wav2vec_sb+cohere,7,hubert,3,334
seamless_m4t+whisper_v3+whisper_v2+xlsr+hubert+wav2vec_sb+cohere,7,hubert,4,666
seamless_m4t+whisper_v3+whisper_v2+xlsr+hubert+wav2vec_sb+cohere,7,wav2vec_sb,9,1000
seamless_m4t+whisper_v3+whisper_v2+xlsr+hubert+wav2vec_sb+cohere,7,cohere,1,595
seamless_m4t+whisper_v3+whisper_v2+xlsr+hubert+wav2vec_sb+cohere,7,cohere,2,405
seamless_m4t+whisper_v3+whisper_v2+w2vbert+hubert+wav2vec_sb+cohere,7,seamless_m4t,3,842
seamless_m4t+whisper_v3+whisper_v2+w2vbert+hubert+wav2vec_sb+cohere,7,seamless_m4t,4,158
seamless_m4t+whisper_v3+whisper_v2+w2vbert+hubert+wav2vec_sb+cohere,7,whisper_v3,5,1000
seamless_m4t+whisper_v3+whisper_v2+w2vbert+hubert+wav2vec_sb+cohere,7,whisper_v2,6,1000
seamless_m4t+whisper_v3+whisper_v2+w2vbert+hubert+wav2vec_sb+cohere,7,fastconformer,1,37
seamless_m4t+whisper_v3+whisper_v2+w2vbert+hubert+wav2vec_sb+cohere,7,fastconformer,2,963
seamless_m4t+whisper_v3+whisper_v2+w2vbert+hubert+wav2vec_sb+cohere,7,xlsr,7,1000
seamless_m4t+whisper_v3+whisper_v2+w2vbert+hubert+wav2vec_sb+cohere,7,w2vbert,8,1000
seamless_m4t+whisper_v3+whisper_v2+w2vbert+hubert+wav2vec_sb+cohere,7,hubert,3,158
seamless_m4t+whisper_v3+whisper_v2+w2vbert+hubert+wav2vec_sb+cohere,7,hubert,4,842
seamless_m4t+whisper_v3+whisper_v2+w2vbert+hubert+wav2vec_sb+cohere,7,wav2vec_sb,9,1000
seamless_m4t+whisper_v3+whisper_v2+w2vbert+hubert+wav2vec_sb+cohere,7,cohere,1,963
seamless_m4t+whisper_v3+whisper_v2+w2vbert+hubert+wav2vec_sb+cohere,7,cohere,2,37
seamless_m4t+whisper_v3+fastconformer+xlsr+w2vbert+hubert+wav2vec_sb,7,seamless_m4t,3,1
seamless_m4t+whisper_v3+fastconformer+xlsr+w2vbert+hubert+wav2vec_sb,7,seamless_m4t,4,999
seamless_m4t+whisper_v3+fastconformer+xlsr+w2vbert+hubert+wav2vec_sb,7,whisper_v3,5,1000
seamless_m4t+whisper_v3+fastconformer+xlsr+w2vbert+hubert+wav2vec_sb,7,whisper_v2,6,1000
seamless_m4t+whisper_v3+fastconformer+xlsr+w2vbert+hubert+wav2vec_sb,7,fastconformer,2,1000
seamless_m4t+whisper_v3+fastconformer+xlsr+w2vbert+hubert+wav2vec_sb,7,xlsr,7,1000
seamless_m4t+whisper_v3+fastconformer+xlsr+w2vbert+hubert+wav2vec_sb,7,w2vbert,8,1000
seamless_m4t+whisper_v3+fastconformer+xlsr+w2vbert+hubert+wav2vec_sb,7,hubert,3,999
seamless_m4t+whisper_v3+fastconformer+xlsr+w2vbert+hubert+wav2vec_sb,7,hubert,4,1
seamless_m4t+whisper_v3+fastconformer+xlsr+w2vbert+hubert+wav2vec_sb,7,wav2vec_sb,9,1000
seamless_m4t+whisper_v3+fastconformer+xlsr+w2vbert+hubert+wav2vec_sb,7,cohere,1,1000
seamless_m4t+whisper_v3+fastconformer+xlsr+w2vbert+hubert+cohere,7,seamless_m4t,4,1000
seamless_m4t+whisper_v3+fastconformer+xlsr+w2vbert+hubert+cohere,7,whisper_v3,5,1000
seamless_m4t+whisper_v3+fastconformer+xlsr+w2vbert+hubert+cohere,7,whisper_v2,6,1000
seamless_m4t+whisper_v3+fastconformer+xlsr+w2vbert+hubert+cohere,7,fastconformer,2,1000
seamless_m4t+whisper_v3+fastconformer+xlsr+w2vbert+hubert+cohere,7,xlsr,7,1000
seamless_m4t+whisper_v3+fastconformer+xlsr+w2vbert+hubert+cohere,7,w2vbert,8,1000
seamless_m4t+whisper_v3+fastconformer+xlsr+w2vbert+hubert+cohere,7,hubert,3,1000
seamless_m4t+whisper_v3+fastconformer+xlsr+w2vbert+hubert+cohere,7,wav2vec_sb,9,1000
seamless_m4t+whisper_v3+fastconformer+xlsr+w2vbert+hubert+cohere,7,cohere,1,1000
seamless_m4t+whisper_v3+fastconformer+xlsr+w2vbert+wav2vec_sb+cohere,7,seamless_m4t,4,1000
seamless_m4t+whisper_v3+fastconformer+xlsr+w2vbert+wav2vec_sb+cohere,7,whisper_v3,5,1000
seamless_m4t+whisper_v3+fastconformer+xlsr+w2vbert+wav2vec_sb+cohere,7,whisper_v2,6,1000
seamless_m4t+whisper_v3+fastconformer+xlsr+w2vbert+wav2vec_sb+cohere,7,fastconformer,2,1000
seamless_m4t+whisper_v3+fastconformer+xlsr+w2vbert+wav2vec_sb+cohere,7,xlsr,7,1000
seamless_m4t+whisper_v3+fastconformer+xlsr+w2vbert+wav2vec_sb+cohere,7,w2vbert,8,1000
seamless_m4t+whisper_v3+fastconformer+xlsr+w2vbert+wav2vec_sb+cohere,7,hubert,3,1000
seamless_m4t+whisper_v3+fastconformer+xlsr+w2vbert+wav2vec_sb+cohere,7,wav2vec_sb,9,1000
seamless_m4t+whisper_v3+fastconformer+xlsr+w2vbert+wav2vec_sb+cohere,7,cohere,1,1000
seamless_m4t+whisper_v3+fastconformer+xlsr+hubert+wav2vec_sb+cohere,7,seamless_m4t,4,1000
seamless_m4t+whisper_v3+fastconformer+xlsr+hubert+wav2vec_sb+cohere,7,whisper_v3,5,1000
seamless_m4t+whisper_v3+fastconformer+xlsr+hubert+wav2vec_sb+cohere,7,whisper_v2,6,1000
seamless_m4t+whisper_v3+fastconformer+xlsr+hubert+wav2vec_sb+cohere,7,fastconformer,2,1000
seamless_m4t+whisper_v3+fastconformer+xlsr+hubert+wav2vec_sb+cohere,7,xlsr,7,1000
seamless_m4t+whisper_v3+fastconformer+xlsr+hubert+wav2vec_sb+cohere,7,w2vbert,8,1000
seamless_m4t+whisper_v3+fastconformer+xlsr+hubert+wav2vec_sb+cohere,7,hubert,3,1000
seamless_m4t+whisper_v3+fastconformer+xlsr+hubert+wav2vec_sb+cohere,7,wav2vec_sb,9,1000
seamless_m4t+whisper_v3+fastconformer+xlsr+hubert+wav2vec_sb+cohere,7,cohere,1,1000
seamless_m4t+whisper_v3+fastconformer+w2vbert+hubert+wav2vec_sb+cohere,7,seamless_m4t,4,1000
seamless_m4t+whisper_v3+fastconformer+w2vbert+hubert+wav2vec_sb+cohere,7,whisper_v3,5,1000
seamless_m4t+whisper_v3+fastconformer+w2vbert+hubert+wav2vec_sb+cohere,7,whisper_v2,6,1000
seamless_m4t+whisper_v3+fastconformer+w2vbert+hubert+wav2vec_sb+cohere,7,fastconformer,2,1000
seamless_m4t+whisper_v3+fastconformer+w2vbert+hubert+wav2vec_sb+cohere,7,xlsr,7,1000
seamless_m4t+whisper_v3+fastconformer+w2vbert+hubert+wav2vec_sb+cohere,7,w2vbert,8,1000
seamless_m4t+whisper_v3+fastconformer+w2vbert+hubert+wav2vec_sb+cohere,7,hubert,3,1000
seamless_m4t+whisper_v3+fastconformer+w2vbert+hubert+wav2vec_sb+cohere,7,wav2vec_sb,9,1000
seamless_m4t+whisper_v3+fastconformer+w2vbert+hubert+wav2vec_sb+cohere,7,cohere,1,1000
seamless_m4t+whisper_v3+xlsr+w2vbert+hubert+wav2vec_sb+cohere,7,seamless_m4t,3,13
seamless_m4t+whisper_v3+xlsr+w2vbert+hubert+wav2vec_sb+cohere,7,seamless_m4t,4,987
seamless_m4t+whisper_v3+xlsr+w2vbert+hubert+wav2vec_sb+cohere,7,whisper_v3,5,1000
seamless_m4t+whisper_v3+xlsr+w2vbert+hubert+wav2vec_sb+cohere,7,whisper_v2,6,1000
seamless_m4t+whisper_v3+xlsr+w2vbert+hubert+wav2vec_sb+cohere,7,fastconformer,1,223
seamless_m4t+whisper_v3+xlsr+w2vbert+hubert+wav2vec_sb+cohere,7,fastconformer,2,777
seamless_m4t+whisper_v3+xlsr+w2vbert+hubert+wav2vec_sb+cohere,7,xlsr,7,1000
seamless_m4t+whisper_v3+xlsr+w2vbert+hubert+wav2vec_sb+cohere,7,w2vbert,8,1000
seamless_m4t+whisper_v3+xlsr+w2vbert+hubert+wav2vec_sb+cohere,7,hubert,3,987
seamless_m4t+whisper_v3+xlsr+w2vbert+hubert+wav2vec_sb+cohere,7,hubert,4,13
seamless_m4t+whisper_v3+xlsr+w2vbert+hubert+wav2vec_sb+cohere,7,wav2vec_sb,9,1000
seamless_m4t+whisper_v3+xlsr+w2vbert+hubert+wav2vec_sb+cohere,7,cohere,1,777
seamless_m4t+whisper_v3+xlsr+w2vbert+hubert+wav2vec_sb+cohere,7,cohere,2,223
seamless_m4t+whisper_v2+fastconformer+xlsr+w2vbert+hubert+wav2vec_sb,7,seamless_m4t,4,1000
seamless_m4t+whisper_v2+fastconformer+xlsr+w2vbert+hubert+wav2vec_sb,7,whisper_v3,5,1000
seamless_m4t+whisper_v2+fastconformer+xlsr+w2vbert+hubert+wav2vec_sb,7,whisper_v2,6,1000
seamless_m4t+whisper_v2+fastconformer+xlsr+w2vbert+hubert+wav2vec_sb,7,fastconformer,2,1000
seamless_m4t+whisper_v2+fastconformer+xlsr+w2vbert+hubert+wav2vec_sb,7,xlsr,7,1000
seamless_m4t+whisper_v2+fastconformer+xlsr+w2vbert+hubert+wav2vec_sb,7,w2vbert,8,1000
seamless_m4t+whisper_v2+fastconformer+xlsr+w2vbert+hubert+wav2vec_sb,7,hubert,3,1000
seamless_m4t+whisper_v2+fastconformer+xlsr+w2vbert+hubert+wav2vec_sb,7,wav2vec_sb,9,1000
seamless_m4t+whisper_v2+fastconformer+xlsr+w2vbert+hubert+wav2vec_sb,7,cohere,1,1000
seamless_m4t+whisper_v2+fastconformer+xlsr+w2vbert+hubert+cohere,7,seamless_m4t,4,1000
seamless_m4t+whisper_v2+fastconformer+xlsr+w2vbert+hubert+cohere,7,whisper_v3,5,1000
seamless_m4t+whisper_v2+fastconformer+xlsr+w2vbert+hubert+cohere,7,whisper_v2,6,1000
seamless_m4t+whisper_v2+fastconformer+xlsr+w2vbert+hubert+cohere,7,fastconformer,2,1000
seamless_m4t+whisper_v2+fastconformer+xlsr+w2vbert+hubert+cohere,7,xlsr,7,1000
seamless_m4t+whisper_v2+fastconformer+xlsr+w2vbert+hubert+cohere,7,w2vbert,8,1000
seamless_m4t+whisper_v2+fastconformer+xlsr+w2vbert+hubert+cohere,7,hubert,3,1000
seamless_m4t+whisper_v2+fastconformer+xlsr+w2vbert+hubert+cohere,7,wav2vec_sb,9,1000
seamless_m4t+whisper_v2+fastconformer+xlsr+w2vbert+hubert+cohere,7,cohere,1,1000
seamless_m4t+whisper_v2+fastconformer+xlsr+w2vbert+wav2vec_sb+cohere,7,seamless_m4t,4,1000
seamless_m4t+whisper_v2+fastconformer+xlsr+w2vbert+wav2vec_sb+cohere,7,whisper_v3,5,1000
seamless_m4t+whisper_v2+fastconformer+xlsr+w2vbert+wav2vec_sb+cohere,7,whisper_v2,6,1000
seamless_m4t+whisper_v2+fastconformer+xlsr+w2vbert+wav2vec_sb+cohere,7,fastconformer,2,1000
seamless_m4t+whisper_v2+fastconformer+xlsr+w2vbert+wav2vec_sb+cohere,7,xlsr,7,1000
seamless_m4t+whisper_v2+fastconformer+xlsr+w2vbert+wav2vec_sb+cohere,7,w2vbert,8,1000
seamless_m4t+whisper_v2+fastconformer+xlsr+w2vbert+wav2vec_sb+cohere,7,hubert,3,1000
seamless_m4t+whisper_v2+fastconformer+xlsr+w2vbert+wav2vec_sb+cohere,7,wav2vec_sb,9,1000
seamless_m4t+whisper_v2+fastconformer+xlsr+w2vbert+wav2vec_sb+cohere,7,cohere,1,1000
seamless_m4t+whisper_v2+fastconformer+xlsr+hubert+wav2vec_sb+cohere,7,seamless_m4t,4,1000
seamless_m4t+whisper_v2+fastconformer+xlsr+hubert+wav2vec_sb+cohere,7,whisper_v3,5,1000
seamless_m4t+whisper_v2+fastconformer+xlsr+hubert+wav2vec_sb+cohere,7,whisper_v2,6,1000
seamless_m4t+whisper_v2+fastconformer+xlsr+hubert+wav2vec_sb+cohere,7,fastconformer,2,1000
seamless_m4t+whisper_v2+fastconformer+xlsr+hubert+wav2vec_sb+cohere,7,xlsr,7,1000
seamless_m4t+whisper_v2+fastconformer+xlsr+hubert+wav2vec_sb+cohere,7,w2vbert,8,1000
seamless_m4t+whisper_v2+fastconformer+xlsr+hubert+wav2vec_sb+cohere,7,hubert,3,1000
seamless_m4t+whisper_v2+fastconformer+xlsr+hubert+wav2vec_sb+cohere,7,wav2vec_sb,9,1000
seamless_m4t+whisper_v2+fastconformer+xlsr+hubert+wav2vec_sb+cohere,7,cohere,1,1000
seamless_m4t+whisper_v2+fastconformer+w2vbert+hubert+wav2vec_sb+cohere,7,seamless_m4t,4,1000
seamless_m4t+whisper_v2+fastconformer+w2vbert+hubert+wav2vec_sb+cohere,7,whisper_v3,5,1000
seamless_m4t+whisper_v2+fastconformer+w2vbert+hubert+wav2vec_sb+cohere,7,whisper_v2,6,1000
seamless_m4t+whisper_v2+fastconformer+w2vbert+hubert+wav2vec_sb+cohere,7,fastconformer,2,1000
seamless_m4t+whisper_v2+fastconformer+w2vbert+hubert+wav2vec_sb+cohere,7,xlsr,7,1000
seamless_m4t+whisper_v2+fastconformer+w2vbert+hubert+wav2vec_sb+cohere,7,w2vbert,8,1000
seamless_m4t+whisper_v2+fastconformer+w2vbert+hubert+wav2vec_sb+cohere,7,hubert,3,1000
seamless_m4t+whisper_v2+fastconformer+w2vbert+hubert+wav2vec_sb+cohere,7,wav2vec_sb,9,1000
seamless_m4t+whisper_v2+fastconformer+w2vbert+hubert+wav2vec_sb+cohere,7,cohere,1,1000
seamless_m4t+whisper_v2+xlsr+w2vbert+hubert+wav2vec_sb+cohere,7,seamless_m4t,3,5
seamless_m4t+whisper_v2+xlsr+w2vbert+hubert+wav2vec_sb+cohere,7,seamless_m4t,4,995
seamless_m4t+whisper_v2+xlsr+w2vbert+hubert+wav2vec_sb+cohere,7,whisper_v3,5,1000
seamless_m4t+whisper_v2+xlsr+w2vbert+hubert+wav2vec_sb+cohere,7,whisper_v2,6,1000
seamless_m4t+whisper_v2+xlsr+w2vbert+hubert+wav2vec_sb+cohere,7,fastconformer,1,411
seamless_m4t+whisper_v2+xlsr+w2vbert+hubert+wav2vec_sb+cohere,7,fastconformer,2,589
seamless_m4t+whisper_v2+xlsr+w2vbert+hubert+wav2vec_sb+cohere,7,xlsr,7,1000
seamless_m4t+whisper_v2+xlsr+w2vbert+hubert+wav2vec_sb+cohere,7,w2vbert,8,1000
seamless_m4t+whisper_v2+xlsr+w2vbert+hubert+wav2vec_sb+cohere,7,hubert,3,995
seamless_m4t+whisper_v2+xlsr+w2vbert+hubert+wav2vec_sb+cohere,7,hubert,4,5
seamless_m4t+whisper_v2+xlsr+w2vbert+hubert+wav2vec_sb+cohere,7,wav2vec_sb,9,1000
seamless_m4t+whisper_v2+xlsr+w2vbert+hubert+wav2vec_sb+cohere,7,cohere,1,589
seamless_m4t+whisper_v2+xlsr+w2vbert+hubert+wav2vec_sb+cohere,7,cohere,2,411
seamless_m4t+fastconformer+xlsr+w2vbert+hubert+wav2vec_sb+cohere,7,seamless_m4t,4,1000
seamless_m4t+fastconformer+xlsr+w2vbert+hubert+wav2vec_sb+cohere,7,whisper_v3,5,1000
seamless_m4t+fastconformer+xlsr+w2vbert+hubert+wav2vec_sb+cohere,7,whisper_v2,6,1000
seamless_m4t+fastconformer+xlsr+w2vbert+hubert+wav2vec_sb+cohere,7,fastconformer,2,1000
seamless_m4t+fastconformer+xlsr+w2vbert+hubert+wav2vec_sb+cohere,7,xlsr,7,1000
seamless_m4t+fastconformer+xlsr+w2vbert+hubert+wav2vec_sb+cohere,7,w2vbert,8,1000
seamless_m4t+fastconformer+xlsr+w2vbert+hubert+wav2vec_sb+cohere,7,hubert,3,1000
seamless_m4t+fastconformer+xlsr+w2vbert+hubert+wav2vec_sb+cohere,7,wav2vec_sb,9,1000
seamless_m4t+fastconformer+xlsr+w2vbert+hubert+wav2vec_sb+cohere,7,cohere,1,1000
whisper_v3+whisper_v2+fastconformer+xlsr+w2vbert+hubert+wav2vec_sb,7,seamless_m4t,3,1000
whisper_v3+whisper_v2+fastconformer+xlsr+w2vbert+hubert+wav2vec_sb,7,whisper_v3,5,1000
whisper_v3+whisper_v2+fastconformer+xlsr+w2vbert+hubert+wav2vec_sb,7,whisper_v2,6,1000
whisper_v3+whisper_v2+fastconformer+xlsr+w2vbert+hubert+wav2vec_sb,7,fastconformer,2,1000
whisper_v3+whisper_v2+fastconformer+xlsr+w2vbert+hubert+wav2vec_sb,7,xlsr,7,1000
whisper_v3+whisper_v2+fastconformer+xlsr+w2vbert+hubert+wav2vec_sb,7,w2vbert,8,1000
whisper_v3+whisper_v2+fastconformer+xlsr+w2vbert+hubert+wav2vec_sb,7,hubert,4,1000
whisper_v3+whisper_v2+fastconformer+xlsr+w2vbert+hubert+wav2vec_sb,7,wav2vec_sb,9,1000
whisper_v3+whisper_v2+fastconformer+xlsr+w2vbert+hubert+wav2vec_sb,7,cohere,1,1000
whisper_v3+whisper_v2+fastconformer+xlsr+w2vbert+hubert+cohere,7,seamless_m4t,3,790
whisper_v3+whisper_v2+fastconformer+xlsr+w2vbert+hubert+cohere,7,seamless_m4t,4,210
whisper_v3+whisper_v2+fastconformer+xlsr+w2vbert+hubert+cohere,7,whisper_v3,5,1000
whisper_v3+whisper_v2+fastconformer+xlsr+w2vbert+hubert+cohere,7,whisper_v2,6,1000
whisper_v3+whisper_v2+fastconformer+xlsr+w2vbert+hubert+cohere,7,fastconformer,2,1000
whisper_v3+whisper_v2+fastconformer+xlsr+w2vbert+hubert+cohere,7,xlsr,7,1000
whisper_v3+whisper_v2+fastconformer+xlsr+w2vbert+hubert+cohere,7,w2vbert,8,1000
whisper_v3+whisper_v2+fastconformer+xlsr+w2vbert+hubert+cohere,7,hubert,3,210
whisper_v3+whisper_v2+fastconformer+xlsr+w2vbert+hubert+cohere,7,hubert,4,790
whisper_v3+whisper_v2+fastconformer+xlsr+w2vbert+hubert+cohere,7,wav2vec_sb,9,1000
whisper_v3+whisper_v2+fastconformer+xlsr+w2vbert+hubert+cohere,7,cohere,1,1000
whisper_v3+whisper_v2+fastconformer+xlsr+w2vbert+wav2vec_sb+cohere,7,seamless_m4t,3,45
whisper_v3+whisper_v2+fastconformer+xlsr+w2vbert+wav2vec_sb+cohere,7,seamless_m4t,4,955
whisper_v3+whisper_v2+fastconformer+xlsr+w2vbert+wav2vec_sb+cohere,7,whisper_v3,5,1000
whisper_v3+whisper_v2+fastconformer+xlsr+w2vbert+wav2vec_sb+cohere,7,whisper_v2,6,1000
whisper_v3+whisper_v2+fastconformer+xlsr+w2vbert+wav2vec_sb+cohere,7,fastconformer,2,1000
whisper_v3+whisper_v2+fastconformer+xlsr+w2vbert+wav2vec_sb+cohere,7,xlsr,7,1000
whisper_v3+whisper_v2+fastconformer+xlsr+w2vbert+wav2vec_sb+cohere,7,w2vbert,8,1000
whisper_v3+whisper_v2+fastconformer+xlsr+w2vbert+wav2vec_sb+cohere,7,hubert,3,955
whisper_v3+whisper_v2+fastconformer+xlsr+w2vbert+wav2vec_sb+cohere,7,hubert,4,45
whisper_v3+whisper_v2+fastconformer+xlsr+w2vbert+wav2vec_sb+cohere,7,wav2vec_sb,9,1000
whisper_v3+whisper_v2+fastconformer+xlsr+w2vbert+wav2vec_sb+cohere,7,cohere,1,1000
whisper_v3+whisper_v2+fastconformer+xlsr+hubert+wav2vec_sb+cohere,7,seamless_m4t,3,767
whisper_v3+whisper_v2+fastconformer+xlsr+hubert+wav2vec_sb+cohere,7,seamless_m4t,4,233
whisper_v3+whisper_v2+fastconformer+xlsr+hubert+wav2vec_sb+cohere,7,whisper_v3,5,1000
whisper_v3+whisper_v2+fastconformer+xlsr+hubert+wav2vec_sb+cohere,7,whisper_v2,6,1000
whisper_v3+whisper_v2+fastconformer+xlsr+hubert+wav2vec_sb+cohere,7,fastconformer,2,1000
whisper_v3+whisper_v2+fastconformer+xlsr+hubert+wav2vec_sb+cohere,7,xlsr,7,1000
whisper_v3+whisper_v2+fastconformer+xlsr+hubert+wav2vec_sb+cohere,7,w2vbert,8,1000
whisper_v3+whisper_v2+fastconformer+xlsr+hubert+wav2vec_sb+cohere,7,hubert,3,233
whisper_v3+whisper_v2+fastconformer+xlsr+hubert+wav2vec_sb+cohere,7,hubert,4,767
whisper_v3+whisper_v2+fastconformer+xlsr+hubert+wav2vec_sb+cohere,7,wav2vec_sb,9,1000
whisper_v3+whisper_v2+fastconformer+xlsr+hubert+wav2vec_sb+cohere,7,cohere,1,1000
whisper_v3+whisper_v2+fastconformer+w2vbert+hubert+wav2vec_sb+cohere,7,seamless_m4t,3,840
whisper_v3+whisper_v2+fastconformer+w2vbert+hubert+wav2vec_sb+cohere,7,seamless_m4t,4,160
whisper_v3+whisper_v2+fastconformer+w2vbert+hubert+wav2vec_sb+cohere,7,whisper_v3,5,1000
whisper_v3+whisper_v2+fastconformer+w2vbert+hubert+wav2vec_sb+cohere,7,whisper_v2,6,1000
whisper_v3+whisper_v2+fastconformer+w2vbert+hubert+wav2vec_sb+cohere,7,fastconformer,2,1000
whisper_v3+whisper_v2+fastconformer+w2vbert+hubert+wav2vec_sb+cohere,7,xlsr,7,1000
whisper_v3+whisper_v2+fastconformer+w2vbert+hubert+wav2vec_sb+cohere,7,w2vbert,8,1000
whisper_v3+whisper_v2+fastconformer+w2vbert+hubert+wav2vec_sb+cohere,7,hubert,3,160
whisper_v3+whisper_v2+fastconformer+w2vbert+hubert+wav2vec_sb+cohere,7,hubert,4,840
whisper_v3+whisper_v2+fastconformer+w2vbert+hubert+wav2vec_sb+cohere,7,wav2vec_sb,9,1000
whisper_v3+whisper_v2+fastconformer+w2vbert+hubert+wav2vec_sb+cohere,7,cohere,1,1000
whisper_v3+whisper_v2+xlsr+w2vbert+hubert+wav2vec_sb+cohere,7,seamless_m4t,3,1000
whisper_v3+whisper_v2+xlsr+w2vbert+hubert+wav2vec_sb+cohere,7,whisper_v3,5,1000
whisper_v3+whisper_v2+xlsr+w2vbert+hubert+wav2vec_sb+cohere,7,whisper_v2,6,1000
whisper_v3+whisper_v2+xlsr+w2vbert+hubert+wav2vec_sb+cohere,7,fastconformer,1,1000
whisper_v3+whisper_v2+xlsr+w2vbert+hubert+wav2vec_sb+cohere,7,xlsr,7,1000
whisper_v3+whisper_v2+xlsr+w2vbert+hubert+wav2vec_sb+cohere,7,w2vbert,8,1000
whisper_v3+whisper_v2+xlsr+w2vbert+hubert+wav2vec_sb+cohere,7,hubert,4,1000
whisper_v3+whisper_v2+xlsr+w2vbert+hubert+wav2vec_sb+cohere,7,wav2vec_sb,9,1000
whisper_v3+whisper_v2+xlsr+w2vbert+hubert+wav2vec_sb+cohere,7,cohere,2,1000
whisper_v3+fastconformer+xlsr+w2vbert+hubert+wav2vec_sb+cohere,7,seamless_m4t,3,38
whisper_v3+fastconformer+xlsr+w2vbert+hubert+wav2vec_sb+cohere,7,seamless_m4t,4,962
whisper_v3+fastconformer+xlsr+w2vbert+hubert+wav2vec_sb+cohere,7,whisper_v3,5,1000
whisper_v3+fastconformer+xlsr+w2vbert+hubert+wav2vec_sb+cohere,7,whisper_v2,6,1000
whisper_v3+fastconformer+xlsr+w2vbert+hubert+wav2vec_sb+cohere,7,fastconformer,2,1000
whisper_v3+fastconformer+xlsr+w2vbert+hubert+wav2vec_sb+cohere,7,xlsr,7,1000
whisper_v3+fastconformer+xlsr+w2vbert+hubert+wav2vec_sb+cohere,7,w2vbert,8,1000
whisper_v3+fastconformer+xlsr+w2vbert+hubert+wav2vec_sb+cohere,7,hubert,3,962
whisper_v3+fastconformer+xlsr+w2vbert+hubert+wav2vec_sb+cohere,7,hubert,4,38
whisper_v3+fastconformer+xlsr+w2vbert+hubert+wav2vec_sb+cohere,7,wav2vec_sb,9,1000
whisper_v3+fastconformer+xlsr+w2vbert+hubert+wav2vec_sb+cohere,7,cohere,1,1000
whisper_v2+fastconformer+xlsr+w2vbert+hubert+wav2vec_sb+cohere,7,seamless_m4t,3,58
whisper_v2+fastconformer+xlsr+w2vbert+hubert+wav2vec_sb+cohere,7,seamless_m4t,4,942
whisper_v2+fastconformer+xlsr+w2vbert+hubert+wav2vec_sb+cohere,7,whisper_v3,5,1000
whisper_v2+fastconformer+xlsr+w2vbert+hubert+wav2vec_sb+cohere,7,whisper_v2,6,1000
whisper_v2+fastconformer+xlsr+w2vbert+hubert+wav2vec_sb+cohere,7,fastconformer,2,1000
whisper_v2+fastconformer+xlsr+w2vbert+hubert+wav2vec_sb+cohere,7,xlsr,7,1000
whisper_v2+fastconformer+xlsr+w2vbert+hubert+wav2vec_sb+cohere,7,w2vbert,8,1000
whisper_v2+fastconformer+xlsr+w2vbert+hubert+wav2vec_sb+cohere,7,hubert,3,942
whisper_v2+fastconformer+xlsr+w2vbert+hubert+wav2vec_sb+cohere,7,hubert,4,58
whisper_v2+fastconformer+xlsr+w2vbert+hubert+wav2vec_sb+cohere,7,wav2vec_sb,9,1000
whisper_v2+fastconformer+xlsr+w2vbert+hubert+wav2vec_sb+cohere,7,cohere,1,1000
seamless_m4t+whisper_v3+whisper_v2+fastconformer+xlsr+w2vbert+hubert+wav2vec_sb,8,seamless_m4t,3,98
seamless_m4t+whisper_v3+whisper_v2+fastconformer+xlsr+w2vbert+hubert+wav2vec_sb,8,seamless_m4t,4,902
seamless_m4t+whisper_v3+whisper_v2+fastconformer+xlsr+w2vbert+hubert+wav2vec_sb,8,whisper_v3,5,1000
seamless_m4t+whisper_v3+whisper_v2+fastconformer+xlsr+w2vbert+hubert+wav2vec_sb,8,whisper_v2,6,1000
seamless_m4t+whisper_v3+whisper_v2+fastconformer+xlsr+w2vbert+hubert+wav2vec_sb,8,fastconformer,2,1000
seamless_m4t+whisper_v3+whisper_v2+fastconformer+xlsr+w2vbert+hubert+wav2vec_sb,8,xlsr,7,1000
seamless_m4t+whisper_v3+whisper_v2+fastconformer+xlsr+w2vbert+hubert+wav2vec_sb,8,w2vbert,8,1000
seamless_m4t+whisper_v3+whisper_v2+fastconformer+xlsr+w2vbert+hubert+wav2vec_sb,8,hubert,3,902
seamless_m4t+whisper_v3+whisper_v2+fastconformer+xlsr+w2vbert+hubert+wav2vec_sb,8,hubert,4,98
seamless_m4t+whisper_v3+whisper_v2+fastconformer+xlsr+w2vbert+hubert+wav2vec_sb,8,wav2vec_sb,9,1000
seamless_m4t+whisper_v3+whisper_v2+fastconformer+xlsr+w2vbert+hubert+wav2vec_sb,8,cohere,1,1000
seamless_m4t+whisper_v3+whisper_v2+fastconformer+xlsr+w2vbert+hubert+cohere,8,seamless_m4t,3,51
seamless_m4t+whisper_v3+whisper_v2+fastconformer+xlsr+w2vbert+hubert+cohere,8,seamless_m4t,4,949
seamless_m4t+whisper_v3+whisper_v2+fastconformer+xlsr+w2vbert+hubert+cohere,8,whisper_v3,5,1000
seamless_m4t+whisper_v3+whisper_v2+fastconformer+xlsr+w2vbert+hubert+cohere,8,whisper_v2,6,1000
seamless_m4t+whisper_v3+whisper_v2+fastconformer+xlsr+w2vbert+hubert+cohere,8,fastconformer,2,1000
seamless_m4t+whisper_v3+whisper_v2+fastconformer+xlsr+w2vbert+hubert+cohere,8,xlsr,7,1000
seamless_m4t+whisper_v3+whisper_v2+fastconformer+xlsr+w2vbert+hubert+cohere,8,w2vbert,8,1000
seamless_m4t+whisper_v3+whisper_v2+fastconformer+xlsr+w2vbert+hubert+cohere,8,hubert,3,949
seamless_m4t+whisper_v3+whisper_v2+fastconformer+xlsr+w2vbert+hubert+cohere,8,hubert,4,51
seamless_m4t+whisper_v3+whisper_v2+fastconformer+xlsr+w2vbert+hubert+cohere,8,wav2vec_sb,9,1000
seamless_m4t+whisper_v3+whisper_v2+fastconformer+xlsr+w2vbert+hubert+cohere,8,cohere,1,1000
seamless_m4t+whisper_v3+whisper_v2+fastconformer+xlsr+w2vbert+wav2vec_sb+cohere,8,seamless_m4t,4,1000
seamless_m4t+whisper_v3+whisper_v2+fastconformer+xlsr+w2vbert+wav2vec_sb+cohere,8,whisper_v3,5,1000
seamless_m4t+whisper_v3+whisper_v2+fastconformer+xlsr+w2vbert+wav2vec_sb+cohere,8,whisper_v2,6,1000
seamless_m4t+whisper_v3+whisper_v2+fastconformer+xlsr+w2vbert+wav2vec_sb+cohere,8,fastconformer,2,1000
seamless_m4t+whisper_v3+whisper_v2+fastconformer+xlsr+w2vbert+wav2vec_sb+cohere,8,xlsr,7,1000
seamless_m4t+whisper_v3+whisper_v2+fastconformer+xlsr+w2vbert+wav2vec_sb+cohere,8,w2vbert,8,1000
seamless_m4t+whisper_v3+whisper_v2+fastconformer+xlsr+w2vbert+wav2vec_sb+cohere,8,hubert,3,1000
seamless_m4t+whisper_v3+whisper_v2+fastconformer+xlsr+w2vbert+wav2vec_sb+cohere,8,wav2vec_sb,9,1000
seamless_m4t+whisper_v3+whisper_v2+fastconformer+xlsr+w2vbert+wav2vec_sb+cohere,8,cohere,1,1000
seamless_m4t+whisper_v3+whisper_v2+fastconformer+xlsr+hubert+wav2vec_sb+cohere,8,seamless_m4t,3,30
seamless_m4t+whisper_v3+whisper_v2+fastconformer+xlsr+hubert+wav2vec_sb+cohere,8,seamless_m4t,4,970
seamless_m4t+whisper_v3+whisper_v2+fastconformer+xlsr+hubert+wav2vec_sb+cohere,8,whisper_v3,5,1000
seamless_m4t+whisper_v3+whisper_v2+fastconformer+xlsr+hubert+wav2vec_sb+cohere,8,whisper_v2,6,1000
seamless_m4t+whisper_v3+whisper_v2+fastconformer+xlsr+hubert+wav2vec_sb+cohere,8,fastconformer,2,1000
seamless_m4t+whisper_v3+whisper_v2+fastconformer+xlsr+hubert+wav2vec_sb+cohere,8,xlsr,7,1000
seamless_m4t+whisper_v3+whisper_v2+fastconformer+xlsr+hubert+wav2vec_sb+cohere,8,w2vbert,8,1000
seamless_m4t+whisper_v3+whisper_v2+fastconformer+xlsr+hubert+wav2vec_sb+cohere,8,hubert,3,970
seamless_m4t+whisper_v3+whisper_v2+fastconformer+xlsr+hubert+wav2vec_sb+cohere,8,hubert,4,30
seamless_m4t+whisper_v3+whisper_v2+fastconformer+xlsr+hubert+wav2vec_sb+cohere,8,wav2vec_sb,9,1000
seamless_m4t+whisper_v3+whisper_v2+fastconformer+xlsr+hubert+wav2vec_sb+cohere,8,cohere,1,1000
seamless_m4t+whisper_v3+whisper_v2+fastconformer+w2vbert+hubert+wav2vec_sb+cohere,8,seamless_m4t,3,81
seamless_m4t+whisper_v3+whisper_v2+fastconformer+w2vbert+hubert+wav2vec_sb+cohere,8,seamless_m4t,4,919
seamless_m4t+whisper_v3+whisper_v2+fastconformer+w2vbert+hubert+wav2vec_sb+cohere,8,whisper_v3,5,1000
seamless_m4t+whisper_v3+whisper_v2+fastconformer+w2vbert+hubert+wav2vec_sb+cohere,8,whisper_v2,6,1000
seamless_m4t+whisper_v3+whisper_v2+fastconformer+w2vbert+hubert+wav2vec_sb+cohere,8,fastconformer,2,1000
seamless_m4t+whisper_v3+whisper_v2+fastconformer+w2vbert+hubert+wav2vec_sb+cohere,8,xlsr,7,1000
seamless_m4t+whisper_v3+whisper_v2+fastconformer+w2vbert+hubert+wav2vec_sb+cohere,8,w2vbert,8,1000
seamless_m4t+whisper_v3+whisper_v2+fastconformer+w2vbert+hubert+wav2vec_sb+cohere,8,hubert,3,919
seamless_m4t+whisper_v3+whisper_v2+fastconformer+w2vbert+hubert+wav2vec_sb+cohere,8,hubert,4,81
seamless_m4t+whisper_v3+whisper_v2+fastconformer+w2vbert+hubert+wav2vec_sb+cohere,8,wav2vec_sb,9,1000
seamless_m4t+whisper_v3+whisper_v2+fastconformer+w2vbert+hubert+wav2vec_sb+cohere,8,cohere,1,1000
seamless_m4t+whisper_v3+whisper_v2+xlsr+w2vbert+hubert+wav2vec_sb+cohere,8,seamless_m4t,3,356
seamless_m4t+whisper_v3+whisper_v2+xlsr+w2vbert+hubert+wav2vec_sb+cohere,8,seamless_m4t,4,644
seamless_m4t+whisper_v3+whisper_v2+xlsr+w2vbert+hubert+wav2vec_sb+cohere,8,whisper_v3,5,1000
seamless_m4t+whisper_v3+whisper_v2+xlsr+w2vbert+hubert+wav2vec_sb+cohere,8,whisper_v2,6,1000
seamless_m4t+whisper_v3+whisper_v2+xlsr+w2vbert+hubert+wav2vec_sb+cohere,8,fastconformer,1,9
seamless_m4t+whisper_v3+whisper_v2+xlsr+w2vbert+hubert+wav2vec_sb+cohere,8,fastconformer,2,991
seamless_m4t+whisper_v3+whisper_v2+xlsr+w2vbert+hubert+wav2vec_sb+cohere,8,xlsr,7,1000
seamless_m4t+whisper_v3+whisper_v2+xlsr+w2vbert+hubert+wav2vec_sb+cohere,8,w2vbert,8,1000
seamless_m4t+whisper_v3+whisper_v2+xlsr+w2vbert+hubert+wav2vec_sb+cohere,8,hubert,3,644
seamless_m4t+whisper_v3+whisper_v2+xlsr+w2vbert+hubert+wav2vec_sb+cohere,8,hubert,4,356
seamless_m4t+whisper_v3+whisper_v2+xlsr+w2vbert+hubert+wav2vec_sb+cohere,8,wav2vec_sb,9,1000
seamless_m4t+whisper_v3+whisper_v2+xlsr+w2vbert+hubert+wav2vec_sb+cohere,8,cohere,1,991
seamless_m4t+whisper_v3+whisper_v2+xlsr+w2vbert+hubert+wav2vec_sb+cohere,8,cohere,2,9
seamless_m4t+whisper_v3+fastconformer+xlsr+w2vbert+hubert+wav2vec_sb+cohere,8,seamless_m4t,4,1000
seamless_m4t+whisper_v3+fastconformer+xlsr+w2vbert+hubert+wav2vec_sb+cohere,8,whisper_v3,5,1000
seamless_m4t+whisper_v3+fastconformer+xlsr+w2vbert+hubert+wav2vec_sb+cohere,8,whisper_v2,6,1000
seamless_m4t+whisper_v3+fastconformer+xlsr+w2vbert+hubert+wav2vec_sb+cohere,8,fastconformer,2,1000
seamless_m4t+whisper_v3+fastconformer+xlsr+w2vbert+hubert+wav2vec_sb+cohere,8,xlsr,7,1000
seamless_m4t+whisper_v3+fastconformer+xlsr+w2vbert+hubert+wav2vec_sb+cohere,8,w2vbert,8,1000
seamless_m4t+whisper_v3+fastconformer+xlsr+w2vbert+hubert+wav2vec_sb+cohere,8,hubert,3,1000
seamless_m4t+whisper_v3+fastconformer+xlsr+w2vbert+hubert+wav2vec_sb+cohere,8,wav2vec_sb,9,1000
seamless_m4t+whisper_v3+fastconformer+xlsr+w2vbert+hubert+wav2vec_sb+cohere,8,cohere,1,1000
seamless_m4t+whisper_v2+fastconformer+xlsr+w2vbert+hubert+wav2vec_sb+cohere,8,seamless_m4t,4,1000
seamless_m4t+whisper_v2+fastconformer+xlsr+w2vbert+hubert+wav2vec_sb+cohere,8,whisper_v3,5,1000
seamless_m4t+whisper_v2+fastconformer+xlsr+w2vbert+hubert+wav2vec_sb+cohere,8,whisper_v2,6,1000
seamless_m4t+whisper_v2+fastconformer+xlsr+w2vbert+hubert+wav2vec_sb+cohere,8,fastconformer,2,1000
seamless_m4t+whisper_v2+fastconformer+xlsr+w2vbert+hubert+wav2vec_sb+cohere,8,xlsr,7,1000
seamless_m4t+whisper_v2+fastconformer+xlsr+w2vbert+hubert+wav2vec_sb+cohere,8,w2vbert,8,1000
seamless_m4t+whisper_v2+fastconformer+xlsr+w2vbert+hubert+wav2vec_sb+cohere,8,hubert,3,1000
seamless_m4t+whisper_v2+fastconformer+xlsr+w2vbert+hubert+wav2vec_sb+cohere,8,wav2vec_sb,9,1000
seamless_m4t+whisper_v2+fastconformer+xlsr+w2vbert+hubert+wav2vec_sb+cohere,8,cohere,1,1000
whisper_v3+whisper_v2+fastconformer+xlsr+w2vbert+hubert+wav2vec_sb+cohere,8,seamless_m4t,3,592
whisper_v3+whisper_v2+fastconformer+xlsr+w2vbert+hubert+wav2vec_sb+cohere,8,seamless_m4t,4,408
whisper_v3+whisper_v2+fastconformer+xlsr+w2vbert+hubert+wav2vec_sb+cohere,8,whisper_v3,5,1000
whisper_v3+whisper_v2+fastconformer+xlsr+w2vbert+hubert+wav2vec_sb+cohere,8,whisper_v2,6,1000
whisper_v3+whisper_v2+fastconformer+xlsr+w2vbert+hubert+wav2vec_sb+cohere,8,fastconformer,2,1000
whisper_v3+whisper_v2+fastconformer+xlsr+w2vbert+hubert+wav2vec_sb+cohere,8,xlsr,7,1000
whisper_v3+whisper_v2+fastconformer+xlsr+w2vbert+hubert+wav2vec_sb+cohere,8,w2vbert,8,1000
whisper_v3+whisper_v2+fastconformer+xlsr+w2vbert+hubert+wav2vec_sb+cohere,8,hubert,3,408
whisper_v3+whisper_v2+fastconformer+xlsr+w2vbert+hubert+wav2vec_sb+cohere,8,hubert,4,592
whisper_v3+whisper_v2+fastconformer+xlsr+w2vbert+hubert+wav2vec_sb+cohere,8,wav2vec_sb,9,1000
whisper_v3+whisper_v2+fastconformer+xlsr+w2vbert+hubert+wav2vec_sb+cohere,8,cohere,1,1000
seamless_m4t+whisper_v3+whisper_v2+fastconformer+xlsr+w2vbert+hubert+wav2vec_sb+cohere,9,seamless_m4t,3,52
seamless_m4t+whisper_v3+whisper_v2+fastconformer+xlsr+w2vbert+hubert+wav2vec_sb+cohere,9,seamless_m4t,4,948
seamless_m4t+whisper_v3+whisper_v2+fastconformer+xlsr+w2vbert+hubert+wav2vec_sb+cohere,9,whisper_v3,5,1000
seamless_m4t+whisper_v3+whisper_v2+fastconformer+xlsr+w2vbert+hubert+wav2vec_sb+cohere,9,whisper_v2,6,1000
seamless_m4t+whisper_v3+whisper_v2+fastconformer+xlsr+w2vbert+hubert+wav2vec_sb+cohere,9,fastconformer,2,1000
seamless_m4t+whisper_v3+whisper_v2+fastconformer+xlsr+w2vbert+hubert+wav2vec_sb+cohere,9,xlsr,7,1000
seamless_m4t+whisper_v3+whisper_v2+fastconformer+xlsr+w2vbert+hubert+wav2vec_sb+cohere,9,w2vbert,8,1000
seamless_m4t+whisper_v3+whisper_v2+fastconformer+xlsr+w2vbert+hubert+wav2vec_sb+cohere,9,hubert,3,948
seamless_m4t+whisper_v3+whisper_v2+fastconformer+xlsr+w2vbert+hubert+wav2vec_sb+cohere,9,hubert,4,52
seamless_m4t+whisper_v3+whisper_v2+fastconformer+xlsr+w2vbert+hubert+wav2vec_sb+cohere,9,wav2vec_sb,9,1000
seamless_m4t+whisper_v3+whisper_v2+fastconformer+xlsr+w2vbert+hubert+wav2vec_sb+cohere,9,cohere,1,1000
