pool,k,model,n_samples,filtered_out,filtered_out_rate
seamless_m4t+whisper_v3+whisper_v2+fastconformer,4,seamless_m4t,10481,1626,0.1551378685239958
seamless_m4t+whisper_v3+whisper_v2+fastconformer,4,whisper_v3,10481,1377,0.131380593454823
seamless_m4t+whisper_v3+whisper_v2+fastconformer,4,whisper_v2,10481,2556,0.24386985974620742
seamless_m4t+whisper_v3+whisper_v2+fastconformer,4,fastconformer,10481,1407,0.1342429157523137
seamless_m4t+whisper_v3+whisper_v2+xlsr,4,seamless_m4t,10481,1554,0.14826829501001812
seamless_m4t+whisper_v3+whisper_v2+xlsr,4,whisper_v3,10481,979,0.09340711764144642
seamless_m4t+whisper_v3+whisper_v2+xlsr,4,whisper_v2,10481,1863,0.17775021467417232
seamless_m4t+whisper_v3+whisper_v2+xlsr,4,xlsr,10481,4106,0.3917565117832268
seamless_m4t+whisper_v3+whisper_v2+w2vbert,4,seamless_m4t,10481,1600,0.15265718919950386
seamless_m4t+whisper_v3+whisper_v2+w2vbert,4,whisper_v3,10481,961,0.09168972426295201
seamless_m4t+whisper_v3+whisper_v2+w2vbert,4,whisper_v2,10481,1854,0.1768915179849251
seamless_m4t+whisper_v3+whisper_v2+w2vbert,4,w2vbert,10481,4508,0.4301116305696021
seamless_m4t+whisper_v3+whisper_v2+hubert,4,seamless_m4t,10481,1615,0.15408835034824922
seamless_m4t+whisper_v3+whisper_v2+hubert,4,whisper_v3,10481,1360,0.1297586108195783
seamless_m4t+whisper_v3+whisper_v2+hubert,4,whisper_v2,10481,2495,0.23804980440797635
seamless_m4t+whisper_v3+whisper_v2+hubert,4,hubert,10481,1847,0.17622364278217728
seamless_m4t+whisper_v3+whisper_v2+wav2vec_sb,4,seamless_m4t,10481,1295,0.12355691250834844
seamless_m4t+whisper_v3+whisper_v2+wav2vec_sb,4,whisper_v3,10481,823,0.0785230416944948
seamless_m4t+whisper_v3+whisper_v2+wav2vec_sb,4,whisper_v2,10481,1677,0.16000381642973
seamless_m4t+whisper_v3+whisper_v2+wav2vec_sb,4,wav2vec_sb,10481,5417,0.5168399961835702
seamless_m4t+whisper_v3+whisper_v2+cohere,4,seamless_m4t,10481,1611,0.15370670737525044
seamless_m4t+whisper_v3+whisper_v2+cohere,4,whisper_v3,10481,1471,0.14034920332029385
seamless_m4t+whisper_v3+whisper_v2+cohere,4,whisper_v2,10481,2631,0.25102566548993416
seamless_m4t+whisper_v3+whisper_v2+cohere,4,cohere,10481,994,0.09483827879019177
seamless_m4t+whisper_v3+fastconformer+xlsr,4,seamless_m4t,10481,1272,0.12136246541360557
seamless_m4t+whisper_v3+fastconformer+xlsr,4,whisper_v3,10481,1847,0.17622364278217728
seamless_m4t+whisper_v3+fastconformer+xlsr,4,fastconformer,10481,824,0.07861845243774448
seamless_m4t+whisper_v3+fastconformer+xlsr,4,xlsr,10481,4216,0.4022516935406927
seamless_m4t+whisper_v3+fastconformer+w2vbert,4,seamless_m4t,10481,1304,0.12441560919759564
seamless_m4t+whisper_v3+fastconformer+w2vbert,4,whisper_v3,10481,1859,0.17736857170117354
seamless_m4t+whisper_v3+fastconformer+w2vbert,4,fastconformer,10481,877,0.08367522182997805
seamless_m4t+whisper_v3+fastconformer+w2vbert,4,w2vbert,10481,4670,0.4455681709760519
seamless_m4t+whisper_v3+fastconformer+hubert,4,seamless_m4t,10481,1633,0.15580574372674363
seamless_m4t+whisper_v3+fastconformer+hubert,4,whisper_v3,10481,2622,0.25016696880068695
seamless_m4t+whisper_v3+fastconformer+hubert,4,fastconformer,10481,945,0.09016315237095697
seamless_m4t+whisper_v3+fastconformer+hubert,4,hubert,10481,1461,0.13939509588779697
seamless_m4t+whisper_v3+fastconformer+wav2vec_sb,4,seamless_m4t,10481,1050,0.10018128041217442
seamless_m4t+whisper_v3+fastconformer+wav2vec_sb,4,whisper_v3,10481,1726,0.16467894284896478
seamless_m4t+whisper_v3+fastconformer+wav2vec_sb,4,fastconformer,10481,654,0.062398626085297206
seamless_m4t+whisper_v3+fastconformer+wav2vec_sb,4,wav2vec_sb,10481,5522,0.5268581242247877
seamless_m4t+whisper_v3+fastconformer+cohere,4,seamless_m4t,10481,1692,0.16143497757847533
seamless_m4t+whisper_v3+fastconformer+cohere,4,whisper_v3,10481,2786,0.2658143306936361
seamless_m4t+whisper_v3+fastconformer+cohere,4,fastconformer,10481,1045,0.09970422669592596
seamless_m4t+whisper_v3+fastconformer+cohere,4,cohere,10481,567,0.05409789142257418
seamless_m4t+whisper_v3+xlsr+w2vbert,4,seamless_m4t,10481,1206,0.11506535635912604
seamless_m4t+whisper_v3+xlsr+w2vbert,4,whisper_v3,10481,1414,0.13491079095506153
seamless_m4t+whisper_v3+xlsr+w2vbert,4,xlsr,10481,3361,0.3206755080622078
seamless_m4t+whisper_v3+xlsr+w2vbert,4,w2vbert,10481,3711,0.3540692681995993
seamless_m4t+whisper_v3+xlsr+hubert,4,seamless_m4t,10481,1244,0.11869096460261426
seamless_m4t+whisper_v3+xlsr+hubert,4,whisper_v3,10481,1861,0.17755939318767294
seamless_m4t+whisper_v3+xlsr+hubert,4,xlsr,10481,4058,0.38717679610724165
seamless_m4t+whisper_v3+xlsr+hubert,4,hubert,10481,1092,0.10418853162866139
seamless_m4t+whisper_v3+xlsr+wav2vec_sb,4,seamless_m4t,10481,1192,0.11372960595363038
seamless_m4t+whisper_v3+xlsr+wav2vec_sb,4,whisper_v3,10481,1498,0.1429252933880355
seamless_m4t+whisper_v3+xlsr+wav2vec_sb,4,xlsr,10481,2643,0.25217059440893047
seamless_m4t+whisper_v3+xlsr+wav2vec_sb,4,wav2vec_sb,10481,4495,0.42887129090735615
seamless_m4t+whisper_v3+xlsr+cohere,4,seamless_m4t,10481,1251,0.11935883980536208
seamless_m4t+whisper_v3+xlsr+cohere,4,whisper_v3,10481,1952,0.18624177082339471
seamless_m4t+whisper_v3+xlsr+cohere,4,xlsr,10481,4316,0.41179276786566166
seamless_m4t+whisper_v3+xlsr+cohere,4,cohere,10481,558,0.05323919473332697
seamless_m4t+whisper_v3+w2vbert+hubert,4,seamless_m4t,10481,1264,0.12059917946760805
seamless_m4t+whisper_v3+w2vbert+hubert,4,whisper_v3,10481,1868,0.17822726839042077
seamless_m4t+whisper_v3+w2vbert+hubert,4,w2vbert,10481,4546,0.43373723881309034
seamless_m4t+whisper_v3+w2vbert+hubert,4,hubert,10481,1233,0.11764144642686766
seamless_m4t+whisper_v3+w2vbert+wav2vec_sb,4,seamless_m4t,10481,987,0.09417040358744394
seamless_m4t+whisper_v3+w2vbert+wav2vec_sb,4,whisper_v3,10481,1230,0.1173552141971186
seamless_m4t+whisper_v3+w2vbert+wav2vec_sb,4,w2vbert,10481,3345,0.3191489361702128
seamless_m4t+whisper_v3+w2vbert+wav2vec_sb,4,wav2vec_sb,10481,4668,0.44537734948955254
seamless_m4t+whisper_v3+w2vbert+cohere,4,seamless_m4t,10481,1283,0.12241198358935217
seamless_m4t+whisper_v3+w2vbert+cohere,4,whisper_v3,10481,1953,0.18633718156664442
seamless_m4t+whisper_v3+w2vbert+cohere,4,w2vbert,10481,4785,0.45654040644976623
seamless_m4t+whisper_v3+w2vbert+cohere,4,cohere,10481,593,0.05657857074706612
seamless_m4t+whisper_v3+hubert+wav2vec_sb,4,seamless_m4t,10481,1042,0.0994179944661769
seamless_m4t+whisper_v3+hubert+wav2vec_sb,4,whisper_v3,10481,1696,0.16181662055147408
seamless_m4t+whisper_v3+hubert+wav2vec_sb,4,hubert,10481,927,0.08844575899246256
seamless_m4t+whisper_v3+hubert+wav2vec_sb,4,wav2vec_sb,10481,5398,0.5150271920618261
seamless_m4t+whisper_v3+hubert+cohere,4,seamless_m4t,10481,1658,0.15819101230798588
seamless_m4t+whisper_v3+hubert+cohere,4,whisper_v3,10481,2755,0.2628565976528957
seamless_m4t+whisper_v3+hubert+cohere,4,hubert,10481,1580,0.15074897433451007
seamless_m4t+whisper_v3+hubert+cohere,4,cohere,10481,559,0.05333460547657666
seamless_m4t+whisper_v3+wav2vec_sb+cohere,4,seamless_m4t,10481,1033,0.09855929777692968
seamless_m4t+whisper_v3+wav2vec_sb+cohere,4,whisper_v3,10481,1758,0.16773208663295486
seamless_m4t+whisper_v3+wav2vec_sb+cohere,4,wav2vec_sb,10481,5611,0.5353496803740101
seamless_m4t+whisper_v3+wav2vec_sb+cohere,4,cohere,10481,434,0.04140826257036542
seamless_m4t+whisper_v2+fastconformer+xlsr,4,seamless_m4t,10481,1228,0.11716439271061922
seamless_m4t+whisper_v2+fastconformer+xlsr,4,whisper_v2,10481,2674,0.25512832744967084
seamless_m4t+whisper_v2+fastconformer+xlsr,4,fastconformer,10481,773,0.07375250453201031
seamless_m4t+whisper_v2+fastconformer+xlsr,4,xlsr,10481,3993,0.38097509779601185
seamless_m4t+whisper_v2+fastconformer+w2vbert,4,seamless_m4t,10481,1206,0.11506535635912604
seamless_m4t+whisper_v2+fastconformer+w2vbert,4,whisper_v2,10481,2630,0.25093025474668446
seamless_m4t+whisper_v2+fastconformer+w2vbert,4,fastconformer,10481,826,0.07880927392424388
seamless_m4t+whisper_v2+fastconformer+w2vbert,4,w2vbert,10481,4400,0.4198072702986356
seamless_m4t+whisper_v2+fastconformer+hubert,4,seamless_m4t,10481,1521,0.14511974048277837
seamless_m4t+whisper_v2+fastconformer+hubert,4,whisper_v2,10481,3539,0.3376586203606526
seamless_m4t+whisper_v2+fastconformer+hubert,4,fastconformer,10481,857,0.08176700696498426
seamless_m4t+whisper_v2+fastconformer+hubert,4,hubert,10481,1343,0.12813662818433355
seamless_m4t+whisper_v2+fastconformer+wav2vec_sb,4,seamless_m4t,10481,1018,0.09712813662818433
seamless_m4t+whisper_v2+fastconformer+wav2vec_sb,4,whisper_v2,10481,2435,0.23232515981299495
seamless_m4t+whisper_v2+fastconformer+wav2vec_sb,4,fastconformer,10481,617,0.058868428585058676
seamless_m4t+whisper_v2+fastconformer+wav2vec_sb,4,wav2vec_sb,10481,5228,0.4988073657093789
seamless_m4t+whisper_v2+fastconformer+cohere,4,seamless_m4t,10481,1574,0.15017650987501194
seamless_m4t+whisper_v2+fastconformer+cohere,4,whisper_v2,10481,3728,0.355691250834844
seamless_m4t+whisper_v2+fastconformer+cohere,4,fastconformer,10481,976,0.09312088541169736
seamless_m4t+whisper_v2+fastconformer+cohere,4,cohere,10481,481,0.04589256750310085
seamless_m4t+whisper_v2+xlsr+w2vbert,4,seamless_m4t,10481,1154,0.11010399771014216
seamless_m4t+whisper_v2+xlsr+w2vbert,4,whisper_v2,10481,2046,0.19521038068886556
seamless_m4t+whisper_v2+xlsr+w2vbert,4,xlsr,10481,3166,0.3020704131285183
seamless_m4t+whisper_v2+xlsr+w2vbert,4,w2vbert,10481,3517,0.3355595840091594
seamless_m4t+whisper_v2+xlsr+hubert,4,seamless_m4t,10481,1203,0.11477912412937696
seamless_m4t+whisper_v2+xlsr+hubert,4,whisper_v2,10481,2636,0.2515027192061826
seamless_m4t+whisper_v2+xlsr+hubert,4,xlsr,10481,3790,0.3616067169163248
seamless_m4t+whisper_v2+xlsr+hubert,4,hubert,10481,995,0.09493368953344146
seamless_m4t+whisper_v2+xlsr+wav2vec_sb,4,seamless_m4t,10481,1162,0.11086728365613968
seamless_m4t+whisper_v2+xlsr+wav2vec_sb,4,whisper_v2,10481,2140,0.20417899055433641
seamless_m4t+whisper_v2+xlsr+wav2vec_sb,4,xlsr,10481,2505,0.23900391184047323
seamless_m4t+whisper_v2+xlsr+wav2vec_sb,4,wav2vec_sb,10481,4262,0.4066405877301784
seamless_m4t+whisper_v2+xlsr+cohere,4,seamless_m4t,10481,1190,0.113538784467131
seamless_m4t+whisper_v2+xlsr+cohere,4,whisper_v2,10481,2733,0.26075756130140254
seamless_m4t+whisper_v2+xlsr+cohere,4,xlsr,10481,4085,0.3897528861749833
seamless_m4t+whisper_v2+xlsr+cohere,4,cohere,10481,510,0.04865947905734186
seamless_m4t+whisper_v2+w2vbert+hubert,4,seamless_m4t,10481,1185,0.11306173075088255
seamless_m4t+whisper_v2+w2vbert+hubert,4,whisper_v2,10481,2619,0.2498807365709379
seamless_m4t+whisper_v2+w2vbert+hubert,4,w2vbert,10481,4301,0.41036160671691635
seamless_m4t+whisper_v2+w2vbert+hubert,4,hubert,10481,1156,0.11029481919664154
seamless_m4t+whisper_v2+w2vbert+wav2vec_sb,4,seamless_m4t,10481,935,0.08920904493846007
seamless_m4t+whisper_v2+w2vbert+wav2vec_sb,4,whisper_v2,10481,1835,0.175078713863181
seamless_m4t+whisper_v2+w2vbert+wav2vec_sb,4,w2vbert,10481,3138,0.29939891231752697
seamless_m4t+whisper_v2+w2vbert+wav2vec_sb,4,wav2vec_sb,10481,4475,0.4269630760423624
seamless_m4t+whisper_v2+w2vbert+cohere,4,seamless_m4t,10481,1187,0.11325255223738193
seamless_m4t+whisper_v2+w2vbert+cohere,4,whisper_v2,10481,2727,0.2601850968419044
seamless_m4t+whisper_v2+w2vbert+cohere,4,w2vbert,10481,4503,0.4296345768533537
seamless_m4t+whisper_v2+w2vbert+cohere,4,cohere,10481,551,0.05257131953057914
seamless_m4t+whisper_v2+hubert+wav2vec_sb,4,seamless_m4t,10481,998,0.09521992176319054
seamless_m4t+whisper_v2+hubert+wav2vec_sb,4,whisper_v2,10481,2416,0.23051235569125084
seamless_m4t+whisper_v2+hubert+wav2vec_sb,4,hubert,10481,877,0.08367522182997805
seamless_m4t+whisper_v2+hubert+wav2vec_sb,4,wav2vec_sb,10481,5158,0.4921286136819006
seamless_m4t+whisper_v2+hubert+cohere,4,seamless_m4t,10481,1535,0.14645549088827403
seamless_m4t+whisper_v2+hubert+cohere,4,whisper_v2,10481,3650,0.3482492128613682
seamless_m4t+whisper_v2+hubert+cohere,4,hubert,10481,1440,0.13739147027955348
seamless_m4t+whisper_v2+hubert+cohere,4,cohere,10481,476,0.0454155137868524
seamless_m4t+whisper_v2+wav2vec_sb+cohere,4,seamless_m4t,10481,991,0.0945520465604427
seamless_m4t+whisper_v2+wav2vec_sb+cohere,4,whisper_v2,10481,2488,0.23738192920522852
seamless_m4t+whisper_v2+wav2vec_sb+cohere,4,wav2vec_sb,10481,5342,0.5096841904398435
seamless_m4t+whisper_v2+wav2vec_sb+cohere,4,cohere,10481,418,0.039881690678370385
seamless_m4t+fastconformer+xlsr+w2vbert,4,seamless_m4t,10481,1260,0.1202175364946093
seamless_m4t+fastconformer+xlsr+w2vbert,4,fastconformer,10481,657,0.06268485831504628
seamless_m4t+fastconformer+xlsr+w2vbert,4,xlsr,10481,3564,0.34004388894189486
seamless_m4t+fastconformer+xlsr+w2vbert,4,w2vbert,10481,4012,0.3827879019177559
seamless_m4t+fastconformer+xlsr+hubert,4,seamless_m4t,10481,1588,0.15151226028050757
seamless_m4t+fastconformer+xlsr+hubert,4,fastconformer,10481,731,0.06974525331552332
seamless_m4t+fastconformer+xlsr+hubert,4,xlsr,10481,4544,0.433546417326591
seamless_m4t+fastconformer+xlsr+hubert,4,hubert,10481,987,0.09417040358744394
seamless_m4t+fastconformer+xlsr+wav2vec_sb,4,seamless_m4t,10481,1227,0.11706898196736952
seamless_m4t+fastconformer+xlsr+wav2vec_sb,4,fastconformer,10481,659,0.06287567980154565
seamless_m4t+fastconformer+xlsr+wav2vec_sb,4,xlsr,10481,2936,0.2801259421810896
seamless_m4t+fastconformer+xlsr+wav2vec_sb,4,wav2vec_sb,10481,4715,0.4498616544222879
seamless_m4t+fastconformer+xlsr+cohere,4,seamless_m4t,10481,1590,0.15170308176700698
seamless_m4t+fastconformer+xlsr+cohere,4,fastconformer,10481,760,0.07251216486976433
seamless_m4t+fastconformer+xlsr+cohere,4,xlsr,10481,4782,0.4562541742200172
seamless_m4t+fastconformer+xlsr+cohere,4,cohere,10481,398,0.03797347581337659
seamless_m4t+fastconformer+w2vbert+hubert,4,seamless_m4t,10481,1520,0.14502432973952867
seamless_m4t+fastconformer+w2vbert+hubert,4,fastconformer,10481,754,0.07193970041026619
seamless_m4t+fastconformer+w2vbert+hubert,4,w2vbert,10481,5044,0.48125178895143594
seamless_m4t+fastconformer+w2vbert+hubert,4,hubert,10481,1095,0.10447476385841045
seamless_m4t+fastconformer+w2vbert+wav2vec_sb,4,seamless_m4t,10481,1018,0.09712813662818433
seamless_m4t+fastconformer+w2vbert+wav2vec_sb,4,fastconformer,10481,542,0.051712622841331934
seamless_m4t+fastconformer+w2vbert+wav2vec_sb,4,w2vbert,10481,3704,0.35340139299685147
seamless_m4t+fastconformer+w2vbert+wav2vec_sb,4,wav2vec_sb,10481,4887,0.4662723022612346
seamless_m4t+fastconformer+w2vbert+cohere,4,seamless_m4t,10481,1558,0.1486499379830169
seamless_m4t+fastconformer+w2vbert+cohere,4,fastconformer,10481,796,0.07594695162675318
seamless_m4t+fastconformer+w2vbert+cohere,4,w2vbert,10481,5245,0.5004293483446236
seamless_m4t+fastconformer+w2vbert+cohere,4,cohere,10481,429,0.040931208854116975
seamless_m4t+fastconformer+hubert+wav2vec_sb,4,seamless_m4t,10481,1333,0.12718252075183667
seamless_m4t+fastconformer+hubert+wav2vec_sb,4,fastconformer,10481,561,0.053525426963076043
seamless_m4t+fastconformer+hubert+wav2vec_sb,4,hubert,10481,825,0.07871386318099417
seamless_m4t+fastconformer+hubert+wav2vec_sb,4,wav2vec_sb,10481,5783,0.5517603282129567
seamless_m4t+fastconformer+hubert+cohere,4,seamless_m4t,10481,2182,0.2081862417708234
seamless_m4t+fastconformer+hubert+cohere,4,fastconformer,10481,1110,0.1059059250071558
seamless_m4t+fastconformer+hubert+cohere,4,hubert,10481,1683,0.16057628088922812
seamless_m4t+fastconformer+hubert+cohere,4,cohere,10481,572,0.054574945138822634
seamless_m4t+fastconformer+wav2vec_sb+cohere,4,seamless_m4t,10481,1326,0.12651464554908884
seamless_m4t+fastconformer+wav2vec_sb+cohere,4,fastconformer,10481,605,0.0577234996660624
seamless_m4t+fastconformer+wav2vec_sb+cohere,4,wav2vec_sb,10481,6020,0.5743726743631333
seamless_m4t+fastconformer+wav2vec_sb+cohere,4,cohere,10481,329,0.03139013452914798
seamless_m4t+xlsr+w2vbert+hubert,4,seamless_m4t,10481,1296,0.12365232325159813
seamless_m4t+xlsr+w2vbert+hubert,4,xlsr,10481,3454,0.32954870718442897
seamless_m4t+xlsr+w2vbert+hubert,4,w2vbert,10481,3962,0.3780173647552714
seamless_m4t+xlsr+w2vbert+hubert,4,hubert,10481,864,0.0824348821677321
seamless_m4t+xlsr+w2vbert+wav2vec_sb,4,seamless_m4t,10481,1262,0.12040835798110867
seamless_m4t+xlsr+w2vbert+wav2vec_sb,4,xlsr,10481,2168,0.20685049136532774
seamless_m4t+xlsr+w2vbert+wav2vec_sb,4,w2vbert,10481,3203,0.3056006106287568
seamless_m4t+xlsr+w2vbert+wav2vec_sb,4,wav2vec_sb,10481,3919,0.3739147027955348
seamless_m4t+xlsr+w2vbert+cohere,4,seamless_m4t,10481,1226,0.11697357122411983
seamless_m4t+xlsr+w2vbert+cohere,4,xlsr,10481,3689,0.3519702318481061
seamless_m4t+xlsr+w2vbert+cohere,4,w2vbert,10481,4090,0.3902299398912317
seamless_m4t+xlsr+w2vbert+cohere,4,cohere,10481,457,0.04360270966510829
seamless_m4t+xlsr+hubert+wav2vec_sb,4,seamless_m4t,10481,1288,0.1228890373056006
seamless_m4t+xlsr+hubert+wav2vec_sb,4,xlsr,10481,2824,0.2694399389371243
seamless_m4t+xlsr+hubert+wav2vec_sb,4,hubert,10481,830,0.07919091689724263
seamless_m4t+xlsr+hubert+wav2vec_sb,4,wav2vec_sb,10481,4663,0.4449002957733041
seamless_m4t+xlsr+hubert+cohere,4,seamless_m4t,10481,1563,0.14912699169926533
seamless_m4t+xlsr+hubert+cohere,4,xlsr,10481,4664,0.4449957065165538
seamless_m4t+xlsr+hubert+cohere,4,hubert,10481,1062,0.10132620933117069
seamless_m4t+xlsr+hubert+cohere,4,cohere,10481,431,0.04112203034061635
seamless_m4t+xlsr+wav2vec_sb+cohere,4,seamless_m4t,10481,1174,0.11201221257513597
seamless_m4t+xlsr+wav2vec_sb+cohere,4,xlsr,10481,3032,0.28928537353305983
seamless_m4t+xlsr+wav2vec_sb+cohere,4,wav2vec_sb,10481,4844,0.46216964030149793
seamless_m4t+xlsr+wav2vec_sb+cohere,4,cohere,10481,468,0.04465222784085488
seamless_m4t+w2vbert+hubert+wav2vec_sb,4,seamless_m4t,10481,1044,0.09960881595267627
seamless_m4t+w2vbert+hubert+wav2vec_sb,4,w2vbert,10481,3622,0.34557771205037685
seamless_m4t+w2vbert+hubert+wav2vec_sb,4,hubert,10481,736,0.07022230703177178
seamless_m4t+w2vbert+hubert+wav2vec_sb,4,wav2vec_sb,10481,4805,0.45844862131476005
seamless_m4t+w2vbert+hubert+cohere,4,seamless_m4t,10481,1534,0.14636008014502433
seamless_m4t+w2vbert+hubert+cohere,4,w2vbert,10481,5136,0.4900295773304074
seamless_m4t+w2vbert+hubert+cohere,4,hubert,10481,1158,0.11048564068314091
seamless_m4t+w2vbert+hubert+cohere,4,cohere,10481,468,0.04465222784085488
seamless_m4t+w2vbert+wav2vec_sb+cohere,4,seamless_m4t,10481,982,0.0936933498711955
seamless_m4t+w2vbert+wav2vec_sb+cohere,4,w2vbert,10481,3752,0.35798110867283656
seamless_m4t+w2vbert+wav2vec_sb+cohere,4,wav2vec_sb,10481,4973,0.47447762618070793
seamless_m4t+w2vbert+wav2vec_sb+cohere,4,cohere,10481,376,0.03587443946188341
seamless_m4t+hubert+wav2vec_sb+cohere,4,seamless_m4t,10481,1317,0.12565594885984163
seamless_m4t+hubert+wav2vec_sb+cohere,4,hubert,10481,867,0.08272111439748116
seamless_m4t+hubert+wav2vec_sb+cohere,4,wav2vec_sb,10481,5904,0.5633050281461692
seamless_m4t+hubert+wav2vec_sb+cohere,4,cohere,10481,341,0.03253506344814426
whisper_v3+whisper_v2+fastconformer+xlsr,4,whisper_v3,10481,1069,0.10199408453391852
whisper_v3+whisper_v2+fastconformer+xlsr,4,whisper_v2,10481,1961,0.18710046751264192
whisper_v3+whisper_v2+fastconformer+xlsr,4,fastconformer,10481,1217,0.11611487453487263
whisper_v3+whisper_v2+fastconformer+xlsr,4,xlsr,10481,4036,0.3850777597557485
whisper_v3+whisper_v2+fastconformer+w2vbert,4,whisper_v3,10481,1036,0.09884553000667876
whisper_v3+whisper_v2+fastconformer+w2vbert,4,whisper_v2,10481,1953,0.18633718156664442
whisper_v3+whisper_v2+fastconformer+w2vbert,4,fastconformer,10481,1296,0.12365232325159813
whisper_v3+whisper_v2+fastconformer+w2vbert,4,w2vbert,10481,4490,0.4283942371911077
whisper_v3+whisper_v2+fastconformer+hubert,4,whisper_v3,10481,1532,0.14616925865852495
whisper_v3+whisper_v2+fastconformer+hubert,4,whisper_v2,10481,2670,0.2547466844766721
whisper_v3+whisper_v2+fastconformer+hubert,4,fastconformer,10481,1071,0.1021849060204179
whisper_v3+whisper_v2+fastconformer+hubert,4,hubert,10481,1554,0.14826829501001812
whisper_v3+whisper_v2+fastconformer+wav2vec_sb,4,whisper_v3,10481,931,0.08882740196546131
whisper_v3+whisper_v2+fastconformer+wav2vec_sb,4,whisper_v2,10481,1759,0.16782749737620456
whisper_v3+whisper_v2+fastconformer+wav2vec_sb,4,fastconformer,10481,1009,0.09626943993893712
whisper_v3+whisper_v2+fastconformer+wav2vec_sb,4,wav2vec_sb,10481,5414,0.5165537639538212
whisper_v3+whisper_v2+fastconformer+cohere,4,whisper_v3,10481,1648,0.15723690487548897
whisper_v3+whisper_v2+fastconformer+cohere,4,whisper_v2,10481,2833,0.2702986356263715
whisper_v3+whisper_v2+fastconformer+cohere,4,fastconformer,10481,1129,0.10771872912889992
whisper_v3+whisper_v2+fastconformer+cohere,4,cohere,10481,717,0.06840950291002768
whisper_v3+whisper_v2+xlsr+w2vbert,4,whisper_v3,10481,845,0.08062207804598798
whisper_v3+whisper_v2+xlsr+w2vbert,4,whisper_v2,10481,1579,0.15065356359126036
whisper_v3+whisper_v2+xlsr+w2vbert,4,xlsr,10481,3485,0.33250644022516934
whisper_v3+whisper_v2+xlsr+w2vbert,4,w2vbert,10481,3791,0.3617021276595745
whisper_v3+whisper_v2+xlsr+hubert,4,whisper_v3,10481,1100,0.1049518175746589
whisper_v3+whisper_v2+xlsr+hubert,4,whisper_v2,10481,1960,0.18700505676939225
whisper_v3+whisper_v2+xlsr+hubert,4,xlsr,10481,3883,0.37047991603854596
whisper_v3+whisper_v2+xlsr+hubert,4,hubert,10481,1484,0.14158954298253984
whisper_v3+whisper_v2+xlsr+wav2vec_sb,4,whisper_v3,10481,922,0.0879687052762141
whisper_v3+whisper_v2+xlsr+wav2vec_sb,4,whisper_v2,10481,1638,0.1562827974429921
whisper_v3+whisper_v2+xlsr+wav2vec_sb,4,xlsr,10481,2737,0.2611392042744013
whisper_v3+whisper_v2+xlsr+wav2vec_sb,4,wav2vec_sb,10481,4592,0.4381261330025761
whisper_v3+whisper_v2+xlsr+cohere,4,whisper_v3,10481,1101,0.1050472283179086
whisper_v3+whisper_v2+xlsr+cohere,4,whisper_v2,10481,1995,0.19034443278313137
whisper_v3+whisper_v2+xlsr+cohere,4,xlsr,10481,4114,0.3925197977292243
whisper_v3+whisper_v2+xlsr+cohere,4,cohere,10481,991,0.0945520465604427
whisper_v3+whisper_v2+w2vbert+hubert,4,whisper_v3,10481,1041,0.0993225837229272
whisper_v3+whisper_v2+w2vbert+hubert,4,whisper_v2,10481,1938,0.18490602041789905
whisper_v3+whisper_v2+w2vbert+hubert,4,w2vbert,10481,4369,0.41684953725789525
whisper_v3+whisper_v2+w2vbert+hubert,4,hubert,10481,1627,0.1552332792672455
whisper_v3+whisper_v2+w2vbert+wav2vec_sb,4,whisper_v3,10481,721,0.06879114588302643
whisper_v3+whisper_v2+w2vbert+wav2vec_sb,4,whisper_v2,10481,1420,0.1354832554145597
whisper_v3+whisper_v2+w2vbert+wav2vec_sb,4,w2vbert,10481,3450,0.3291670642114302
whisper_v3+whisper_v2+w2vbert+wav2vec_sb,4,wav2vec_sb,10481,4839,0.4616925865852495
whisper_v3+whisper_v2+w2vbert+cohere,4,whisper_v3,10481,1069,0.10199408453391852
whisper_v3+whisper_v2+w2vbert+cohere,4,whisper_v2,10481,1997,0.19053525426963075
whisper_v3+whisper_v2+w2vbert+cohere,4,w2vbert,10481,4568,0.4358362751645835
whisper_v3+whisper_v2+w2vbert+cohere,4,cohere,10481,1038,0.09903635149317813
whisper_v3+whisper_v2+hubert+wav2vec_sb,4,whisper_v3,10481,924,0.08815952676271348
whisper_v3+whisper_v2+hubert+wav2vec_sb,4,whisper_v2,10481,1756,0.16754126514645548
whisper_v3+whisper_v2+hubert+wav2vec_sb,4,hubert,10481,1272,0.12136246541360557
whisper_v3+whisper_v2+hubert+wav2vec_sb,4,wav2vec_sb,10481,5292,0.504913653277359
whisper_v3+whisper_v2+hubert+cohere,4,whisper_v3,10481,1581,0.15084438507775977
whisper_v3+whisper_v2+hubert+cohere,4,whisper_v2,10481,2754,0.262761186909646
whisper_v3+whisper_v2+hubert+cohere,4,hubert,10481,1600,0.15265718919950386
whisper_v3+whisper_v2+hubert+cohere,4,cohere,10481,715,0.06821868142352829
whisper_v3+whisper_v2+wav2vec_sb+cohere,4,whisper_v3,10481,944,0.09006774162770728
whisper_v3+whisper_v2+wav2vec_sb+cohere,4,whisper_v2,10481,1786,0.17040358744394618
whisper_v3+whisper_v2+wav2vec_sb+cohere,4,wav2vec_sb,10481,5484,0.5232325159812995
whisper_v3+whisper_v2+wav2vec_sb+cohere,4,cohere,10481,823,0.0785230416944948
whisper_v3+fastconformer+xlsr+w2vbert,4,whisper_v3,10481,1574,0.15017650987501194
whisper_v3+fastconformer+xlsr+w2vbert,4,fastconformer,10481,816,0.07785516649174697
whisper_v3+fastconformer+xlsr+w2vbert,4,xlsr,10481,3375,0.32201125846770345
whisper_v3+fastconformer+xlsr+w2vbert,4,w2vbert,10481,3774,0.3600801450243297
whisper_v3+fastconformer+xlsr+hubert,4,whisper_v3,10481,2183,0.20828165251407307
whisper_v3+fastconformer+xlsr+hubert,4,fastconformer,10481,706,0.06735998473428108
whisper_v3+fastconformer+xlsr+hubert,4,xlsr,10481,4204,0.4011067646216964
whisper_v3+fastconformer+xlsr+hubert,4,hubert,10481,983,0.09378876061444519
whisper_v3+fastconformer+xlsr+wav2vec_sb,4,whisper_v3,10481,1669,0.15924053048373246
whisper_v3+fastconformer+xlsr+wav2vec_sb,4,fastconformer,10481,788,0.07518366568075566
whisper_v3+fastconformer+xlsr+wav2vec_sb,4,xlsr,10481,2655,0.25331552332792673
whisper_v3+fastconformer+xlsr+wav2vec_sb,4,wav2vec_sb,10481,4497,0.42906211239385555
whisper_v3+fastconformer+xlsr+cohere,4,whisper_v3,10481,2209,0.21076233183856502
whisper_v3+fastconformer+xlsr+cohere,4,fastconformer,10481,708,0.06755080622078045
whisper_v3+fastconformer+xlsr+cohere,4,xlsr,10481,4417,0.42142925293388034
whisper_v3+fastconformer+xlsr+cohere,4,cohere,10481,453,0.04322106669210953
whisper_v3+fastconformer+w2vbert+hubert,4,whisper_v3,10481,2101,0.2004579715675985
whisper_v3+fastconformer+w2vbert+hubert,4,fastconformer,10481,712,0.06793244919377922
whisper_v3+fastconformer+w2vbert+hubert,4,w2vbert,10481,4682,0.4467130998950482
whisper_v3+fastconformer+w2vbert+hubert,4,hubert,10481,1089,0.10390229939891232
whisper_v3+fastconformer+w2vbert+wav2vec_sb,4,whisper_v3,10481,1383,0.13195305791432116
whisper_v3+fastconformer+w2vbert+wav2vec_sb,4,fastconformer,10481,642,0.06125369716630093
whisper_v3+fastconformer+w2vbert+wav2vec_sb,4,w2vbert,10481,3424,0.3266863848869383
whisper_v3+fastconformer+w2vbert+wav2vec_sb,4,wav2vec_sb,10481,4713,0.4496708329357886
whisper_v3+fastconformer+w2vbert+cohere,4,whisper_v3,10481,2192,0.20914034920332028
whisper_v3+fastconformer+w2vbert+cohere,4,fastconformer,10481,777,0.07413414750500906
whisper_v3+fastconformer+w2vbert+cohere,4,w2vbert,10481,4919,0.4693254460452247
whisper_v3+fastconformer+w2vbert+cohere,4,cohere,10481,485,0.04627421047609961
whisper_v3+fastconformer+hubert+wav2vec_sb,4,whisper_v3,10481,2008,0.19158477244537736
whisper_v3+fastconformer+hubert+wav2vec_sb,4,fastconformer,10481,541,0.051617212098082246
whisper_v3+fastconformer+hubert+wav2vec_sb,4,hubert,10481,832,0.079381738383742
whisper_v3+fastconformer+hubert+wav2vec_sb,4,wav2vec_sb,10481,5572,0.5316286613872722
whisper_v3+fastconformer+hubert+cohere,4,whisper_v3,10481,3079,0.29376967846579527
whisper_v3+fastconformer+hubert+cohere,4,fastconformer,10481,927,0.08844575899246256
whisper_v3+fastconformer+hubert+cohere,4,hubert,10481,1481,0.14130331075279076
whisper_v3+fastconformer+hubert+cohere,4,cohere,10481,527,0.050281461692586585
whisper_v3+fastconformer+wav2vec_sb+cohere,4,whisper_v3,10481,2032,0.1938746302833699
whisper_v3+fastconformer+wav2vec_sb+cohere,4,fastconformer,10481,550,0.05247590878732945
whisper_v3+fastconformer+wav2vec_sb+cohere,4,wav2vec_sb,10481,5756,0.5491842381452151
whisper_v3+fastconformer+wav2vec_sb+cohere,4,cohere,10481,358,0.03415704608338899
whisper_v3+xlsr+w2vbert+hubert,4,whisper_v3,10481,1633,0.15580574372674363
whisper_v3+xlsr+w2vbert+hubert,4,xlsr,10481,3253,0.3103711477912413
whisper_v3+xlsr+w2vbert+hubert,4,w2vbert,10481,3699,0.352924339280603
whisper_v3+xlsr+w2vbert+hubert,4,hubert,10481,1006,0.09598320770918806
whisper_v3+xlsr+w2vbert+wav2vec_sb,4,whisper_v3,10481,1451,0.13844098845530006
whisper_v3+xlsr+w2vbert+wav2vec_sb,4,xlsr,10481,2140,0.20417899055433641
whisper_v3+xlsr+w2vbert+wav2vec_sb,4,w2vbert,10481,3139,0.29949432306077667
whisper_v3+xlsr+w2vbert+wav2vec_sb,4,wav2vec_sb,10481,3903,0.3723881309035397
whisper_v3+xlsr+w2vbert+cohere,4,whisper_v3,10481,1584,0.15113061730750882
whisper_v3+xlsr+w2vbert+cohere,4,xlsr,10481,3431,0.3273542600896861
whisper_v3+xlsr+w2vbert+cohere,4,w2vbert,10481,3823,0.36475527144356457
whisper_v3+xlsr+w2vbert+cohere,4,cohere,10481,605,0.0577234996660624
whisper_v3+xlsr+hubert+wav2vec_sb,4,whisper_v3,10481,1765,0.1683999618357027
whisper_v3+xlsr+hubert+wav2vec_sb,4,xlsr,10481,2571,0.24530102089495276
whisper_v3+xlsr+hubert+wav2vec_sb,4,hubert,10481,989,0.09436122507394333
whisper_v3+xlsr+hubert+wav2vec_sb,4,wav2vec_sb,10481,4473,0.426772254555863
whisper_v3+xlsr+hubert+cohere,4,whisper_v3,10481,2211,0.2109531533250644
whisper_v3+xlsr+hubert+cohere,4,xlsr,10481,4259,0.40635435550042937
whisper_v3+xlsr+hubert+cohere,4,hubert,10481,989,0.09436122507394333
whisper_v3+xlsr+hubert+cohere,4,cohere,10481,441,0.042076137773113254
whisper_v3+xlsr+wav2vec_sb+cohere,4,whisper_v3,10481,1634,0.1559011544699933
whisper_v3+xlsr+wav2vec_sb+cohere,4,xlsr,10481,2709,0.25846770346340997
whisper_v3+xlsr+wav2vec_sb+cohere,4,wav2vec_sb,10481,4592,0.4381261330025761
whisper_v3+xlsr+wav2vec_sb+cohere,4,cohere,10481,661,0.06306650128804503
whisper_v3+w2vbert+hubert+wav2vec_sb,4,whisper_v3,10481,1416,0.1351016124415609
whisper_v3+w2vbert+hubert+wav2vec_sb,4,w2vbert,10481,3354,0.32000763285946
whisper_v3+w2vbert+hubert+wav2vec_sb,4,hubert,10481,841,0.08024043507298922
whisper_v3+w2vbert+hubert+wav2vec_sb,4,wav2vec_sb,10481,4652,0.4438507775975575
whisper_v3+w2vbert+hubert+cohere,4,whisper_v3,10481,2166,0.20665966987882836
whisper_v3+w2vbert+hubert+cohere,4,w2vbert,10481,4784,0.45644499570651653
whisper_v3+w2vbert+hubert+cohere,4,hubert,10481,1125,0.10733708615590115
whisper_v3+w2vbert+hubert+cohere,4,cohere,10481,477,0.04551092453010209
whisper_v3+w2vbert+wav2vec_sb+cohere,4,whisper_v3,10481,1386,0.1322392901440702
whisper_v3+w2vbert+wav2vec_sb+cohere,4,w2vbert,10481,3471,0.3311706898196737
whisper_v3+w2vbert+wav2vec_sb+cohere,4,wav2vec_sb,10481,4806,0.45854403205800975
whisper_v3+w2vbert+wav2vec_sb+cohere,4,cohere,10481,490,0.04675126419234806
whisper_v3+hubert+wav2vec_sb+cohere,4,whisper_v3,10481,2004,0.19120312947237858
whisper_v3+hubert+wav2vec_sb+cohere,4,hubert,10481,813,0.0775689342619979
whisper_v3+hubert+wav2vec_sb+cohere,4,wav2vec_sb,10481,5627,0.5368762522660051
whisper_v3+hubert+wav2vec_sb+cohere,4,cohere,10481,340,0.03243965270489457
whisper_v2+fastconformer+xlsr+w2vbert,4,whisper_v2,10481,2245,0.21419711859555385
whisper_v2+fastconformer+xlsr+w2vbert,4,fastconformer,10481,777,0.07413414750500906
whisper_v2+fastconformer+xlsr+w2vbert,4,xlsr,10481,3190,0.3043602709665108
whisper_v2+fastconformer+xlsr+w2vbert,4,w2vbert,10481,3606,0.34405114015838184
whisper_v2+fastconformer+xlsr+hubert,4,whisper_v2,10481,2949,0.28136628184333556
whisper_v2+fastconformer+xlsr+hubert,4,fastconformer,10481,673,0.06421143020704131
whisper_v2+fastconformer+xlsr+hubert,4,xlsr,10481,3941,0.37601373914702796
whisper_v2+fastconformer+xlsr+hubert,4,hubert,10481,903,0.08615590115447
whisper_v2+fastconformer+xlsr+wav2vec_sb,4,whisper_v2,10481,2293,0.218776834271539
whisper_v2+fastconformer+xlsr+wav2vec_sb,4,fastconformer,10481,783,0.0747066119645072
whisper_v2+fastconformer+xlsr+wav2vec_sb,4,xlsr,10481,2494,0.23795439366472665
whisper_v2+fastconformer+xlsr+wav2vec_sb,4,wav2vec_sb,10481,4270,0.4074038736761759
whisper_v2+fastconformer+xlsr+cohere,4,whisper_v2,10481,3008,0.28699551569506726
whisper_v2+fastconformer+xlsr+cohere,4,fastconformer,10481,662,0.06316191203129472
whisper_v2+fastconformer+xlsr+cohere,4,xlsr,10481,4197,0.40043888941894856
whisper_v2+fastconformer+xlsr+cohere,4,cohere,10481,416,0.039690869191871
whisper_v2+fastconformer+w2vbert+hubert,4,whisper_v2,10481,2893,0.2760232802213529
whisper_v2+fastconformer+w2vbert+hubert,4,fastconformer,10481,668,0.06373437649079286
whisper_v2+fastconformer+w2vbert+hubert,4,w2vbert,10481,4452,0.4247686289476195
whisper_v2+fastconformer+w2vbert+hubert,4,hubert,10481,990,0.09445663581719302
whisper_v2+fastconformer+w2vbert+wav2vec_sb,4,whisper_v2,10481,2023,0.1930159335941227
whisper_v2+fastconformer+w2vbert+wav2vec_sb,4,fastconformer,10481,616,0.05877301784180899
whisper_v2+fastconformer+w2vbert+wav2vec_sb,4,w2vbert,10481,3277,0.3126610056292339
whisper_v2+fastconformer+w2vbert+wav2vec_sb,4,wav2vec_sb,10481,4537,0.43287854212384314
whisper_v2+fastconformer+w2vbert+cohere,4,whisper_v2,10481,2987,0.2849918900868238
whisper_v2+fastconformer+w2vbert+cohere,4,fastconformer,10481,723,0.0689819673695258
whisper_v2+fastconformer+w2vbert+cohere,4,w2vbert,10481,4686,0.44709474286804696
whisper_v2+fastconformer+w2vbert+cohere,4,cohere,10481,433,0.041312851827115735
whisper_v2+fastconformer+hubert+wav2vec_sb,4,whisper_v2,10481,2692,0.25684572082816526
whisper_v2+fastconformer+hubert+wav2vec_sb,4,fastconformer,10481,505,0.048182425341093404
whisper_v2+fastconformer+hubert+wav2vec_sb,4,hubert,10481,784,0.07480202270775689
whisper_v2+fastconformer+hubert+wav2vec_sb,4,wav2vec_sb,10481,5293,0.5050090640206087
whisper_v2+fastconformer+hubert+cohere,4,whisper_v2,10481,3978,0.3795439366472665
whisper_v2+fastconformer+hubert+cohere,4,fastconformer,10481,870,0.08300734662723022
whisper_v2+fastconformer+hubert+cohere,4,hubert,10481,1374,0.13109436122507395
whisper_v2+fastconformer+hubert+cohere,4,cohere,10481,487,0.04646503196259899
whisper_v2+fastconformer+wav2vec_sb+cohere,4,whisper_v2,10481,2737,0.2611392042744013
whisper_v2+fastconformer+wav2vec_sb+cohere,4,fastconformer,10481,520,0.049613586489838754
whisper_v2+fastconformer+wav2vec_sb+cohere,4,wav2vec_sb,10481,5485,0.5233279267245492
whisper_v2+fastconformer+wav2vec_sb+cohere,4,cohere,10481,353,0.03367999236714054
whisper_v2+xlsr+w2vbert+hubert,4,whisper_v2,10481,2317,0.22106669210953153
whisper_v2+xlsr+w2vbert+hubert,4,xlsr,10481,3082,0.2940559106955443
whisper_v2+xlsr+w2vbert+hubert,4,w2vbert,10481,3555,0.33918519225264765
whisper_v2+xlsr+w2vbert+hubert,4,hubert,10481,969,0.09245301020894953
whisper_v2+xlsr+w2vbert+wav2vec_sb,4,whisper_v2,10481,2000,0.19082148649937983
whisper_v2+xlsr+w2vbert+wav2vec_sb,4,xlsr,10481,1988,0.18967655758038354
whisper_v2+xlsr+w2vbert+wav2vec_sb,4,w2vbert,10481,3012,0.287377158668066
whisper_v2+xlsr+w2vbert+wav2vec_sb,4,wav2vec_sb,10481,3750,0.3577902871863372
whisper_v2+xlsr+w2vbert+cohere,4,whisper_v2,10481,2258,0.21543745825779984
whisper_v2+xlsr+w2vbert+cohere,4,xlsr,10481,3247,0.30979868333174315
whisper_v2+xlsr+w2vbert+cohere,4,w2vbert,10481,3628,0.346150176509875
whisper_v2+xlsr+w2vbert+cohere,4,cohere,10481,601,0.05734185669306364
whisper_v2+xlsr+hubert+wav2vec_sb,4,whisper_v2,10481,2392,0.22822249785325827
whisper_v2+xlsr+hubert+wav2vec_sb,4,xlsr,10481,2390,0.2280316763667589
whisper_v2+xlsr+hubert+wav2vec_sb,4,hubert,10481,964,0.09197595649270107
whisper_v2+xlsr+hubert+wav2vec_sb,4,wav2vec_sb,10481,4251,0.4055910695544318
whisper_v2+xlsr+hubert+cohere,4,whisper_v2,10481,2954,0.281843335559584
whisper_v2+xlsr+hubert+cohere,4,xlsr,10481,3974,0.37916229367426774
whisper_v2+xlsr+hubert+cohere,4,hubert,10481,908,0.08663295487071844
whisper_v2+xlsr+hubert+cohere,4,cohere,10481,403,0.038450529529625035
whisper_v2+xlsr+wav2vec_sb+cohere,4,whisper_v2,10481,2282,0.21772731609579238
whisper_v2+xlsr+wav2vec_sb+cohere,4,xlsr,10481,2544,0.24272493082721114
whisper_v2+xlsr+wav2vec_sb+cohere,4,wav2vec_sb,10481,4375,0.41742200171739335
whisper_v2+xlsr+wav2vec_sb+cohere,4,cohere,10481,655,0.062494036828546894
whisper_v2+w2vbert+hubert+wav2vec_sb,4,whisper_v2,10481,2044,0.1950195592023662
whisper_v2+w2vbert+hubert+wav2vec_sb,4,w2vbert,10481,3217,0.3069363610342525
whisper_v2+w2vbert+hubert+wav2vec_sb,4,hubert,10481,816,0.07785516649174697
whisper_v2+w2vbert+hubert+wav2vec_sb,4,wav2vec_sb,10481,4493,0.4286804694208568
whisper_v2+w2vbert+hubert+cohere,4,whisper_v2,10481,2959,0.2823203892758325
whisper_v2+w2vbert+hubert+cohere,4,w2vbert,10481,4512,0.4304932735426009
whisper_v2+w2vbert+hubert+cohere,4,hubert,10481,1042,0.0994179944661769
whisper_v2+w2vbert+hubert+cohere,4,cohere,10481,437,0.041694494800114494
whisper_v2+w2vbert+wav2vec_sb+cohere,4,whisper_v2,10481,2017,0.19244346913462457
whisper_v2+w2vbert+wav2vec_sb+cohere,4,w2vbert,10481,3280,0.31294723785898293
whisper_v2+w2vbert+wav2vec_sb+cohere,4,wav2vec_sb,10481,4591,0.4380307222593264
whisper_v2+w2vbert+wav2vec_sb+cohere,4,cohere,10481,474,0.04522469230035302
whisper_v2+hubert+wav2vec_sb+cohere,4,whisper_v2,10481,2714,0.2589447571796584
whisper_v2+hubert+wav2vec_sb+cohere,4,hubert,10481,776,0.07403873676175937
whisper_v2+hubert+wav2vec_sb+cohere,4,wav2vec_sb,10481,5364,0.5117832267913367
whisper_v2+hubert+wav2vec_sb+cohere,4,cohere,10481,323,0.030817670069649843
fastconformer+xlsr+w2vbert+hubert,4,fastconformer,10481,650,0.062016983112298446
fastconformer+xlsr+w2vbert+hubert,4,xlsr,10481,3626,0.34595935502337566
fastconformer+xlsr+w2vbert+hubert,4,w2vbert,10481,4154,0.39633622745921193
fastconformer+xlsr+w2vbert+hubert,4,hubert,10481,799,0.07623318385650224
fastconformer+xlsr+w2vbert+wav2vec_sb,4,fastconformer,10481,841,0.08024043507298922
fastconformer+xlsr+w2vbert+wav2vec_sb,4,xlsr,10481,2266,0.21620074420379734
fastconformer+xlsr+w2vbert+wav2vec_sb,4,w2vbert,10481,3378,0.32229749069745256
fastconformer+xlsr+w2vbert+wav2vec_sb,4,wav2vec_sb,10481,4046,0.3860318671882454
fastconformer+xlsr+w2vbert+cohere,4,fastconformer,10481,605,0.0577234996660624
fastconformer+xlsr+w2vbert+cohere,4,xlsr,10481,3791,0.3617021276595745
fastconformer+xlsr+w2vbert+cohere,4,w2vbert,10481,4280,0.40835798110867283
fastconformer+xlsr+w2vbert+cohere,4,cohere,10481,422,0.040263333651369144
fastconformer+xlsr+hubert+wav2vec_sb,4,fastconformer,10481,688,0.06564259135578666
fastconformer+xlsr+hubert+wav2vec_sb,4,xlsr,10481,3039,0.28995324873580763
fastconformer+xlsr+hubert+wav2vec_sb,4,hubert,10481,784,0.07480202270775689
fastconformer+xlsr+hubert+wav2vec_sb,4,wav2vec_sb,10481,4890,0.46655853449098367
fastconformer+xlsr+hubert+cohere,4,fastconformer,10481,776,0.07403873676175937
fastconformer+xlsr+hubert+cohere,4,xlsr,10481,4876,0.465222784085488
fastconformer+xlsr+hubert+cohere,4,hubert,10481,1062,0.10132620933117069
fastconformer+xlsr+hubert+cohere,4,cohere,10481,482,0.045987978246350536
fastconformer+xlsr+wav2vec_sb+cohere,4,fastconformer,10481,594,0.05667398149031581
fastconformer+xlsr+wav2vec_sb+cohere,4,xlsr,10481,3214,0.3066501288045034
fastconformer+xlsr+wav2vec_sb+cohere,4,wav2vec_sb,10481,5044,0.48125178895143594
fastconformer+xlsr+wav2vec_sb+cohere,4,cohere,10481,453,0.04322106669210953
fastconformer+w2vbert+hubert+wav2vec_sb,4,fastconformer,10481,492,0.04694208567884744
fastconformer+w2vbert+hubert+wav2vec_sb,4,w2vbert,10481,3856,0.3679038259708043
fastconformer+w2vbert+hubert+wav2vec_sb,4,hubert,10481,691,0.06592882358553573
fastconformer+w2vbert+hubert+wav2vec_sb,4,wav2vec_sb,10481,5004,0.4774353592214483
fastconformer+w2vbert+hubert+cohere,4,fastconformer,10481,772,0.07365709378876062
fastconformer+w2vbert+hubert+cohere,4,w2vbert,10481,5413,0.5164583532105715
fastconformer+w2vbert+hubert+cohere,4,hubert,10481,1139,0.10867283656139681
fastconformer+w2vbert+hubert+cohere,4,cohere,10481,492,0.04694208567884744
fastconformer+w2vbert+wav2vec_sb+cohere,4,fastconformer,10481,476,0.0454155137868524
fastconformer+w2vbert+wav2vec_sb+cohere,4,w2vbert,10481,3923,0.37429634576853354
fastconformer+w2vbert+wav2vec_sb+cohere,4,wav2vec_sb,10481,5121,0.48859841618166205
fastconformer+w2vbert+wav2vec_sb+cohere,4,cohere,10481,344,0.03282129567789333
fastconformer+hubert+wav2vec_sb+cohere,4,fastconformer,10481,609,0.05810514263906116
fastconformer+hubert+wav2vec_sb+cohere,4,hubert,10481,888,0.08472474000572465
fastconformer+hubert+wav2vec_sb+cohere,4,wav2vec_sb,10481,6163,0.5880164106478389
fastconformer+hubert+wav2vec_sb+cohere,4,cohere,10481,408,0.03892758324587348
xlsr+w2vbert+hubert+wav2vec_sb,4,xlsr,10481,2187,0.20866329548707185
xlsr+w2vbert+hubert+wav2vec_sb,4,w2vbert,10481,3399,0.324301116305696
xlsr+w2vbert+hubert+wav2vec_sb,4,hubert,10481,959,0.09149890277645263
xlsr+w2vbert+hubert+wav2vec_sb,4,wav2vec_sb,10481,4026,0.3841236523232516
xlsr+w2vbert+hubert+cohere,4,xlsr,10481,3713,0.3542600896860987
xlsr+w2vbert+hubert+cohere,4,w2vbert,10481,4233,0.4038736761759374
xlsr+w2vbert+hubert+cohere,4,hubert,10481,806,0.07690105905925007
xlsr+w2vbert+hubert+cohere,4,cohere,10481,480,0.04579715675985116
xlsr+w2vbert+wav2vec_sb+cohere,4,xlsr,10481,2296,0.21906306650128804
xlsr+w2vbert+wav2vec_sb+cohere,4,w2vbert,10481,3356,0.32019845434595934
xlsr+w2vbert+wav2vec_sb+cohere,4,wav2vec_sb,10481,4134,0.3944280125942181
xlsr+w2vbert+wav2vec_sb+cohere,4,cohere,10481,705,0.06726457399103139
xlsr+hubert+wav2vec_sb+cohere,4,xlsr,10481,3066,0.29252933880354925
xlsr+hubert+wav2vec_sb+cohere,4,hubert,10481,747,0.07127182520751836
xlsr+hubert+wav2vec_sb+cohere,4,wav2vec_sb,10481,4972,0.47438221543745823
xlsr+hubert+wav2vec_sb+cohere,4,cohere,10481,494,0.04713290716534682
w2vbert+hubert+wav2vec_sb+cohere,4,w2vbert,10481,3850,0.3673313615113062
w2vbert+hubert+wav2vec_sb+cohere,4,hubert,10481,684,0.0652609483827879
w2vbert+hubert+wav2vec_sb+cohere,4,wav2vec_sb,10481,5075,0.4842095219921763
w2vbert+hubert+wav2vec_sb+cohere,4,cohere,10481,360,0.03434786756988837
seamless_m4t+whisper_v3+whisper_v2+fastconformer+xlsr,5,seamless_m4t,10481,1443,0.13767770250930256
seamless_m4t+whisper_v3+whisper_v2+fastconformer+xlsr,5,whisper_v3,10481,1438,0.1372006487930541
seamless_m4t+whisper_v3+whisper_v2+fastconformer+xlsr,5,whisper_v2,10481,2448,0.2335654994752409
seamless_m4t+whisper_v3+whisper_v2+fastconformer+xlsr,5,fastconformer,10481,1066,0.10170785230416945
seamless_m4t+whisper_v3+whisper_v2+fastconformer+xlsr,5,xlsr,10481,4301,0.41036160671691635
seamless_m4t+whisper_v3+whisper_v2+fastconformer+w2vbert,5,seamless_m4t,10481,1493,0.14244823967178705
seamless_m4t+whisper_v3+whisper_v2+fastconformer+w2vbert,5,whisper_v3,10481,1410,0.13452914798206278
seamless_m4t+whisper_v3+whisper_v2+fastconformer+w2vbert,5,whisper_v2,10481,2436,0.23242057055624463
seamless_m4t+whisper_v3+whisper_v2+fastconformer+w2vbert,5,fastconformer,10481,1158,0.11048564068314091
seamless_m4t+whisper_v3+whisper_v2+fastconformer+w2vbert,5,w2vbert,10481,4771,0.4552046560442706
seamless_m4t+whisper_v3+whisper_v2+fastconformer+hubert,5,seamless_m4t,10481,1724,0.1644881213624654
seamless_m4t+whisper_v3+whisper_v2+fastconformer+hubert,5,whisper_v3,10481,2016,0.19234805839137487
seamless_m4t+whisper_v3+whisper_v2+fastconformer+hubert,5,whisper_v2,10481,3206,0.30588684285850587
seamless_m4t+whisper_v3+whisper_v2+fastconformer+hubert,5,fastconformer,10481,1189,0.1134433737238813
seamless_m4t+whisper_v3+whisper_v2+fastconformer+hubert,5,hubert,10481,1711,0.16324778170021945
seamless_m4t+whisper_v3+whisper_v2+fastconformer+wav2vec_sb,5,seamless_m4t,10481,1187,0.11325255223738193
seamless_m4t+whisper_v3+whisper_v2+fastconformer+wav2vec_sb,5,whisper_v3,10481,1287,0.12279362656235092
seamless_m4t+whisper_v3+whisper_v2+fastconformer+wav2vec_sb,5,whisper_v2,10481,2194,0.20933117068981968
seamless_m4t+whisper_v3+whisper_v2+fastconformer+wav2vec_sb,5,fastconformer,10481,846,0.08071748878923767
seamless_m4t+whisper_v3+whisper_v2+fastconformer+wav2vec_sb,5,wav2vec_sb,10481,5628,0.5369716630092548
seamless_m4t+whisper_v3+whisper_v2+fastconformer+cohere,5,seamless_m4t,10481,1758,0.16773208663295486
seamless_m4t+whisper_v3+whisper_v2+fastconformer+cohere,5,whisper_v3,10481,2211,0.2109531533250644
seamless_m4t+whisper_v3+whisper_v2+fastconformer+cohere,5,whisper_v2,10481,3391,0.3235378303596985
seamless_m4t+whisper_v3+whisper_v2+fastconformer+cohere,5,fastconformer,10481,1294,0.12346150176509875
seamless_m4t+whisper_v3+whisper_v2+fastconformer+cohere,5,cohere,10481,801,0.07642400534300162
seamless_m4t+whisper_v3+whisper_v2+xlsr+w2vbert,5,seamless_m4t,10481,1438,0.1372006487930541
seamless_m4t+whisper_v3+whisper_v2+xlsr+w2vbert,5,whisper_v3,10481,1094,0.10437935311516076
seamless_m4t+whisper_v3+whisper_v2+xlsr+w2vbert,5,whisper_v2,10481,1971,0.18805457494513883
seamless_m4t+whisper_v3+whisper_v2+xlsr+w2vbert,5,xlsr,10481,3738,0.3566453582673409
seamless_m4t+whisper_v3+whisper_v2+xlsr+w2vbert,5,w2vbert,10481,4113,0.3924243869859746
seamless_m4t+whisper_v3+whisper_v2+xlsr+hubert,5,seamless_m4t,10481,1433,0.13672359507680565
seamless_m4t+whisper_v3+whisper_v2+xlsr+hubert,5,whisper_v3,10481,1452,0.13853639919854976
seamless_m4t+whisper_v3+whisper_v2+xlsr+hubert,5,whisper_v2,10481,2447,0.2334700887319912
seamless_m4t+whisper_v3+whisper_v2+xlsr+hubert,5,xlsr,10481,4190,0.39977101421620076
seamless_m4t+whisper_v3+whisper_v2+xlsr+hubert,5,hubert,10481,1397,0.13328880831981682
seamless_m4t+whisper_v3+whisper_v2+xlsr+wav2vec_sb,5,seamless_m4t,10481,1331,0.12699169926533727
seamless_m4t+whisper_v3+whisper_v2+xlsr+wav2vec_sb,5,whisper_v3,10481,1126,0.10743249689915084
seamless_m4t+whisper_v3+whisper_v2+xlsr+wav2vec_sb,5,whisper_v2,10481,1969,0.18786375345863945
seamless_m4t+whisper_v3+whisper_v2+xlsr+wav2vec_sb,5,xlsr,10481,3161,0.30159335941226983
seamless_m4t+whisper_v3+whisper_v2+xlsr+wav2vec_sb,5,wav2vec_sb,10481,5025,0.4794389848296918
seamless_m4t+whisper_v3+whisper_v2+xlsr+cohere,5,seamless_m4t,10481,1439,0.13729605953630378
seamless_m4t+whisper_v3+whisper_v2+xlsr+cohere,5,whisper_v3,10481,1515,0.1445472760232802
seamless_m4t+whisper_v3+whisper_v2+xlsr+cohere,5,whisper_v2,10481,2518,0.24024425150271922
seamless_m4t+whisper_v3+whisper_v2+xlsr+cohere,5,xlsr,10481,4384,0.41828069840664056
seamless_m4t+whisper_v3+whisper_v2+xlsr+cohere,5,cohere,10481,789,0.07527907642400535
seamless_m4t+whisper_v3+whisper_v2+w2vbert+hubert,5,seamless_m4t,10481,1454,0.13872722068504914
seamless_m4t+whisper_v3+whisper_v2+w2vbert+hubert,5,whisper_v3,10481,1397,0.13328880831981682
seamless_m4t+whisper_v3+whisper_v2+w2vbert+hubert,5,whisper_v2,10481,2401,0.22908119454250547
seamless_m4t+whisper_v3+whisper_v2+w2vbert+hubert,5,w2vbert,10481,4668,0.44537734948955254
seamless_m4t+whisper_v3+whisper_v2+w2vbert+hubert,5,hubert,10481,1507,0.1437839900772827
seamless_m4t+whisper_v3+whisper_v2+w2vbert+wav2vec_sb,5,seamless_m4t,10481,1189,0.1134433737238813
seamless_m4t+whisper_v3+whisper_v2+w2vbert+wav2vec_sb,5,whisper_v3,10481,953,0.09092643831695449
seamless_m4t+whisper_v3+whisper_v2+w2vbert+wav2vec_sb,5,whisper_v2,10481,1772,0.16906783703845052
seamless_m4t+whisper_v3+whisper_v2+w2vbert+wav2vec_sb,5,w2vbert,10481,3701,0.35311516076710237
seamless_m4t+whisper_v3+whisper_v2+w2vbert+wav2vec_sb,5,wav2vec_sb,10481,5074,0.4841141112489266
seamless_m4t+whisper_v3+whisper_v2+w2vbert+cohere,5,seamless_m4t,10480,1471,0.14036259541984733
seamless_m4t+whisper_v3+whisper_v2+w2vbert+cohere,5,whisper_v3,10480,1472,0.14045801526717558
seamless_m4t+whisper_v3+whisper_v2+w2vbert+cohere,5,whisper_v2,10480,2499,0.23845419847328245
seamless_m4t+whisper_v3+whisper_v2+w2vbert+cohere,5,w2vbert,10480,4838,0.4616412213740458
seamless_m4t+whisper_v3+whisper_v2+w2vbert+cohere,5,cohere,10480,832,0.07938931297709924
seamless_m4t+whisper_v3+whisper_v2+hubert+wav2vec_sb,5,seamless_m4t,10481,1189,0.1134433737238813
seamless_m4t+whisper_v3+whisper_v2+hubert+wav2vec_sb,5,whisper_v3,10481,1269,0.1210762331838565
seamless_m4t+whisper_v3+whisper_v2+hubert+wav2vec_sb,5,whisper_v2,10481,2192,0.20914034920332028
seamless_m4t+whisper_v3+whisper_v2+hubert+wav2vec_sb,5,hubert,10481,1171,0.11172598034538689
seamless_m4t+whisper_v3+whisper_v2+hubert+wav2vec_sb,5,wav2vec_sb,10481,5611,0.5353496803740101
seamless_m4t+whisper_v3+whisper_v2+hubert+cohere,5,seamless_m4t,10481,1740,0.16601469325446044
seamless_m4t+whisper_v3+whisper_v2+hubert+cohere,5,whisper_v3,10481,2130,0.2032248831218395
seamless_m4t+whisper_v3+whisper_v2+hubert+cohere,5,whisper_v2,10481,3299,0.31476004198072705
seamless_m4t+whisper_v3+whisper_v2+hubert+cohere,5,hubert,10481,1774,0.16925865852494992
seamless_m4t+whisper_v3+whisper_v2+hubert+cohere,5,cohere,10481,788,0.07518366568075566
seamless_m4t+whisper_v3+whisper_v2+wav2vec_sb+cohere,5,seamless_m4t,10481,1173,0.11191680183188626
seamless_m4t+whisper_v3+whisper_v2+wav2vec_sb+cohere,5,whisper_v3,10481,1310,0.12498807365709379
seamless_m4t+whisper_v3+whisper_v2+wav2vec_sb+cohere,5,whisper_v2,10481,2234,0.21314760041980726
seamless_m4t+whisper_v3+whisper_v2+wav2vec_sb+cohere,5,wav2vec_sb,10481,5698,0.5436504150367332
seamless_m4t+whisper_v3+whisper_v2+wav2vec_sb+cohere,5,cohere,10481,619,0.05905925007155806
seamless_m4t+whisper_v3+fastconformer+xlsr+w2vbert,5,seamless_m4t,10481,1308,0.12479725217059441
seamless_m4t+whisper_v3+fastconformer+xlsr+w2vbert,5,whisper_v3,10481,1718,0.16391565690296728
seamless_m4t+whisper_v3+fastconformer+xlsr+w2vbert,5,fastconformer,10481,809,0.07718729128899914
seamless_m4t+whisper_v3+fastconformer+xlsr+w2vbert,5,xlsr,10481,3801,0.36265623509207134
seamless_m4t+whisper_v3+fastconformer+xlsr+w2vbert,5,w2vbert,10481,4243,0.4048277836084343
seamless_m4t+whisper_v3+fastconformer+xlsr+hubert,5,seamless_m4t,10481,1466,0.13987214960404543
seamless_m4t+whisper_v3+fastconformer+xlsr+hubert,5,whisper_v3,10481,2203,0.2101898673790669
seamless_m4t+whisper_v3+fastconformer+xlsr+hubert,5,fastconformer,10481,827,0.07890468466749356
seamless_m4t+whisper_v3+fastconformer+xlsr+hubert,5,xlsr,10481,4455,0.42505486117736857
seamless_m4t+whisper_v3+fastconformer+xlsr+hubert,5,hubert,10481,1165,0.11115351588588875
seamless_m4t+whisper_v3+fastconformer+xlsr+wav2vec_sb,5,seamless_m4t,10481,1199,0.11439748115637821
seamless_m4t+whisper_v3+fastconformer+xlsr+wav2vec_sb,5,whisper_v3,10481,1732,0.16525140730846294
seamless_m4t+whisper_v3+fastconformer+xlsr+wav2vec_sb,5,fastconformer,10481,739,0.07050853926152084
seamless_m4t+whisper_v3+fastconformer+xlsr+wav2vec_sb,5,xlsr,10481,3272,0.3121839519129854
seamless_m4t+whisper_v3+fastconformer+xlsr+wav2vec_sb,5,wav2vec_sb,10481,5103,0.48688102280316764
seamless_m4t+whisper_v3+fastconformer+xlsr+cohere,5,seamless_m4t,10481,1490,0.14216200744203797
seamless_m4t+whisper_v3+fastconformer+xlsr+cohere,5,whisper_v3,10481,2248,0.21448335082530293
seamless_m4t+whisper_v3+fastconformer+xlsr+cohere,5,fastconformer,10481,855,0.08157618547848487
seamless_m4t+whisper_v3+fastconformer+xlsr+cohere,5,xlsr,10481,4618,0.44060681232706805
seamless_m4t+whisper_v3+fastconformer+xlsr+cohere,5,cohere,10481,501,0.047800782368094645
seamless_m4t+whisper_v3+fastconformer+w2vbert+hubert,5,seamless_m4t,10481,1502,0.14330693636103425
seamless_m4t+whisper_v3+fastconformer+w2vbert+hubert,5,whisper_v3,10481,2219,0.21171643927106193
seamless_m4t+whisper_v3+fastconformer+w2vbert+hubert,5,fastconformer,10481,874,0.08338898960022899
seamless_m4t+whisper_v3+fastconformer+w2vbert+hubert,5,w2vbert,10481,5002,0.47724453773494896
seamless_m4t+whisper_v3+fastconformer+w2vbert+hubert,5,hubert,10481,1264,0.12059917946760805
seamless_m4t+whisper_v3+fastconformer+w2vbert+wav2vec_sb,5,seamless_m4t,10481,1059,0.10103997710142162
seamless_m4t+whisper_v3+fastconformer+w2vbert+wav2vec_sb,5,whisper_v3,10481,1558,0.1486499379830169
seamless_m4t+whisper_v3+fastconformer+w2vbert+wav2vec_sb,5,fastconformer,10481,659,0.06287567980154565
seamless_m4t+whisper_v3+fastconformer+w2vbert+wav2vec_sb,5,w2vbert,10481,3885,0.3706707375250453
seamless_m4t+whisper_v3+fastconformer+w2vbert+wav2vec_sb,5,wav2vec_sb,10481,5175,0.4937505963171453
seamless_m4t+whisper_v3+fastconformer+w2vbert+cohere,5,seamless_m4t,10481,1524,0.14540597271252742
seamless_m4t+whisper_v3+fastconformer+w2vbert+cohere,5,whisper_v3,10481,2310,0.2203988169067837
seamless_m4t+whisper_v3+fastconformer+w2vbert+cohere,5,fastconformer,10481,942,0.0898769201412079
seamless_m4t+whisper_v3+fastconformer+w2vbert+cohere,5,w2vbert,10481,5178,0.4940368285468944
seamless_m4t+whisper_v3+fastconformer+w2vbert+cohere,5,cohere,10481,551,0.05257131953057914
seamless_m4t+whisper_v3+fastconformer+hubert+wav2vec_sb,5,seamless_m4t,10481,1290,0.1230798587921
seamless_m4t+whisper_v3+fastconformer+hubert+wav2vec_sb,5,whisper_v3,10481,2045,0.19511496994561586
seamless_m4t+whisper_v3+fastconformer+hubert+wav2vec_sb,5,fastconformer,10481,642,0.06125369716630093
seamless_m4t+whisper_v3+fastconformer+hubert+wav2vec_sb,5,hubert,10481,976,0.09312088541169736
seamless_m4t+whisper_v3+fastconformer+hubert+wav2vec_sb,5,wav2vec_sb,10481,5831,0.5563400438889419
seamless_m4t+whisper_v3+fastconformer+hubert+cohere,5,seamless_m4t,10481,1968,0.18776834271538975
seamless_m4t+whisper_v3+fastconformer+hubert+cohere,5,whisper_v3,10481,3062,0.2921476958305505
seamless_m4t+whisper_v3+fastconformer+hubert+cohere,5,fastconformer,10481,1120,0.10686003243965271
seamless_m4t+whisper_v3+fastconformer+hubert+cohere,5,hubert,10481,1666,0.1589542982539834
seamless_m4t+whisper_v3+fastconformer+hubert+cohere,5,cohere,10481,619,0.05905925007155806
seamless_m4t+whisper_v3+fastconformer+wav2vec_sb+cohere,5,seamless_m4t,10481,1269,0.1210762331838565
seamless_m4t+whisper_v3+fastconformer+wav2vec_sb+cohere,5,whisper_v3,10481,2057,0.19625989886461215
seamless_m4t+whisper_v3+fastconformer+wav2vec_sb+cohere,5,fastconformer,10481,672,0.06411601946379163
seamless_m4t+whisper_v3+fastconformer+wav2vec_sb+cohere,5,wav2vec_sb,10481,5927,0.5654994752409122
seamless_m4t+whisper_v3+fastconformer+wav2vec_sb+cohere,5,cohere,10481,413,0.03940463696212194
seamless_m4t+whisper_v3+xlsr+w2vbert+hubert,5,seamless_m4t,10481,1300,0.12403396622459689
seamless_m4t+whisper_v3+xlsr+w2vbert+hubert,5,whisper_v3,10481,1743,0.16630092548420952
seamless_m4t+whisper_v3+xlsr+w2vbert+hubert,5,xlsr,10481,3713,0.3542600896860987
seamless_m4t+whisper_v3+xlsr+w2vbert+hubert,5,w2vbert,10481,4196,0.40034347867569886
seamless_m4t+whisper_v3+xlsr+w2vbert+hubert,5,hubert,10481,1053,0.10046751264192348
seamless_m4t+whisper_v3+xlsr+w2vbert+wav2vec_sb,5,seamless_m4t,10481,1160,0.1106764621696403
seamless_m4t+whisper_v3+xlsr+w2vbert+wav2vec_sb,5,whisper_v3,10481,1415,0.13500620169831123
seamless_m4t+whisper_v3+xlsr+w2vbert+wav2vec_sb,5,xlsr,10481,2708,0.25837229272016027
seamless_m4t+whisper_v3+xlsr+w2vbert+wav2vec_sb,5,w2vbert,10481,3533,0.3370861559011545
seamless_m4t+whisper_v3+xlsr+w2vbert+wav2vec_sb,5,wav2vec_sb,10481,4501,0.4294437553668543
seamless_m4t+whisper_v3+xlsr+w2vbert+cohere,5,seamless_m4t,10481,1293,0.12336609102184906
seamless_m4t+whisper_v3+xlsr+w2vbert+cohere,5,whisper_v3,10481,1770,0.16887701555195114
seamless_m4t+whisper_v3+xlsr+w2vbert+cohere,5,xlsr,10481,3879,0.37009827306554716
seamless_m4t+whisper_v3+xlsr+w2vbert+cohere,5,w2vbert,10481,4310,0.41122030340616356
seamless_m4t+whisper_v3+xlsr+w2vbert+cohere,5,cohere,10481,553,0.052762141017078525
seamless_m4t+whisper_v3+xlsr+hubert+wav2vec_sb,5,seamless_m4t,10481,1201,0.11458830264287759
seamless_m4t+whisper_v3+xlsr+hubert+wav2vec_sb,5,whisper_v3,10481,1764,0.16830455109245301
seamless_m4t+whisper_v3+xlsr+hubert+wav2vec_sb,5,xlsr,10481,3145,0.30006678752027477
seamless_m4t+whisper_v3+xlsr+hubert+wav2vec_sb,5,hubert,10481,971,0.0926438316954489
seamless_m4t+whisper_v3+xlsr+hubert+wav2vec_sb,5,wav2vec_sb,10481,5059,0.4826829501001813
seamless_m4t+whisper_v3+xlsr+hubert+cohere,5,seamless_m4t,10481,1467,0.1399675603472951
seamless_m4t+whisper_v3+xlsr+hubert+cohere,5,whisper_v3,10481,2267,0.21629615494704704
seamless_m4t+whisper_v3+xlsr+hubert+cohere,5,xlsr,10481,4549,0.43402347104283945
seamless_m4t+whisper_v3+xlsr+hubert+cohere,5,hubert,10481,1214,0.11582864230512356
seamless_m4t+whisper_v3+xlsr+hubert+cohere,5,cohere,10481,513,0.04894571128709092
seamless_m4t+whisper_v3+xlsr+wav2vec_sb+cohere,5,seamless_m4t,10481,1195,0.11401583818337944
seamless_m4t+whisper_v3+xlsr+wav2vec_sb+cohere,5,whisper_v3,10481,1770,0.16887701555195114
seamless_m4t+whisper_v3+xlsr+wav2vec_sb+cohere,5,xlsr,10481,3340,0.31867188245396433
seamless_m4t+whisper_v3+xlsr+wav2vec_sb+cohere,5,wav2vec_sb,10481,5202,0.4963266863848869
seamless_m4t+whisper_v3+xlsr+wav2vec_sb+cohere,5,cohere,10481,525,0.05009064020608721
seamless_m4t+whisper_v3+w2vbert+hubert+wav2vec_sb,5,seamless_m4t,10481,1060,0.10113538784467131
seamless_m4t+whisper_v3+w2vbert+hubert+wav2vec_sb,5,whisper_v3,10481,1580,0.15074897433451007
seamless_m4t+whisper_v3+w2vbert+hubert+wav2vec_sb,5,w2vbert,10481,3807,0.3632286995515695
seamless_m4t+whisper_v3+w2vbert+hubert+wav2vec_sb,5,hubert,10481,913,0.0871100085869669
seamless_m4t+whisper_v3+w2vbert+hubert+wav2vec_sb,5,wav2vec_sb,10481,5122,0.48869382692491176
seamless_m4t+whisper_v3+w2vbert+hubert+cohere,5,seamless_m4t,10481,1497,0.1428298826447858
seamless_m4t+whisper_v3+w2vbert+hubert+cohere,5,whisper_v3,10481,2302,0.2196355309607862
seamless_m4t+whisper_v3+w2vbert+hubert+cohere,5,w2vbert,10481,5088,0.4854498616544223
seamless_m4t+whisper_v3+w2vbert+hubert+cohere,5,hubert,10481,1326,0.12651464554908884
seamless_m4t+whisper_v3+w2vbert+hubert+cohere,5,cohere,10481,555,0.0529529625035779
seamless_m4t+whisper_v3+w2vbert+wav2vec_sb+cohere,5,seamless_m4t,10481,1053,0.10046751264192348
seamless_m4t+whisper_v3+w2vbert+wav2vec_sb+cohere,5,whisper_v3,10481,1588,0.15151226028050757
seamless_m4t+whisper_v3+w2vbert+wav2vec_sb+cohere,5,w2vbert,10481,3922,0.37420093502528384
seamless_m4t+whisper_v3+w2vbert+wav2vec_sb+cohere,5,wav2vec_sb,10481,5255,0.5013834557771205
seamless_m4t+whisper_v3+w2vbert+wav2vec_sb+cohere,5,cohere,10481,464,0.04427058486785612
seamless_m4t+whisper_v3+hubert+wav2vec_sb+cohere,5,seamless_m4t,10481,1249,0.1191680183188627
seamless_m4t+whisper_v3+hubert+wav2vec_sb+cohere,5,whisper_v3,10481,2064,0.19692777406735998
seamless_m4t+whisper_v3+hubert+wav2vec_sb+cohere,5,hubert,10481,1006,0.09598320770918806
seamless_m4t+whisper_v3+hubert+wav2vec_sb+cohere,5,wav2vec_sb,10481,5892,0.562160099227173
seamless_m4t+whisper_v3+hubert+wav2vec_sb+cohere,5,cohere,10481,415,0.039595458448621314
seamless_m4t+whisper_v2+fastconformer+xlsr+w2vbert,5,seamless_m4t,10481,1263,0.12050376872435836
seamless_m4t+whisper_v2+fastconformer+xlsr+w2vbert,5,whisper_v2,10481,2506,0.23909932258372293
seamless_m4t+whisper_v2+fastconformer+xlsr+w2vbert,5,fastconformer,10481,750,0.07155805743726744
seamless_m4t+whisper_v2+fastconformer+xlsr+w2vbert,5,xlsr,10481,3644,0.3476767484018701
seamless_m4t+whisper_v2+fastconformer+xlsr+w2vbert,5,w2vbert,10481,4062,0.38755843908024046
seamless_m4t+whisper_v2+fastconformer+xlsr+hubert,5,seamless_m4t,10481,1424,0.13586489838755844
seamless_m4t+whisper_v2+fastconformer+xlsr+hubert,5,whisper_v2,10481,3093,0.29510542887129093
seamless_m4t+whisper_v2+fastconformer+xlsr+hubert,5,fastconformer,10481,776,0.07403873676175937
seamless_m4t+whisper_v2+fastconformer+xlsr+hubert,5,xlsr,10481,4272,0.4075946951626753
seamless_m4t+whisper_v2+fastconformer+xlsr+hubert,5,hubert,10481,1082,0.10323442419616449
seamless_m4t+whisper_v2+fastconformer+xlsr+wav2vec_sb,5,seamless_m4t,10481,1169,0.11153515885888751
seamless_m4t+whisper_v2+fastconformer+xlsr+wav2vec_sb,5,whisper_v2,10481,2507,0.2391947333269726
seamless_m4t+whisper_v2+fastconformer+xlsr+wav2vec_sb,5,fastconformer,10481,713,0.06802785993702891
seamless_m4t+whisper_v2+fastconformer+xlsr+wav2vec_sb,5,xlsr,10481,3120,0.29768151893903255
seamless_m4t+whisper_v2+fastconformer+xlsr+wav2vec_sb,5,wav2vec_sb,10481,4938,0.4711382501669688
seamless_m4t+whisper_v2+fastconformer+xlsr+cohere,5,seamless_m4t,10481,1419,0.13538784467131
seamless_m4t+whisper_v2+fastconformer+xlsr+cohere,5,whisper_v2,10481,3127,0.29834939414178036
seamless_m4t+whisper_v2+fastconformer+xlsr+cohere,5,fastconformer,10481,797,0.07604236237000286
seamless_m4t+whisper_v2+fastconformer+xlsr+cohere,5,xlsr,10481,4439,0.42352828928537356
seamless_m4t+whisper_v2+fastconformer+xlsr+cohere,5,cohere,10481,454,0.04331647743535922
seamless_m4t+whisper_v2+fastconformer+w2vbert+hubert,5,seamless_m4t,10481,1408,0.1343383264955634
seamless_m4t+whisper_v2+fastconformer+w2vbert+hubert,5,whisper_v2,10481,3088,0.2946283751550425
seamless_m4t+whisper_v2+fastconformer+w2vbert+hubert,5,fastconformer,10481,826,0.07880927392424388
seamless_m4t+whisper_v2+fastconformer+w2vbert+hubert,5,w2vbert,10481,4787,0.45673122793626564
seamless_m4t+whisper_v2+fastconformer+w2vbert+hubert,5,hubert,10481,1175,0.11210762331838565
seamless_m4t+whisper_v2+fastconformer+w2vbert+wav2vec_sb,5,seamless_m4t,10481,1031,0.0983684762904303
seamless_m4t+whisper_v2+fastconformer+w2vbert+wav2vec_sb,5,whisper_v2,10481,2292,0.2186814235282893
seamless_m4t+whisper_v2+fastconformer+w2vbert+wav2vec_sb,5,fastconformer,10481,609,0.05810514263906116
seamless_m4t+whisper_v2+fastconformer+w2vbert+wav2vec_sb,5,w2vbert,10481,3743,0.35712241198358935
seamless_m4t+whisper_v2+fastconformer+w2vbert+wav2vec_sb,5,wav2vec_sb,10481,5030,0.4799160385459403
seamless_m4t+whisper_v2+fastconformer+w2vbert+cohere,5,seamless_m4t,10481,1458,0.1391088636580479
seamless_m4t+whisper_v2+fastconformer+w2vbert+cohere,5,whisper_v2,10481,3199,0.305218967655758
seamless_m4t+whisper_v2+fastconformer+w2vbert+cohere,5,fastconformer,10481,875,0.08348440034347868
seamless_m4t+whisper_v2+fastconformer+w2vbert+cohere,5,w2vbert,10481,4960,0.473237286518462
seamless_m4t+whisper_v2+fastconformer+w2vbert+cohere,5,cohere,10481,492,0.04694208567884744
seamless_m4t+whisper_v2+fastconformer+hubert+wav2vec_sb,5,seamless_m4t,10481,1195,0.11401583818337944
seamless_m4t+whisper_v2+fastconformer+hubert+wav2vec_sb,5,whisper_v2,10481,2792,0.26638679515313424
seamless_m4t+whisper_v2+fastconformer+hubert+wav2vec_sb,5,fastconformer,10481,580,0.05533823108482015
seamless_m4t+whisper_v2+fastconformer+hubert+wav2vec_sb,5,hubert,10481,892,0.0851063829787234
seamless_m4t+whisper_v2+fastconformer+hubert+wav2vec_sb,5,wav2vec_sb,10481,5606,0.5348726266577617
seamless_m4t+whisper_v2+fastconformer+hubert+cohere,5,seamless_m4t,10481,1828,0.17441083866043317
seamless_m4t+whisper_v2+fastconformer+hubert+cohere,5,whisper_v2,10481,4019,0.38345577712050377
seamless_m4t+whisper_v2+fastconformer+hubert+cohere,5,fastconformer,10481,1027,0.09798683331743155
seamless_m4t+whisper_v2+fastconformer+hubert+cohere,5,hubert,10481,1549,0.14779124129376967
seamless_m4t+whisper_v2+fastconformer+hubert+cohere,5,cohere,10481,552,0.052666730273828836
seamless_m4t+whisper_v2+fastconformer+wav2vec_sb+cohere,5,seamless_m4t,10481,1192,0.11372960595363038
seamless_m4t+whisper_v2+fastconformer+wav2vec_sb+cohere,5,whisper_v2,10481,2857,0.2725884934643641
seamless_m4t+whisper_v2+fastconformer+wav2vec_sb+cohere,5,fastconformer,10481,637,0.06077664345005247
seamless_m4t+whisper_v2+fastconformer+wav2vec_sb+cohere,5,wav2vec_sb,10481,5727,0.5464173265909742
seamless_m4t+whisper_v2+fastconformer+wav2vec_sb+cohere,5,cohere,10481,378,0.03606526094838279
seamless_m4t+whisper_v2+xlsr+w2vbert+hubert,5,seamless_m4t,10481,1259,0.12012212575135961
seamless_m4t+whisper_v2+xlsr+w2vbert+hubert,5,whisper_v2,10481,2526,0.24100753744871672
seamless_m4t+whisper_v2+xlsr+w2vbert+hubert,5,xlsr,10481,3551,0.3388035492796489
seamless_m4t+whisper_v2+xlsr+w2vbert+hubert,5,w2vbert,10481,4020,0.3835511878637535
seamless_m4t+whisper_v2+xlsr+w2vbert+hubert,5,hubert,10481,962,0.0917851350062017
seamless_m4t+whisper_v2+xlsr+w2vbert+wav2vec_sb,5,seamless_m4t,10481,1140,0.1087682473046465
seamless_m4t+whisper_v2+xlsr+w2vbert+wav2vec_sb,5,whisper_v2,10481,2094,0.19979009636485068
seamless_m4t+whisper_v2+xlsr+w2vbert+wav2vec_sb,5,xlsr,10481,2590,0.24711382501669688
seamless_m4t+whisper_v2+xlsr+w2vbert+wav2vec_sb,5,w2vbert,10481,3406,0.3249689915084438
seamless_m4t+whisper_v2+xlsr+w2vbert+wav2vec_sb,5,wav2vec_sb,10481,4398,0.4196164488121362
seamless_m4t+whisper_v2+xlsr+w2vbert+cohere,5,seamless_m4t,10481,1258,0.12002671500810991
seamless_m4t+whisper_v2+xlsr+w2vbert+cohere,5,whisper_v2,10481,2546,0.24291575231371051
seamless_m4t+whisper_v2+xlsr+w2vbert+cohere,5,xlsr,10481,3722,0.3551187863753459
seamless_m4t+whisper_v2+xlsr+w2vbert+cohere,5,w2vbert,10481,4117,0.3928060299589734
seamless_m4t+whisper_v2+xlsr+w2vbert+cohere,5,cohere,10481,501,0.047800782368094645
seamless_m4t+whisper_v2+xlsr+hubert+wav2vec_sb,5,seamless_m4t,10481,1176,0.11220303406163534
seamless_m4t+whisper_v2+xlsr+hubert+wav2vec_sb,5,whisper_v2,10481,2529,0.2412937696784658
seamless_m4t+whisper_v2+xlsr+hubert+wav2vec_sb,5,xlsr,10481,2992,0.28546894380307225
seamless_m4t+whisper_v2+xlsr+hubert+wav2vec_sb,5,hubert,10481,923,0.08806411601946379
seamless_m4t+whisper_v2+xlsr+hubert+wav2vec_sb,5,wav2vec_sb,10481,4882,0.46579524854498616
seamless_m4t+whisper_v2+xlsr+hubert+cohere,5,seamless_m4t,10481,1402,0.13376586203606525
seamless_m4t+whisper_v2+xlsr+hubert+cohere,5,whisper_v2,10481,3140,0.2995897338040263
seamless_m4t+whisper_v2+xlsr+hubert+cohere,5,xlsr,10481,4378,0.41770823394714246
seamless_m4t+whisper_v2+xlsr+hubert+cohere,5,hubert,10481,1146,0.10934071176414464
seamless_m4t+whisper_v2+xlsr+hubert+cohere,5,cohere,10481,476,0.0454155137868524
seamless_m4t+whisper_v2+xlsr+wav2vec_sb+cohere,5,seamless_m4t,10481,1159,0.11058105142639062
seamless_m4t+whisper_v2+xlsr+wav2vec_sb+cohere,5,whisper_v2,10481,2552,0.24348821677320867
seamless_m4t+whisper_v2+xlsr+wav2vec_sb+cohere,5,xlsr,10481,3167,0.30216582387176794
seamless_m4t+whisper_v2+xlsr+wav2vec_sb+cohere,5,wav2vec_sb,10481,5032,0.48010686003243963
seamless_m4t+whisper_v2+xlsr+wav2vec_sb+cohere,5,cohere,10481,535,0.051044747638584104
seamless_m4t+whisper_v2+w2vbert+hubert+wav2vec_sb,5,seamless_m4t,10481,1027,0.09798683331743155
seamless_m4t+whisper_v2+w2vbert+hubert+wav2vec_sb,5,whisper_v2,10481,2287,0.21820436981204083
seamless_m4t+whisper_v2+w2vbert+hubert+wav2vec_sb,5,w2vbert,10481,3675,0.35063448144261045
seamless_m4t+whisper_v2+w2vbert+hubert+wav2vec_sb,5,hubert,10481,854,0.08148077473523518
seamless_m4t+whisper_v2+w2vbert+hubert+wav2vec_sb,5,wav2vec_sb,10481,4969,0.4740959832077092
seamless_m4t+whisper_v2+w2vbert+hubert+cohere,5,seamless_m4t,10481,1417,0.1351970231848106
seamless_m4t+whisper_v2+w2vbert+hubert+cohere,5,whisper_v2,10481,3161,0.30159335941226983
seamless_m4t+whisper_v2+w2vbert+hubert+cohere,5,w2vbert,10481,4853,0.46302833699074514
seamless_m4t+whisper_v2+w2vbert+hubert+cohere,5,hubert,10481,1219,0.116305696021372
seamless_m4t+whisper_v2+w2vbert+hubert+cohere,5,cohere,10481,502,0.04789619311134434
seamless_m4t+whisper_v2+w2vbert+wav2vec_sb+cohere,5,seamless_m4t,10481,1015,0.09684190439843526
seamless_m4t+whisper_v2+w2vbert+wav2vec_sb+cohere,5,whisper_v2,10481,2322,0.22154374582578
seamless_m4t+whisper_v2+w2vbert+wav2vec_sb+cohere,5,w2vbert,10481,3752,0.35798110867283656
seamless_m4t+whisper_v2+w2vbert+wav2vec_sb+cohere,5,wav2vec_sb,10481,5072,0.48392328976242727
seamless_m4t+whisper_v2+w2vbert+wav2vec_sb+cohere,5,cohere,10481,422,0.040263333651369144
seamless_m4t+whisper_v2+hubert+wav2vec_sb+cohere,5,seamless_m4t,10481,1172,0.11182139108863658
seamless_m4t+whisper_v2+hubert+wav2vec_sb+cohere,5,whisper_v2,10481,2839,0.2708711000858697
seamless_m4t+whisper_v2+hubert+wav2vec_sb+cohere,5,hubert,10481,943,0.0899723308844576
seamless_m4t+whisper_v2+hubert+wav2vec_sb+cohere,5,wav2vec_sb,10481,5668,0.5407880927392424
seamless_m4t+whisper_v2+hubert+wav2vec_sb+cohere,5,cohere,10481,358,0.03415704608338899
seamless_m4t+fastconformer+xlsr+w2vbert+hubert,5,seamless_m4t,10481,1453,0.13863180994179944
seamless_m4t+fastconformer+xlsr+w2vbert+hubert,5,fastconformer,10481,703,0.06707375250453201
seamless_m4t+fastconformer+xlsr+w2vbert+hubert,5,xlsr,10481,4000,0.38164297299875966
seamless_m4t+fastconformer+xlsr+w2vbert+hubert,5,w2vbert,10481,4513,0.43058868428585056
seamless_m4t+fastconformer+xlsr+w2vbert+hubert,5,hubert,10481,936,0.08930445568170976
seamless_m4t+fastconformer+xlsr+w2vbert+wav2vec_sb,5,seamless_m4t,10481,1194,0.11392042744012976
seamless_m4t+fastconformer+xlsr+w2vbert+wav2vec_sb,5,fastconformer,10481,665,0.0634481442610438
seamless_m4t+fastconformer+xlsr+w2vbert+wav2vec_sb,5,xlsr,10481,2881,0.27487835130235666
seamless_m4t+fastconformer+xlsr+w2vbert+wav2vec_sb,5,w2vbert,10481,3766,0.3593168590783322
seamless_m4t+fastconformer+xlsr+w2vbert+wav2vec_sb,5,wav2vec_sb,10481,4633,0.44203797347581336
seamless_m4t+fastconformer+xlsr+w2vbert+cohere,5,seamless_m4t,10481,1453,0.13863180994179944
seamless_m4t+fastconformer+xlsr+w2vbert+cohere,5,fastconformer,10481,739,0.07050853926152084
seamless_m4t+fastconformer+xlsr+w2vbert+cohere,5,xlsr,10481,4137,0.39471424482396716
seamless_m4t+fastconformer+xlsr+w2vbert+cohere,5,w2vbert,10481,4599,0.43879400820532394
seamless_m4t+fastconformer+xlsr+w2vbert+cohere,5,cohere,10481,423,0.04035874439461883
seamless_m4t+fastconformer+xlsr+hubert+wav2vec_sb,5,seamless_m4t,10481,1399,0.1334796298063162
seamless_m4t+fastconformer+xlsr+hubert+wav2vec_sb,5,fastconformer,10481,659,0.06287567980154565
seamless_m4t+fastconformer+xlsr+hubert+wav2vec_sb,5,xlsr,10481,3525,0.336322869955157
seamless_m4t+fastconformer+xlsr+hubert+wav2vec_sb,5,hubert,10481,854,0.08148077473523518
seamless_m4t+fastconformer+xlsr+hubert+wav2vec_sb,5,wav2vec_sb,10481,5358,0.5112107623318386
seamless_m4t+fastconformer+xlsr+hubert+cohere,5,seamless_m4t,10481,1773,0.16916324778170022
seamless_m4t+fastconformer+xlsr+hubert+cohere,5,fastconformer,10481,839,0.08004961358648983
seamless_m4t+fastconformer+xlsr+hubert+cohere,5,xlsr,10481,4979,0.4750500906402061
seamless_m4t+fastconformer+xlsr+hubert+cohere,5,hubert,10481,1206,0.11506535635912604
seamless_m4t+fastconformer+xlsr+hubert+cohere,5,cohere,10481,503,0.04799160385459403
seamless_m4t+fastconformer+xlsr+wav2vec_sb+cohere,5,seamless_m4t,10481,1359,0.1296632000763286
seamless_m4t+fastconformer+xlsr+wav2vec_sb+cohere,5,fastconformer,10481,668,0.06373437649079286
seamless_m4t+fastconformer+xlsr+wav2vec_sb+cohere,5,xlsr,10481,3687,0.3517794103616067
seamless_m4t+fastconformer+xlsr+wav2vec_sb+cohere,5,wav2vec_sb,10481,5468,0.5217059440893045
seamless_m4t+fastconformer+xlsr+wav2vec_sb+cohere,5,cohere,10481,417,0.0397862799351207
seamless_m4t+fastconformer+w2vbert+hubert+wav2vec_sb,5,seamless_m4t,10481,1236,0.11792767865661674
seamless_m4t+fastconformer+w2vbert+hubert+wav2vec_sb,5,fastconformer,10481,564,0.053811659192825115
seamless_m4t+fastconformer+w2vbert+hubert+wav2vec_sb,5,w2vbert,10481,4150,0.3959545844862131
seamless_m4t+fastconformer+w2vbert+hubert+wav2vec_sb,5,hubert,10481,797,0.07604236237000286
seamless_m4t+fastconformer+w2vbert+hubert+wav2vec_sb,5,wav2vec_sb,10481,5373,0.5126419234805839
seamless_m4t+fastconformer+w2vbert+hubert+cohere,5,seamless_m4t,10481,1765,0.1683999618357027
seamless_m4t+fastconformer+w2vbert+hubert+cohere,5,fastconformer,10481,896,0.08548802595172217
seamless_m4t+fastconformer+w2vbert+hubert+cohere,5,w2vbert,10481,5480,0.5228508730083007
seamless_m4t+fastconformer+w2vbert+hubert+cohere,5,hubert,10481,1297,0.12374773399484781
seamless_m4t+fastconformer+w2vbert+hubert+cohere,5,cohere,10481,501,0.047800782368094645
seamless_m4t+fastconformer+w2vbert+wav2vec_sb+cohere,5,seamless_m4t,10481,1205,0.11496994561587635
seamless_m4t+fastconformer+w2vbert+wav2vec_sb+cohere,5,fastconformer,10481,598,0.057055624463314566
seamless_m4t+fastconformer+w2vbert+wav2vec_sb+cohere,5,w2vbert,10481,4237,0.40425531914893614
seamless_m4t+fastconformer+w2vbert+wav2vec_sb+cohere,5,wav2vec_sb,10481,5467,0.5216105333460548
seamless_m4t+fastconformer+w2vbert+wav2vec_sb+cohere,5,cohere,10481,344,0.03282129567789333
seamless_m4t+fastconformer+hubert+wav2vec_sb+cohere,5,seamless_m4t,10481,1526,0.1455967941990268
seamless_m4t+fastconformer+hubert+wav2vec_sb+cohere,5,fastconformer,10481,696,0.06640587730178418
seamless_m4t+fastconformer+hubert+wav2vec_sb+cohere,5,hubert,10481,1035,0.09875011926342907
seamless_m4t+fastconformer+hubert+wav2vec_sb+cohere,5,wav2vec_sb,10481,6258,0.5970804312565595
seamless_m4t+fastconformer+hubert+wav2vec_sb+cohere,5,cohere,10481,424,0.04045415513786852
seamless_m4t+xlsr+w2vbert+hubert+wav2vec_sb,5,seamless_m4t,10481,1237,0.11802308939986643
seamless_m4t+xlsr+w2vbert+hubert+wav2vec_sb,5,xlsr,10481,2787,0.2659097414368858
seamless_m4t+xlsr+w2vbert+hubert+wav2vec_sb,5,w2vbert,10481,3738,0.3566453582673409
seamless_m4t+xlsr+w2vbert+hubert+wav2vec_sb,5,hubert,10481,843,0.0804312565594886
seamless_m4t+xlsr+w2vbert+hubert+wav2vec_sb,5,wav2vec_sb,10481,4622,0.4409884553000668
seamless_m4t+xlsr+w2vbert+hubert+cohere,5,seamless_m4t,10481,1457,0.13901345291479822
seamless_m4t+xlsr+w2vbert+hubert+cohere,5,xlsr,10481,4074,0.3887033679992367
seamless_m4t+xlsr+w2vbert+hubert+cohere,5,w2vbert,10481,4552,0.4343097032725885
seamless_m4t+xlsr+w2vbert+hubert+cohere,5,hubert,10481,992,0.0946474573036924
seamless_m4t+xlsr+w2vbert+hubert+cohere,5,cohere,10481,475,0.04532010304360271
seamless_m4t+xlsr+w2vbert+wav2vec_sb+cohere,5,seamless_m4t,10481,1188,0.11334796298063161
seamless_m4t+xlsr+w2vbert+wav2vec_sb+cohere,5,xlsr,10481,2936,0.2801259421810896
seamless_m4t+xlsr+w2vbert+wav2vec_sb+cohere,5,w2vbert,10481,3802,0.36275164583532105
seamless_m4t+xlsr+w2vbert+wav2vec_sb+cohere,5,wav2vec_sb,10481,4724,0.45072035111153513
seamless_m4t+xlsr+w2vbert+wav2vec_sb+cohere,5,cohere,10481,470,0.04484304932735426
seamless_m4t+xlsr+hubert+wav2vec_sb+cohere,5,seamless_m4t,10481,1364,0.13014025379257704
seamless_m4t+xlsr+hubert+wav2vec_sb+cohere,5,xlsr,10481,3578,0.3413796393473905
seamless_m4t+xlsr+hubert+wav2vec_sb+cohere,5,hubert,10481,896,0.08548802595172217
seamless_m4t+xlsr+hubert+wav2vec_sb+cohere,5,wav2vec_sb,10481,5445,0.5195114969945616
seamless_m4t+xlsr+hubert+wav2vec_sb+cohere,5,cohere,10481,438,0.04178990554336418
seamless_m4t+w2vbert+hubert+wav2vec_sb+cohere,5,seamless_m4t,10481,1212,0.11563782081862417
seamless_m4t+w2vbert+hubert+wav2vec_sb+cohere,5,w2vbert,10481,4174,0.3982444423242057
seamless_m4t+w2vbert+hubert+wav2vec_sb+cohere,5,hubert,10481,835,0.07966797061349108
seamless_m4t+w2vbert+hubert+wav2vec_sb+cohere,5,wav2vec_sb,10481,5416,0.5167445854403205
seamless_m4t+w2vbert+hubert+wav2vec_sb+cohere,5,cohere,10481,367,0.0350157427726362
whisper_v3+whisper_v2+fastconformer+xlsr+w2vbert,5,whisper_v3,10481,1176,0.11220303406163534
whisper_v3+whisper_v2+fastconformer+xlsr+w2vbert,5,whisper_v2,10481,2058,0.19635530960786185
whisper_v3+whisper_v2+fastconformer+xlsr+w2vbert,5,fastconformer,10481,1045,0.09970422669592596
whisper_v3+whisper_v2+fastconformer+xlsr+w2vbert,5,xlsr,10481,3724,0.35530960786184523
whisper_v3+whisper_v2+fastconformer+xlsr+w2vbert,5,w2vbert,10481,4125,0.3935693159049709
whisper_v3+whisper_v2+fastconformer+xlsr+hubert,5,whisper_v3,10481,1631,0.15561492224024426
whisper_v3+whisper_v2+fastconformer+xlsr+hubert,5,whisper_v2,10481,2618,0.2497853258276882
whisper_v3+whisper_v2+fastconformer+xlsr+hubert,5,fastconformer,10481,951,0.09073561683045511
whisper_v3+whisper_v2+fastconformer+xlsr+hubert,5,xlsr,10481,4256,0.40606812327068026
whisper_v3+whisper_v2+fastconformer+xlsr+hubert,5,hubert,10481,1267,0.12088541169735713
whisper_v3+whisper_v2+fastconformer+xlsr+wav2vec_sb,5,whisper_v3,10481,1245,0.11878637534586395
whisper_v3+whisper_v2+fastconformer+xlsr+wav2vec_sb,5,whisper_v2,10481,2078,0.19826352447285564
whisper_v3+whisper_v2+fastconformer+xlsr+wav2vec_sb,5,fastconformer,10481,989,0.09436122507394333
whisper_v3+whisper_v2+fastconformer+xlsr+wav2vec_sb,5,xlsr,10481,3153,0.30083007346627233
whisper_v3+whisper_v2+fastconformer+xlsr+wav2vec_sb,5,wav2vec_sb,10481,5011,0.47810323442419617
whisper_v3+whisper_v2+fastconformer+xlsr+cohere,5,whisper_v3,10481,1650,0.15742772636198835
whisper_v3+whisper_v2+fastconformer+xlsr+cohere,5,whisper_v2,10481,2668,0.2545558629901727
whisper_v3+whisper_v2+fastconformer+xlsr+cohere,5,fastconformer,10481,962,0.0917851350062017
whisper_v3+whisper_v2+fastconformer+xlsr+cohere,5,xlsr,10481,4430,0.4226695925961263
whisper_v3+whisper_v2+fastconformer+xlsr+cohere,5,cohere,10481,668,0.06373437649079286
whisper_v3+whisper_v2+fastconformer+w2vbert+hubert,5,whisper_v3,10481,1556,0.1484591164965175
whisper_v3+whisper_v2+fastconformer+w2vbert+hubert,5,whisper_v2,10481,2595,0.24759087873294533
whisper_v3+whisper_v2+fastconformer+w2vbert+hubert,5,fastconformer,10481,1009,0.09626943993893712
whisper_v3+whisper_v2+fastconformer+w2vbert+hubert,5,w2vbert,10481,4782,0.4562541742200172
whisper_v3+whisper_v2+fastconformer+w2vbert+hubert,5,hubert,10481,1389,0.1325255223738193
whisper_v3+whisper_v2+fastconformer+w2vbert+wav2vec_sb,5,whisper_v3,10481,1008,0.09617402919568743
whisper_v3+whisper_v2+fastconformer+w2vbert+wav2vec_sb,5,whisper_v2,10481,1809,0.17259803453868905
whisper_v3+whisper_v2+fastconformer+w2vbert+wav2vec_sb,5,fastconformer,10481,832,0.079381738383742
whisper_v3+whisper_v2+fastconformer+w2vbert+wav2vec_sb,5,w2vbert,10481,3717,0.35464173265909743
whisper_v3+whisper_v2+fastconformer+w2vbert+wav2vec_sb,5,wav2vec_sb,10481,5094,0.48602232611392043
whisper_v3+whisper_v2+fastconformer+w2vbert+cohere,5,whisper_v3,10481,1622,0.15475622555099705
whisper_v3+whisper_v2+fastconformer+w2vbert+cohere,5,whisper_v2,10481,2663,0.25407880927392423
whisper_v3+whisper_v2+fastconformer+w2vbert+cohere,5,fastconformer,10481,1021,0.0974143688579334
whisper_v3+whisper_v2+fastconformer+w2vbert+cohere,5,w2vbert,10481,4916,0.46903921381547564
whisper_v3+whisper_v2+fastconformer+w2vbert+cohere,5,cohere,10481,692,0.06602423432878542
whisper_v3+whisper_v2+fastconformer+hubert+wav2vec_sb,5,whisper_v3,10481,1442,0.13758229176605286
whisper_v3+whisper_v2+fastconformer+hubert+wav2vec_sb,5,whisper_v2,10481,2357,0.22488312183951914
whisper_v3+whisper_v2+fastconformer+hubert+wav2vec_sb,5,fastconformer,10481,704,0.0671691632477817
whisper_v3+whisper_v2+fastconformer+hubert+wav2vec_sb,5,hubert,10481,1047,0.09989504818242534
whisper_v3+whisper_v2+fastconformer+hubert+wav2vec_sb,5,wav2vec_sb,10481,5654,0.5394523423337467
whisper_v3+whisper_v2+fastconformer+hubert+cohere,5,whisper_v3,10481,2391,0.2281270871100086
whisper_v3+whisper_v2+fastconformer+hubert+cohere,5,whisper_v2,10481,3604,0.34386031867188244
whisper_v3+whisper_v2+fastconformer+hubert+cohere,5,fastconformer,10481,1091,0.1040931208854117
whisper_v3+whisper_v2+fastconformer+hubert+cohere,5,hubert,10481,1658,0.15819101230798588
whisper_v3+whisper_v2+fastconformer+hubert+cohere,5,cohere,10481,675,0.06440225169354069
whisper_v3+whisper_v2+fastconformer+wav2vec_sb+cohere,5,whisper_v3,10481,1460,0.13929968514454727
whisper_v3+whisper_v2+fastconformer+wav2vec_sb+cohere,5,whisper_v2,10481,2389,0.22793626562350922
whisper_v3+whisper_v2+fastconformer+wav2vec_sb+cohere,5,fastconformer,10481,724,0.06907737811277549
whisper_v3+whisper_v2+fastconformer+wav2vec_sb+cohere,5,wav2vec_sb,10481,5773,0.5508062207804599
whisper_v3+whisper_v2+fastconformer+wav2vec_sb+cohere,5,cohere,10481,502,0.04789619311134434
whisper_v3+whisper_v2+xlsr+w2vbert+hubert,5,whisper_v3,10481,1198,0.11430207041312852
whisper_v3+whisper_v2+xlsr+w2vbert+hubert,5,whisper_v2,10481,2084,0.1988359889323538
whisper_v3+whisper_v2+xlsr+w2vbert+hubert,5,xlsr,10481,3635,0.34681805171262287
whisper_v3+whisper_v2+xlsr+w2vbert+hubert,5,w2vbert,10481,4081,0.3893712432019845
whisper_v3+whisper_v2+xlsr+w2vbert+hubert,5,hubert,10481,1299,0.1239385554813472
whisper_v3+whisper_v2+xlsr+w2vbert+wav2vec_sb,5,whisper_v3,10481,988,0.09426581433069364
whisper_v3+whisper_v2+xlsr+w2vbert+wav2vec_sb,5,whisper_v2,10481,1711,0.16324778170021945
whisper_v3+whisper_v2+xlsr+w2vbert+wav2vec_sb,5,xlsr,10481,2708,0.25837229272016027
whisper_v3+whisper_v2+xlsr+w2vbert+wav2vec_sb,5,w2vbert,10481,3526,0.3364182806984066
whisper_v3+whisper_v2+xlsr+w2vbert+wav2vec_sb,5,wav2vec_sb,10481,4507,0.43001621982635246
whisper_v3+whisper_v2+xlsr+w2vbert+cohere,5,whisper_v3,10481,1208,0.11525617784562542
whisper_v3+whisper_v2+xlsr+w2vbert+cohere,5,whisper_v2,10481,2102,0.2005533823108482
whisper_v3+whisper_v2+xlsr+w2vbert+cohere,5,xlsr,10481,3772,0.3598893235378304
whisper_v3+whisper_v2+xlsr+w2vbert+cohere,5,w2vbert,10481,4163,0.39719492414845914
whisper_v3+whisper_v2+xlsr+w2vbert+cohere,5,cohere,10481,823,0.0785230416944948
whisper_v3+whisper_v2+xlsr+hubert+wav2vec_sb,5,whisper_v3,10481,1264,0.12059917946760805
whisper_v3+whisper_v2+xlsr+hubert+wav2vec_sb,5,whisper_v2,10481,2093,0.199694685621601
whisper_v3+whisper_v2+xlsr+hubert+wav2vec_sb,5,xlsr,10481,3026,0.2887129090735617
whisper_v3+whisper_v2+xlsr+hubert+wav2vec_sb,5,hubert,10481,1216,0.11601946379162294
whisper_v3+whisper_v2+xlsr+hubert+wav2vec_sb,5,wav2vec_sb,10481,4967,0.47390516172120983
whisper_v3+whisper_v2+xlsr+hubert+cohere,5,whisper_v3,10481,1655,0.1579047800782368
whisper_v3+whisper_v2+xlsr+hubert+cohere,5,whisper_v2,10481,2660,0.2537925770441752
whisper_v3+whisper_v2+xlsr+hubert+cohere,5,xlsr,10481,4324,0.4125560538116592
whisper_v3+whisper_v2+xlsr+hubert+cohere,5,hubert,10481,1273,0.12145787615685526
whisper_v3+whisper_v2+xlsr+hubert+cohere,5,cohere,10481,657,0.06268485831504628
whisper_v3+whisper_v2+xlsr+wav2vec_sb+cohere,5,whisper_v3,10481,1249,0.1191680183188627
whisper_v3+whisper_v2+xlsr+wav2vec_sb+cohere,5,whisper_v2,10481,2097,0.20007632859459976
whisper_v3+whisper_v2+xlsr+wav2vec_sb+cohere,5,xlsr,10481,3189,0.30426486022326116
whisper_v3+whisper_v2+xlsr+wav2vec_sb+cohere,5,wav2vec_sb,10481,5088,0.4854498616544223
whisper_v3+whisper_v2+xlsr+wav2vec_sb+cohere,5,cohere,10481,785,0.07489743345100658
whisper_v3+whisper_v2+w2vbert+hubert+wav2vec_sb,5,whisper_v3,10481,1018,0.09712813662818433
whisper_v3+whisper_v2+w2vbert+hubert+wav2vec_sb,5,whisper_v2,10481,1828,0.17441083866043317
whisper_v3+whisper_v2+w2vbert+hubert+wav2vec_sb,5,w2vbert,10481,3643,0.34758133765862037
whisper_v3+whisper_v2+w2vbert+hubert+wav2vec_sb,5,hubert,10481,1084,0.10342524568266387
whisper_v3+whisper_v2+w2vbert+hubert+wav2vec_sb,5,wav2vec_sb,10481,5039,0.4807747352351875
whisper_v3+whisper_v2+w2vbert+hubert+cohere,5,whisper_v3,10481,1589,0.15160767102375727
whisper_v3+whisper_v2+w2vbert+hubert+cohere,5,whisper_v2,10481,2634,0.25131189771968326
whisper_v3+whisper_v2+w2vbert+hubert+cohere,5,w2vbert,10481,4824,0.46026142543650417
whisper_v3+whisper_v2+w2vbert+hubert+cohere,5,hubert,10481,1383,0.13195305791432116
whisper_v3+whisper_v2+w2vbert+hubert+cohere,5,cohere,10481,692,0.06602423432878542
whisper_v3+whisper_v2+w2vbert+wav2vec_sb+cohere,5,whisper_v3,10481,1039,0.09913176223642782
whisper_v3+whisper_v2+w2vbert+wav2vec_sb+cohere,5,whisper_v2,10481,1855,0.17698692872817479
whisper_v3+whisper_v2+w2vbert+wav2vec_sb+cohere,5,w2vbert,10481,3742,0.35702700124033965
whisper_v3+whisper_v2+w2vbert+wav2vec_sb+cohere,5,wav2vec_sb,10481,5150,0.4913653277359031
whisper_v3+whisper_v2+w2vbert+wav2vec_sb+cohere,5,cohere,10481,661,0.06306650128804503
whisper_v3+whisper_v2+hubert+wav2vec_sb+cohere,5,whisper_v3,10481,1432,0.13662818433355595
whisper_v3+whisper_v2+hubert+wav2vec_sb+cohere,5,whisper_v2,10481,2370,0.2261234615017651
whisper_v3+whisper_v2+hubert+wav2vec_sb+cohere,5,hubert,10481,1039,0.09913176223642782
whisper_v3+whisper_v2+hubert+wav2vec_sb+cohere,5,wav2vec_sb,10481,5714,0.5451769869287282
whisper_v3+whisper_v2+hubert+wav2vec_sb+cohere,5,cohere,10481,495,0.04722831790859651
whisper_v3+fastconformer+xlsr+w2vbert+hubert,5,whisper_v3,10481,1931,0.18423814521515122
whisper_v3+fastconformer+xlsr+w2vbert+hubert,5,fastconformer,10481,735,0.07012689628852209
whisper_v3+fastconformer+xlsr+w2vbert+hubert,5,xlsr,10481,3790,0.3616067169163248
whisper_v3+fastconformer+xlsr+w2vbert+hubert,5,w2vbert,10481,4269,0.4073084629329263
whisper_v3+fastconformer+xlsr+w2vbert+hubert,5,hubert,10481,981,0.09359793912794581
whisper_v3+fastconformer+xlsr+w2vbert+wav2vec_sb,5,whisper_v3,10481,1562,0.14903158095601565
whisper_v3+fastconformer+xlsr+w2vbert+wav2vec_sb,5,fastconformer,10481,772,0.07365709378876062
whisper_v3+fastconformer+xlsr+w2vbert+wav2vec_sb,5,xlsr,10481,2736,0.2610437935311516
whisper_v3+fastconformer+xlsr+w2vbert+wav2vec_sb,5,w2vbert,10481,3618,0.3451960690773781
whisper_v3+fastconformer+xlsr+w2vbert+wav2vec_sb,5,wav2vec_sb,10481,4554,0.43450052475908785
whisper_v3+fastconformer+xlsr+w2vbert+cohere,5,whisper_v3,10481,1935,0.18461978818814997
whisper_v3+fastconformer+xlsr+w2vbert+cohere,5,fastconformer,10481,742,0.07079477149126992
whisper_v3+fastconformer+xlsr+w2vbert+cohere,5,xlsr,10481,3961,0.3779219540120218
whisper_v3+fastconformer+xlsr+w2vbert+cohere,5,w2vbert,10481,4393,0.4191393950958878
whisper_v3+fastconformer+xlsr+w2vbert+cohere,5,cohere,10481,489,0.04665585344909837
whisper_v3+fastconformer+xlsr+hubert+wav2vec_sb,5,whisper_v3,10481,1978,0.18872245014788666
whisper_v3+fastconformer+xlsr+hubert+wav2vec_sb,5,fastconformer,10481,665,0.0634481442610438
whisper_v3+fastconformer+xlsr+hubert+wav2vec_sb,5,xlsr,10481,3291,0.3139967560347295
whisper_v3+fastconformer+xlsr+hubert+wav2vec_sb,5,hubert,10481,885,0.08443850777597557
whisper_v3+fastconformer+xlsr+hubert+wav2vec_sb,5,wav2vec_sb,10481,5147,0.491079095506154
whisper_v3+fastconformer+xlsr+hubert+cohere,5,whisper_v3,10481,2521,0.24053048373246827
whisper_v3+fastconformer+xlsr+hubert+cohere,5,fastconformer,10481,782,0.07461120122125751
whisper_v3+fastconformer+xlsr+hubert+cohere,5,xlsr,10481,4689,0.447380975097796
whisper_v3+fastconformer+xlsr+hubert+cohere,5,hubert,10481,1164,0.11105810514263906
whisper_v3+fastconformer+xlsr+hubert+cohere,5,cohere,10481,476,0.0454155137868524
whisper_v3+fastconformer+xlsr+wav2vec_sb+cohere,5,whisper_v3,10481,1942,0.1852876633908978
whisper_v3+fastconformer+xlsr+wav2vec_sb+cohere,5,fastconformer,10481,668,0.06373437649079286
whisper_v3+fastconformer+xlsr+wav2vec_sb+cohere,5,xlsr,10481,3442,0.3284037782654327
whisper_v3+fastconformer+xlsr+wav2vec_sb+cohere,5,wav2vec_sb,10481,5266,0.5024329739528671
whisper_v3+fastconformer+xlsr+wav2vec_sb+cohere,5,cohere,10481,461,0.04398435263810705
whisper_v3+fastconformer+w2vbert+hubert+wav2vec_sb,5,whisper_v3,10481,1777,0.16954489075469897
whisper_v3+fastconformer+w2vbert+hubert+wav2vec_sb,5,fastconformer,10481,577,0.05505199885507108
whisper_v3+fastconformer+w2vbert+hubert+wav2vec_sb,5,w2vbert,10481,3960,0.3778265432687721
whisper_v3+fastconformer+w2vbert+hubert+wav2vec_sb,5,hubert,10481,843,0.0804312565594886
whisper_v3+fastconformer+w2vbert+hubert+wav2vec_sb,5,wav2vec_sb,10481,5217,0.4977578475336323
whisper_v3+fastconformer+w2vbert+hubert+cohere,5,whisper_v3,10481,2494,0.23795439366472665
whisper_v3+fastconformer+w2vbert+hubert+cohere,5,fastconformer,10481,831,0.07928632764049232
whisper_v3+fastconformer+w2vbert+hubert+cohere,5,w2vbert,10481,5229,0.4989027764526286
whisper_v3+fastconformer+w2vbert+hubert+cohere,5,hubert,10481,1251,0.11935883980536208
whisper_v3+fastconformer+w2vbert+hubert+cohere,5,cohere,10481,500,0.04770537162484496
whisper_v3+fastconformer+w2vbert+wav2vec_sb+cohere,5,whisper_v3,10481,1749,0.16687338994370765
whisper_v3+fastconformer+w2vbert+wav2vec_sb+cohere,5,fastconformer,10481,581,0.05543364182806984
whisper_v3+fastconformer+w2vbert+wav2vec_sb+cohere,5,w2vbert,10481,4036,0.3850777597557485
whisper_v3+fastconformer+w2vbert+wav2vec_sb+cohere,5,wav2vec_sb,10481,5332,0.5087300830073467
whisper_v3+fastconformer+w2vbert+wav2vec_sb+cohere,5,cohere,10481,391,0.03730560061062876
whisper_v3+fastconformer+hubert+wav2vec_sb+cohere,5,whisper_v3,10481,2288,0.21829978055529053
whisper_v3+fastconformer+hubert+wav2vec_sb+cohere,5,fastconformer,10481,622,0.05934548230130713
whisper_v3+fastconformer+hubert+wav2vec_sb+cohere,5,hubert,10481,978,0.09331170689819673
whisper_v3+fastconformer+hubert+wav2vec_sb+cohere,5,wav2vec_sb,10481,6020,0.5743726743631333
whisper_v3+fastconformer+hubert+wav2vec_sb+cohere,5,cohere,10481,422,0.040263333651369144
whisper_v3+xlsr+w2vbert+hubert+wav2vec_sb,5,whisper_v3,10481,1599,0.15256177845625418
whisper_v3+xlsr+w2vbert+hubert+wav2vec_sb,5,xlsr,10481,2659,0.2536971663009255
whisper_v3+xlsr+w2vbert+hubert+wav2vec_sb,5,w2vbert,10481,3568,0.3404255319148936
whisper_v3+xlsr+w2vbert+hubert+wav2vec_sb,5,hubert,10481,935,0.08920904493846007
whisper_v3+xlsr+w2vbert+hubert+wav2vec_sb,5,wav2vec_sb,10481,4511,0.4303978627993512
whisper_v3+xlsr+w2vbert+hubert+cohere,5,whisper_v3,10481,1958,0.18681423528289284
whisper_v3+xlsr+w2vbert+hubert+cohere,5,xlsr,10481,3863,0.36857170117355215
whisper_v3+xlsr+w2vbert+hubert+cohere,5,w2vbert,10481,4347,0.4147505009064021
whisper_v3+xlsr+w2vbert+hubert+cohere,5,hubert,10481,1022,0.0975097796011831
whisper_v3+xlsr+w2vbert+hubert+cohere,5,cohere,10481,506,0.0482778360843431
whisper_v3+xlsr+w2vbert+wav2vec_sb+cohere,5,whisper_v3,10481,1567,0.1495086346722641
whisper_v3+xlsr+w2vbert+wav2vec_sb+cohere,5,xlsr,10481,2797,0.2668638488693827
whisper_v3+xlsr+w2vbert+wav2vec_sb+cohere,5,w2vbert,10481,3637,0.3470088731991222
whisper_v3+xlsr+w2vbert+wav2vec_sb+cohere,5,wav2vec_sb,10481,4616,0.44041599084056865
whisper_v3+xlsr+w2vbert+wav2vec_sb+cohere,5,cohere,10481,606,0.057818910409312085
whisper_v3+xlsr+hubert+wav2vec_sb+cohere,5,whisper_v3,10481,1973,0.1882453964316382
whisper_v3+xlsr+hubert+wav2vec_sb+cohere,5,xlsr,10481,3310,0.3158095601564736
whisper_v3+xlsr+hubert+wav2vec_sb+cohere,5,hubert,10481,898,0.08567884743822154
whisper_v3+xlsr+hubert+wav2vec_sb+cohere,5,wav2vec_sb,10481,5216,0.4976624367903826
whisper_v3+xlsr+hubert+wav2vec_sb+cohere,5,cohere,10481,489,0.04665585344909837
whisper_v3+w2vbert+hubert+wav2vec_sb+cohere,5,whisper_v3,10481,1764,0.16830455109245301
whisper_v3+w2vbert+hubert+wav2vec_sb+cohere,5,w2vbert,10481,3956,0.3774449002957733
whisper_v3+w2vbert+hubert+wav2vec_sb+cohere,5,hubert,10481,856,0.08167159622173457
whisper_v3+w2vbert+hubert+wav2vec_sb+cohere,5,wav2vec_sb,10481,5250,0.500906402060872
whisper_v3+w2vbert+hubert+wav2vec_sb+cohere,5,cohere,10481,406,0.03873676175937411
whisper_v2+fastconformer+xlsr+w2vbert+hubert,5,whisper_v2,10481,2724,0.25989886461215533
whisper_v2+fastconformer+xlsr+w2vbert+hubert,5,fastconformer,10481,709,0.06764621696403016
whisper_v2+fastconformer+xlsr+w2vbert+hubert,5,xlsr,10481,3644,0.3476767484018701
whisper_v2+fastconformer+xlsr+w2vbert+hubert,5,w2vbert,10481,4124,0.3934739051617212
whisper_v2+fastconformer+xlsr+w2vbert+hubert,5,hubert,10481,945,0.09016315237095697
whisper_v2+fastconformer+xlsr+w2vbert+wav2vec_sb,5,whisper_v2,10481,2246,0.21429252933880355
whisper_v2+fastconformer+xlsr+w2vbert+wav2vec_sb,5,fastconformer,10481,754,0.07193970041026619
whisper_v2+fastconformer+xlsr+w2vbert+wav2vec_sb,5,xlsr,10481,2624,0.25035779028718635
whisper_v2+fastconformer+xlsr+w2vbert+wav2vec_sb,5,w2vbert,10481,3488,0.33279267245491845
whisper_v2+fastconformer+xlsr+w2vbert+wav2vec_sb,5,wav2vec_sb,10481,4439,0.42352828928537356
whisper_v2+fastconformer+xlsr+w2vbert+cohere,5,whisper_v2,10481,2744,0.26180707947714915
whisper_v2+fastconformer+xlsr+w2vbert+cohere,5,fastconformer,10481,698,0.06659669878828356
whisper_v2+fastconformer+xlsr+w2vbert+cohere,5,xlsr,10481,3789,0.3615113061730751
whisper_v2+fastconformer+xlsr+w2vbert+cohere,5,w2vbert,10481,4219,0.40253792577044173
whisper_v2+fastconformer+xlsr+w2vbert+cohere,5,cohere,10481,466,0.0444614063543555
whisper_v2+fastconformer+xlsr+hubert+wav2vec_sb,5,whisper_v2,10481,2720,0.2595172216391566
whisper_v2+fastconformer+xlsr+hubert+wav2vec_sb,5,fastconformer,10481,645,0.06153992939605
whisper_v2+fastconformer+xlsr+hubert+wav2vec_sb,5,xlsr,10481,3111,0.29682282224978535
whisper_v2+fastconformer+xlsr+hubert+wav2vec_sb,5,hubert,10481,852,0.08128995324873581
whisper_v2+fastconformer+xlsr+hubert+wav2vec_sb,5,wav2vec_sb,10481,4974,0.47457303692395764
whisper_v2+fastconformer+xlsr+hubert+cohere,5,whisper_v2,10481,3402,0.3245873485354451
whisper_v2+fastconformer+xlsr+hubert+cohere,5,fastconformer,10481,743,0.07089018223451961
whisper_v2+fastconformer+xlsr+hubert+cohere,5,xlsr,10481,4491,0.4284896479343574
whisper_v2+fastconformer+xlsr+hubert+cohere,5,hubert,10481,1092,0.10418853162866139
whisper_v2+fastconformer+xlsr+hubert+cohere,5,cohere,10481,459,0.043793531151607674
whisper_v2+fastconformer+xlsr+wav2vec_sb+cohere,5,whisper_v2,10481,2711,0.2586585249499094
whisper_v2+fastconformer+xlsr+wav2vec_sb+cohere,5,fastconformer,10481,637,0.06077664345005247
whisper_v2+fastconformer+xlsr+wav2vec_sb+cohere,5,xlsr,10481,3284,0.3133288808319817
whisper_v2+fastconformer+xlsr+wav2vec_sb+cohere,5,wav2vec_sb,10481,5113,0.48783513023566455
whisper_v2+fastconformer+xlsr+wav2vec_sb+cohere,5,cohere,10481,457,0.04360270966510829
whisper_v2+fastconformer+w2vbert+hubert+wav2vec_sb,5,whisper_v2,10481,2476,0.23623700028623223
whisper_v2+fastconformer+w2vbert+hubert+wav2vec_sb,5,fastconformer,10481,546,0.052094265814330694
whisper_v2+fastconformer+w2vbert+hubert+wav2vec_sb,5,w2vbert,10481,3811,0.36361034252456825
whisper_v2+fastconformer+w2vbert+hubert+wav2vec_sb,5,hubert,10481,817,0.07795057723499665
whisper_v2+fastconformer+w2vbert+hubert+wav2vec_sb,5,wav2vec_sb,10481,5068,0.4835416467894285
whisper_v2+fastconformer+w2vbert+hubert+cohere,5,whisper_v2,10481,3351,0.3197214006297109
whisper_v2+fastconformer+w2vbert+hubert+cohere,5,fastconformer,10481,778,0.07422955824825875
whisper_v2+fastconformer+w2vbert+hubert+cohere,5,w2vbert,10481,4995,0.4765766625322011
whisper_v2+fastconformer+w2vbert+hubert+cohere,5,hubert,10481,1161,0.11077187291289
whisper_v2+fastconformer+w2vbert+hubert+cohere,5,cohere,10481,468,0.04465222784085488
whisper_v2+fastconformer+w2vbert+wav2vec_sb+cohere,5,whisper_v2,10481,2500,0.23852685812422478
whisper_v2+fastconformer+w2vbert+wav2vec_sb+cohere,5,fastconformer,10481,564,0.053811659192825115
whisper_v2+fastconformer+w2vbert+wav2vec_sb+cohere,5,w2vbert,10481,3872,0.36943039786279935
whisper_v2+fastconformer+w2vbert+wav2vec_sb+cohere,5,wav2vec_sb,10481,5168,0.4930827211143975
whisper_v2+fastconformer+w2vbert+wav2vec_sb+cohere,5,cohere,10481,390,0.03721018986737907
whisper_v2+fastconformer+hubert+wav2vec_sb+cohere,5,whisper_v2,10481,3064,0.2923385173170499
whisper_v2+fastconformer+hubert+wav2vec_sb+cohere,5,fastconformer,10481,581,0.05543364182806984
whisper_v2+fastconformer+hubert+wav2vec_sb+cohere,5,hubert,10481,900,0.08586966892472092
whisper_v2+fastconformer+hubert+wav2vec_sb+cohere,5,wav2vec_sb,10481,5801,0.5534777215914511
whisper_v2+fastconformer+hubert+wav2vec_sb+cohere,5,cohere,10481,369,0.03520656425913558
whisper_v2+xlsr+w2vbert+hubert+wav2vec_sb,5,whisper_v2,10481,2308,0.22020799542028432
whisper_v2+xlsr+w2vbert+hubert+wav2vec_sb,5,xlsr,10481,2546,0.24291575231371051
whisper_v2+xlsr+w2vbert+hubert+wav2vec_sb,5,w2vbert,10481,3449,0.3290716534681805
whisper_v2+xlsr+w2vbert+hubert+wav2vec_sb,5,hubert,10481,919,0.08768247304646504
whisper_v2+xlsr+w2vbert+hubert+wav2vec_sb,5,wav2vec_sb,10481,4410,0.42076137773113254
whisper_v2+xlsr+w2vbert+hubert+cohere,5,whisper_v2,10481,2769,0.26419234805839137
whisper_v2+xlsr+w2vbert+hubert+cohere,5,xlsr,10481,3704,0.35340139299685147
whisper_v2+xlsr+w2vbert+hubert+cohere,5,w2vbert,10481,4173,0.398149031580956
whisper_v2+xlsr+w2vbert+hubert+cohere,5,hubert,10481,964,0.09197595649270107
whisper_v2+xlsr+w2vbert+hubert+cohere,5,cohere,10481,509,0.048564068314092164
whisper_v2+xlsr+w2vbert+wav2vec_sb+cohere,5,whisper_v2,10481,2234,0.21314760041980726
whisper_v2+xlsr+w2vbert+wav2vec_sb+cohere,5,xlsr,10481,2631,0.25102566548993416
whisper_v2+xlsr+w2vbert+wav2vec_sb+cohere,5,w2vbert,10481,3482,0.3322202079954203
whisper_v2+xlsr+w2vbert+wav2vec_sb+cohere,5,wav2vec_sb,10481,4468,0.42629520083961453
whisper_v2+xlsr+w2vbert+wav2vec_sb+cohere,5,cohere,10481,600,0.05724644594981395
whisper_v2+xlsr+hubert+wav2vec_sb+cohere,5,whisper_v2,10481,2719,0.2594218108959069
whisper_v2+xlsr+hubert+wav2vec_sb+cohere,5,xlsr,10481,3122,0.2978723404255319
whisper_v2+xlsr+hubert+wav2vec_sb+cohere,5,hubert,10481,844,0.08052666730273829
whisper_v2+xlsr+hubert+wav2vec_sb+cohere,5,wav2vec_sb,10481,5038,0.4806793244919378
whisper_v2+xlsr+hubert+wav2vec_sb+cohere,5,cohere,10481,463,0.044175174124606434
whisper_v2+w2vbert+hubert+wav2vec_sb+cohere,5,whisper_v2,10481,2483,0.23690487548898007
whisper_v2+w2vbert+hubert+wav2vec_sb+cohere,5,w2vbert,10481,3817,0.3641828069840664
whisper_v2+w2vbert+hubert+wav2vec_sb+cohere,5,hubert,10481,812,0.07747352351874821
whisper_v2+w2vbert+hubert+wav2vec_sb+cohere,5,wav2vec_sb,10481,5114,0.48793054097891425
whisper_v2+w2vbert+hubert+wav2vec_sb+cohere,5,cohere,10481,400,0.038164297299875964
fastconformer+xlsr+w2vbert+hubert+wav2vec_sb,5,fastconformer,10481,665,0.0634481442610438
fastconformer+xlsr+w2vbert+hubert+wav2vec_sb,5,xlsr,10481,2937,0.2802213529243393
fastconformer+xlsr+w2vbert+hubert+wav2vec_sb,5,w2vbert,10481,3883,0.37047991603854596
fastconformer+xlsr+w2vbert+hubert+wav2vec_sb,5,hubert,10481,821,0.07833222020799542
fastconformer+xlsr+w2vbert+hubert+wav2vec_sb,5,wav2vec_sb,10481,4767,0.4548230130712718
fastconformer+xlsr+w2vbert+hubert+cohere,5,fastconformer,10481,696,0.06640587730178418
fastconformer+xlsr+w2vbert+hubert+cohere,5,xlsr,10481,4190,0.39977101421620076
fastconformer+xlsr+w2vbert+hubert+cohere,5,w2vbert,10481,4712,0.4495754221925389
fastconformer+xlsr+w2vbert+hubert+cohere,5,hubert,10481,965,0.09207136723595077
fastconformer+xlsr+w2vbert+hubert+cohere,5,cohere,10481,477,0.04551092453010209
fastconformer+xlsr+w2vbert+wav2vec_sb+cohere,5,fastconformer,10481,630,0.06010876824730465
fastconformer+xlsr+w2vbert+wav2vec_sb+cohere,5,xlsr,10481,3054,0.291384409884553
fastconformer+xlsr+w2vbert+wav2vec_sb+cohere,5,w2vbert,10481,3958,0.37763572178227267
fastconformer+xlsr+w2vbert+wav2vec_sb+cohere,5,wav2vec_sb,10481,4846,0.46236046178799733
fastconformer+xlsr+w2vbert+wav2vec_sb+cohere,5,cohere,10481,474,0.04522469230035302
fastconformer+xlsr+hubert+wav2vec_sb+cohere,5,fastconformer,10481,660,0.06297109054479534
fastconformer+xlsr+hubert+wav2vec_sb+cohere,5,xlsr,10481,3746,0.3574086442133384
fastconformer+xlsr+hubert+wav2vec_sb+cohere,5,hubert,10481,878,0.08377063257322774
fastconformer+xlsr+hubert+wav2vec_sb+cohere,5,wav2vec_sb,10481,5605,0.534777215914512
fastconformer+xlsr+hubert+wav2vec_sb+cohere,5,cohere,10481,479,0.04570174601660147
fastconformer+w2vbert+hubert+wav2vec_sb+cohere,5,fastconformer,10481,571,0.05447953439557294
fastconformer+w2vbert+hubert+wav2vec_sb+cohere,5,w2vbert,10481,4340,0.41408262570365423
fastconformer+w2vbert+hubert+wav2vec_sb+cohere,5,hubert,10481,824,0.07861845243774448
fastconformer+w2vbert+hubert+wav2vec_sb+cohere,5,wav2vec_sb,10481,5579,0.5322965365900201
fastconformer+w2vbert+hubert+wav2vec_sb+cohere,5,cohere,10481,391,0.03730560061062876
xlsr+w2vbert+hubert+wav2vec_sb+cohere,5,xlsr,10481,2940,0.28050758515408836
xlsr+w2vbert+hubert+wav2vec_sb+cohere,5,w2vbert,10481,3882,0.37038450529529626
xlsr+w2vbert+hubert+wav2vec_sb+cohere,5,hubert,10481,807,0.07699646980249976
xlsr+w2vbert+hubert+wav2vec_sb+cohere,5,wav2vec_sb,10481,4800,0.4579715675985116
xlsr+w2vbert+hubert+wav2vec_sb+cohere,5,cohere,10481,485,0.04627421047609961
seamless_m4t+whisper_v3+whisper_v2+fastconformer+xlsr+w2vbert,6,seamless_m4t,10481,1253,0.11954966129186147
seamless_m4t+whisper_v3+whisper_v2+fastconformer+xlsr+w2vbert,6,whisper_v3,10481,1212,0.11563782081862417
seamless_m4t+whisper_v3+whisper_v2+fastconformer+xlsr+w2vbert,6,whisper_v2,10481,2129,0.20312947237858983
seamless_m4t+whisper_v3+whisper_v2+fastconformer+xlsr+w2vbert,6,fastconformer,10481,812,0.07747352351874821
seamless_m4t+whisper_v3+whisper_v2+fastconformer+xlsr+w2vbert,6,xlsr,10481,3785,0.36112966320007633
seamless_m4t+whisper_v3+whisper_v2+fastconformer+xlsr+w2vbert,6,w2vbert,10481,4146,0.39557294151321437
seamless_m4t+whisper_v3+whisper_v2+fastconformer+xlsr+hubert,6,seamless_m4t,10481,1361,0.12985402156282796
seamless_m4t+whisper_v3+whisper_v2+fastconformer+xlsr+hubert,6,whisper_v3,10481,1560,0.14884075946951628
seamless_m4t+whisper_v3+whisper_v2+fastconformer+xlsr+hubert,6,whisper_v2,10481,2599,0.24797252170594408
seamless_m4t+whisper_v3+whisper_v2+fastconformer+xlsr+hubert,6,fastconformer,10481,809,0.07718729128899914
seamless_m4t+whisper_v3+whisper_v2+fastconformer+xlsr+hubert,6,xlsr,10481,4296,0.4098845530006679
seamless_m4t+whisper_v3+whisper_v2+fastconformer+xlsr+hubert,6,hubert,10481,1147,0.10943612250739433
seamless_m4t+whisper_v3+whisper_v2+fastconformer+xlsr+wav2vec_sb,6,seamless_m4t,10481,1151,0.1098177654803931
seamless_m4t+whisper_v3+whisper_v2+fastconformer+xlsr+wav2vec_sb,6,whisper_v3,10481,1229,0.11725980345386891
seamless_m4t+whisper_v3+whisper_v2+fastconformer+xlsr+wav2vec_sb,6,whisper_v2,10481,2135,0.20370193683808796
seamless_m4t+whisper_v3+whisper_v2+fastconformer+xlsr+wav2vec_sb,6,fastconformer,10481,733,0.06993607480202271
seamless_m4t+whisper_v3+whisper_v2+fastconformer+xlsr+wav2vec_sb,6,xlsr,10481,3247,0.30979868333174315
seamless_m4t+whisper_v3+whisper_v2+fastconformer+xlsr+wav2vec_sb,6,wav2vec_sb,10481,5148,0.4911745062494037
seamless_m4t+whisper_v3+whisper_v2+fastconformer+xlsr+cohere,6,seamless_m4t,10481,1394,0.13300257609006774
seamless_m4t+whisper_v3+whisper_v2+fastconformer+xlsr+cohere,6,whisper_v3,10481,1614,0.15399293960499952
seamless_m4t+whisper_v3+whisper_v2+fastconformer+xlsr+cohere,6,whisper_v2,10481,2666,0.25436504150367334
seamless_m4t+whisper_v3+whisper_v2+fastconformer+xlsr+cohere,6,fastconformer,10481,837,0.07985879209999046
seamless_m4t+whisper_v3+whisper_v2+fastconformer+xlsr+cohere,6,xlsr,10481,4461,0.4256273256368667
seamless_m4t+whisper_v3+whisper_v2+fastconformer+xlsr+cohere,6,cohere,10481,496,0.0473237286518462
seamless_m4t+whisper_v3+whisper_v2+fastconformer+w2vbert+hubert,6,seamless_m4t,10481,1369,0.1306173075088255
seamless_m4t+whisper_v3+whisper_v2+fastconformer+w2vbert+hubert,6,whisper_v3,10481,1479,0.14111248926629139
seamless_m4t+whisper_v3+whisper_v2+fastconformer+w2vbert+hubert,6,whisper_v2,10481,2561,0.24434691346245588
seamless_m4t+whisper_v3+whisper_v2+fastconformer+w2vbert+hubert,6,fastconformer,10481,857,0.08176700696498426
seamless_m4t+whisper_v3+whisper_v2+fastconformer+w2vbert+hubert,6,w2vbert,10481,4783,0.4563495849632669
seamless_m4t+whisper_v3+whisper_v2+fastconformer+w2vbert+hubert,6,hubert,10481,1240,0.1183093216296155
seamless_m4t+whisper_v3+whisper_v2+fastconformer+w2vbert+wav2vec_sb,6,seamless_m4t,10481,1049,0.10008586966892472
seamless_m4t+whisper_v3+whisper_v2+fastconformer+w2vbert+wav2vec_sb,6,whisper_v3,10481,1098,0.10476099608815953
seamless_m4t+whisper_v3+whisper_v2+fastconformer+w2vbert+wav2vec_sb,6,whisper_v2,10481,1935,0.18461978818814997
seamless_m4t+whisper_v3+whisper_v2+fastconformer+w2vbert+wav2vec_sb,6,fastconformer,10481,662,0.06316191203129472
seamless_m4t+whisper_v3+whisper_v2+fastconformer+w2vbert+wav2vec_sb,6,w2vbert,10481,3795,0.36208377063257324
seamless_m4t+whisper_v3+whisper_v2+fastconformer+w2vbert+wav2vec_sb,6,wav2vec_sb,10481,5230,0.49899818719587824
seamless_m4t+whisper_v3+whisper_v2+fastconformer+w2vbert+cohere,6,seamless_m4t,10481,1410,0.13452914798206278
seamless_m4t+whisper_v3+whisper_v2+fastconformer+w2vbert+cohere,6,whisper_v3,10481,1570,0.14979486690201316
seamless_m4t+whisper_v3+whisper_v2+fastconformer+w2vbert+cohere,6,whisper_v2,10481,2658,0.2536017555576758
seamless_m4t+whisper_v3+whisper_v2+fastconformer+w2vbert+cohere,6,fastconformer,10481,908,0.08663295487071844
seamless_m4t+whisper_v3+whisper_v2+fastconformer+w2vbert+cohere,6,w2vbert,10481,4919,0.4693254460452247
seamless_m4t+whisper_v3+whisper_v2+fastconformer+w2vbert+cohere,6,cohere,10481,544,0.05190344432783131
seamless_m4t+whisper_v3+whisper_v2+fastconformer+hubert+wav2vec_sb,6,seamless_m4t,10481,1172,0.11182139108863658
seamless_m4t+whisper_v3+whisper_v2+fastconformer+hubert+wav2vec_sb,6,whisper_v3,10481,1410,0.13452914798206278
seamless_m4t+whisper_v3+whisper_v2+fastconformer+hubert+wav2vec_sb,6,whisper_v2,10481,2376,0.22669592596126323
seamless_m4t+whisper_v3+whisper_v2+fastconformer+hubert+wav2vec_sb,6,fastconformer,10481,636,0.060681232706802785
seamless_m4t+whisper_v3+whisper_v2+fastconformer+hubert+wav2vec_sb,6,hubert,10481,974,0.09293006392519798
seamless_m4t+whisper_v3+whisper_v2+fastconformer+hubert+wav2vec_sb,6,wav2vec_sb,10481,5725,0.5462265051044748
seamless_m4t+whisper_v3+whisper_v2+fastconformer+hubert+cohere,6,seamless_m4t,10481,1714,0.16353401392996852
seamless_m4t+whisper_v3+whisper_v2+fastconformer+hubert+cohere,6,whisper_v3,10481,2201,0.20999904589256752
seamless_m4t+whisper_v3+whisper_v2+fastconformer+hubert+cohere,6,whisper_v2,10481,3420,0.3263047419139395
seamless_m4t+whisper_v3+whisper_v2+fastconformer+hubert+cohere,6,fastconformer,10481,1038,0.09903635149317813
seamless_m4t+whisper_v3+whisper_v2+fastconformer+hubert+cohere,6,hubert,10481,1571,0.14989027764526286
seamless_m4t+whisper_v3+whisper_v2+fastconformer+hubert+cohere,6,cohere,10481,541,0.051617212098082246
seamless_m4t+whisper_v3+whisper_v2+fastconformer+wav2vec_sb+cohere,6,seamless_m4t,10481,1173,0.11191680183188626
seamless_m4t+whisper_v3+whisper_v2+fastconformer+wav2vec_sb+cohere,6,whisper_v3,10481,1433,0.13672359507680565
seamless_m4t+whisper_v3+whisper_v2+fastconformer+wav2vec_sb+cohere,6,whisper_v2,10481,2393,0.22831790859650797
seamless_m4t+whisper_v3+whisper_v2+fastconformer+wav2vec_sb+cohere,6,fastconformer,10481,662,0.06316191203129472
seamless_m4t+whisper_v3+whisper_v2+fastconformer+wav2vec_sb+cohere,6,wav2vec_sb,10481,5817,0.5550042934834463
seamless_m4t+whisper_v3+whisper_v2+fastconformer+wav2vec_sb+cohere,6,cohere,10481,401,0.03825970804312566
seamless_m4t+whisper_v3+whisper_v2+xlsr+w2vbert+hubert,6,seamless_m4t,10481,1247,0.11897719683236332
seamless_m4t+whisper_v3+whisper_v2+xlsr+w2vbert+hubert,6,whisper_v3,10481,1206,0.11506535635912604
seamless_m4t+whisper_v3+whisper_v2+xlsr+w2vbert+hubert,6,whisper_v2,10481,2126,0.20284324014884075
seamless_m4t+whisper_v3+whisper_v2+xlsr+w2vbert+hubert,6,xlsr,10481,3708,0.3537830359698502
seamless_m4t+whisper_v3+whisper_v2+xlsr+w2vbert+hubert,6,w2vbert,10481,4093,0.39051617212098083
seamless_m4t+whisper_v3+whisper_v2+xlsr+w2vbert+hubert,6,hubert,10481,1089,0.10390229939891232
seamless_m4t+whisper_v3+whisper_v2+xlsr+w2vbert+wav2vec_sb,6,seamless_m4t,10481,1132,0.10800496135864898
seamless_m4t+whisper_v3+whisper_v2+xlsr+w2vbert+wav2vec_sb,6,whisper_v3,10481,978,0.09331170689819673
seamless_m4t+whisper_v3+whisper_v2+xlsr+w2vbert+wav2vec_sb,6,whisper_v2,10481,1794,0.1711668733899437
seamless_m4t+whisper_v3+whisper_v2+xlsr+w2vbert+wav2vec_sb,6,xlsr,10481,2831,0.27010781413987217
seamless_m4t+whisper_v3+whisper_v2+xlsr+w2vbert+wav2vec_sb,6,w2vbert,10481,3565,0.34013929968514456
seamless_m4t+whisper_v3+whisper_v2+xlsr+w2vbert+wav2vec_sb,6,wav2vec_sb,10481,4696,0.44804885030054387
seamless_m4t+whisper_v3+whisper_v2+xlsr+w2vbert+cohere,6,seamless_m4t,10481,1256,0.11983589352161053
seamless_m4t+whisper_v3+whisper_v2+xlsr+w2vbert+cohere,6,whisper_v3,10481,1241,0.11840473237286518
seamless_m4t+whisper_v3+whisper_v2+xlsr+w2vbert+cohere,6,whisper_v2,10481,2179,0.20790000954107432
seamless_m4t+whisper_v3+whisper_v2+xlsr+w2vbert+cohere,6,xlsr,10481,3851,0.3674267722545559
seamless_m4t+whisper_v3+whisper_v2+xlsr+w2vbert+cohere,6,w2vbert,10481,4187,0.39948478198645165
seamless_m4t+whisper_v3+whisper_v2+xlsr+w2vbert+cohere,6,cohere,10481,558,0.05323919473332697
seamless_m4t+whisper_v3+whisper_v2+xlsr+hubert+wav2vec_sb,6,seamless_m4t,10481,1135,0.10829119358839806
seamless_m4t+whisper_v3+whisper_v2+xlsr+hubert+wav2vec_sb,6,whisper_v3,10481,1251,0.11935883980536208
seamless_m4t+whisper_v3+whisper_v2+xlsr+hubert+wav2vec_sb,6,whisper_v2,10481,2138,0.20398816906783704
seamless_m4t+whisper_v3+whisper_v2+xlsr+hubert+wav2vec_sb,6,xlsr,10481,3169,0.30235664535826734
seamless_m4t+whisper_v3+whisper_v2+xlsr+hubert+wav2vec_sb,6,hubert,10481,993,0.09474286804694208
seamless_m4t+whisper_v3+whisper_v2+xlsr+hubert+wav2vec_sb,6,wav2vec_sb,10481,5102,0.48678561205991794
seamless_m4t+whisper_v3+whisper_v2+xlsr+hubert+cohere,6,seamless_m4t,10481,1364,0.13014025379257704
seamless_m4t+whisper_v3+whisper_v2+xlsr+hubert+cohere,6,whisper_v3,10481,1626,0.1551378685239958
seamless_m4t+whisper_v3+whisper_v2+xlsr+hubert+cohere,6,whisper_v2,10481,2650,0.2528384696116783
seamless_m4t+whisper_v3+whisper_v2+xlsr+hubert+cohere,6,xlsr,10481,4366,0.41656330502814615
seamless_m4t+whisper_v3+whisper_v2+xlsr+hubert+cohere,6,hubert,10481,1184,0.11296632000763286
seamless_m4t+whisper_v3+whisper_v2+xlsr+hubert+cohere,6,cohere,10481,506,0.0482778360843431
seamless_m4t+whisper_v3+whisper_v2+xlsr+wav2vec_sb+cohere,6,seamless_m4t,10481,1147,0.10943612250739433
seamless_m4t+whisper_v3+whisper_v2+xlsr+wav2vec_sb+cohere,6,whisper_v3,10481,1259,0.12012212575135961
seamless_m4t+whisper_v3+whisper_v2+xlsr+wav2vec_sb+cohere,6,whisper_v2,10481,2152,0.2053239194733327
seamless_m4t+whisper_v3+whisper_v2+xlsr+wav2vec_sb+cohere,6,xlsr,10481,3282,0.3131380593454823
seamless_m4t+whisper_v3+whisper_v2+xlsr+wav2vec_sb+cohere,6,wav2vec_sb,10481,5209,0.4969945615876348
seamless_m4t+whisper_v3+whisper_v2+xlsr+wav2vec_sb+cohere,6,cohere,10481,525,0.05009064020608721
seamless_m4t+whisper_v3+whisper_v2+w2vbert+hubert+wav2vec_sb,6,seamless_m4t,10481,1037,0.09894094074992844
seamless_m4t+whisper_v3+whisper_v2+w2vbert+hubert+wav2vec_sb,6,whisper_v3,10481,1085,0.10352065642591356
seamless_m4t+whisper_v3+whisper_v2+w2vbert+hubert+wav2vec_sb,6,whisper_v2,10481,1931,0.18423814521515122
seamless_m4t+whisper_v3+whisper_v2+w2vbert+hubert+wav2vec_sb,6,w2vbert,10481,3755,0.3582673409025856
seamless_m4t+whisper_v3+whisper_v2+w2vbert+hubert+wav2vec_sb,6,hubert,10481,939,0.08959068791145883
seamless_m4t+whisper_v3+whisper_v2+w2vbert+hubert+wav2vec_sb,6,wav2vec_sb,10481,5193,0.4954679896956397
seamless_m4t+whisper_v3+whisper_v2+w2vbert+hubert+cohere,6,seamless_m4t,10481,1399,0.1334796298063162
seamless_m4t+whisper_v3+whisper_v2+w2vbert+hubert+cohere,6,whisper_v3,10481,1546,0.14750500906402061
seamless_m4t+whisper_v3+whisper_v2+w2vbert+hubert+cohere,6,whisper_v2,10481,2616,0.24959450434118882
seamless_m4t+whisper_v3+whisper_v2+w2vbert+hubert+cohere,6,w2vbert,10481,4837,0.4615017650987501
seamless_m4t+whisper_v3+whisper_v2+w2vbert+hubert+cohere,6,hubert,10481,1281,0.12222116210285278
seamless_m4t+whisper_v3+whisper_v2+w2vbert+hubert+cohere,6,cohere,10481,541,0.051617212098082246
seamless_m4t+whisper_v3+whisper_v2+w2vbert+wav2vec_sb+cohere,6,seamless_m4t,10481,1043,0.09951340520942659
seamless_m4t+whisper_v3+whisper_v2+w2vbert+wav2vec_sb+cohere,6,whisper_v3,10481,1097,0.10466558534490984
seamless_m4t+whisper_v3+whisper_v2+w2vbert+wav2vec_sb+cohere,6,whisper_v2,10481,1964,0.187386699742391
seamless_m4t+whisper_v3+whisper_v2+w2vbert+wav2vec_sb+cohere,6,w2vbert,10481,3817,0.3641828069840664
seamless_m4t+whisper_v3+whisper_v2+w2vbert+wav2vec_sb+cohere,6,wav2vec_sb,10481,5279,0.503673313615113
seamless_m4t+whisper_v3+whisper_v2+w2vbert+wav2vec_sb+cohere,6,cohere,10481,471,0.04493846007060395
seamless_m4t+whisper_v3+whisper_v2+hubert+wav2vec_sb+cohere,6,seamless_m4t,10481,1172,0.11182139108863658
seamless_m4t+whisper_v3+whisper_v2+hubert+wav2vec_sb+cohere,6,whisper_v3,10481,1434,0.13681900582005535
seamless_m4t+whisper_v3+whisper_v2+hubert+wav2vec_sb+cohere,6,whisper_v2,10481,2418,0.2307031771777502
seamless_m4t+whisper_v3+whisper_v2+hubert+wav2vec_sb+cohere,6,hubert,10481,1004,0.09579238622268868
seamless_m4t+whisper_v3+whisper_v2+hubert+wav2vec_sb+cohere,6,wav2vec_sb,10481,5794,0.5528098463887033
seamless_m4t+whisper_v3+whisper_v2+hubert+wav2vec_sb+cohere,6,cohere,10481,406,0.03873676175937411
seamless_m4t+whisper_v3+fastconformer+xlsr+w2vbert+hubert,6,seamless_m4t,10481,1270,0.12117164392710619
seamless_m4t+whisper_v3+fastconformer+xlsr+w2vbert+hubert,6,whisper_v3,10481,1811,0.17278885602518843
seamless_m4t+whisper_v3+fastconformer+xlsr+w2vbert+hubert,6,fastconformer,10481,671,0.06402060872054194
seamless_m4t+whisper_v3+fastconformer+xlsr+w2vbert+hubert,6,xlsr,10481,3879,0.37009827306554716
seamless_m4t+whisper_v3+fastconformer+xlsr+w2vbert+hubert,6,w2vbert,10481,4331,0.413223929014407
seamless_m4t+whisper_v3+fastconformer+xlsr+w2vbert+hubert,6,hubert,10481,938,0.08949527716820914
seamless_m4t+whisper_v3+fastconformer+xlsr+w2vbert+wav2vec_sb,6,seamless_m4t,10481,1084,0.10342524568266387
seamless_m4t+whisper_v3+fastconformer+xlsr+w2vbert+wav2vec_sb,6,whisper_v3,10481,1533,0.14626466940177463
seamless_m4t+whisper_v3+fastconformer+xlsr+w2vbert+wav2vec_sb,6,fastconformer,10481,621,0.059250071558057435
seamless_m4t+whisper_v3+fastconformer+xlsr+w2vbert+wav2vec_sb,6,xlsr,10481,2925,0.279076424005343
seamless_m4t+whisper_v3+fastconformer+xlsr+w2vbert+wav2vec_sb,6,w2vbert,10481,3717,0.35464173265909743
seamless_m4t+whisper_v3+fastconformer+xlsr+w2vbert+wav2vec_sb,6,wav2vec_sb,10481,4814,0.45930731800400726
seamless_m4t+whisper_v3+fastconformer+xlsr+w2vbert+cohere,6,seamless_m4t,10481,1297,0.12374773399484781
seamless_m4t+whisper_v3+fastconformer+xlsr+w2vbert+cohere,6,whisper_v3,10481,1858,0.17727316095792386
seamless_m4t+whisper_v3+fastconformer+xlsr+w2vbert+cohere,6,fastconformer,10481,706,0.06735998473428108
seamless_m4t+whisper_v3+fastconformer+xlsr+w2vbert+cohere,6,xlsr,10481,4021,0.3836465986070032
seamless_m4t+whisper_v3+fastconformer+xlsr+w2vbert+cohere,6,w2vbert,10481,4439,0.42352828928537356
seamless_m4t+whisper_v3+fastconformer+xlsr+w2vbert+cohere,6,cohere,10481,401,0.03825970804312566
seamless_m4t+whisper_v3+fastconformer+xlsr+hubert+wav2vec_sb,6,seamless_m4t,10481,1206,0.11506535635912604
seamless_m4t+whisper_v3+fastconformer+xlsr+hubert+wav2vec_sb,6,whisper_v3,10481,1850,0.17650987501192633
seamless_m4t+whisper_v3+fastconformer+xlsr+hubert+wav2vec_sb,6,fastconformer,10481,611,0.05829596412556054
seamless_m4t+whisper_v3+fastconformer+xlsr+hubert+wav2vec_sb,6,xlsr,10481,3379,0.3223929014407022
seamless_m4t+whisper_v3+fastconformer+xlsr+hubert+wav2vec_sb,6,hubert,10481,842,0.08033584581623891
seamless_m4t+whisper_v3+fastconformer+xlsr+hubert+wav2vec_sb,6,wav2vec_sb,10481,5319,0.5074897433451007
seamless_m4t+whisper_v3+fastconformer+xlsr+hubert+cohere,6,seamless_m4t,10481,1490,0.14216200744203797
seamless_m4t+whisper_v3+fastconformer+xlsr+hubert+cohere,6,whisper_v3,10481,2316,0.22097128136628183
seamless_m4t+whisper_v3+fastconformer+xlsr+hubert+cohere,6,fastconformer,10481,746,0.07117641446426867
seamless_m4t+whisper_v3+fastconformer+xlsr+hubert+cohere,6,xlsr,10481,4654,0.4440415990840569
seamless_m4t+whisper_v3+fastconformer+xlsr+hubert+cohere,6,hubert,10481,1111,0.10600133575040549
seamless_m4t+whisper_v3+fastconformer+xlsr+hubert+cohere,6,cohere,10481,406,0.03873676175937411
seamless_m4t+whisper_v3+fastconformer+xlsr+wav2vec_sb+cohere,6,seamless_m4t,10481,1202,0.11468371338612728
seamless_m4t+whisper_v3+fastconformer+xlsr+wav2vec_sb+cohere,6,whisper_v3,10481,1867,0.17813185764717107
seamless_m4t+whisper_v3+fastconformer+xlsr+wav2vec_sb+cohere,6,fastconformer,10481,631,0.06020417899055434
seamless_m4t+whisper_v3+fastconformer+xlsr+wav2vec_sb+cohere,6,xlsr,10481,3507,0.3346054765766625
seamless_m4t+whisper_v3+fastconformer+xlsr+wav2vec_sb+cohere,6,wav2vec_sb,10481,5445,0.5195114969945616
seamless_m4t+whisper_v3+fastconformer+xlsr+wav2vec_sb+cohere,6,cohere,10481,385,0.036733136151130615
seamless_m4t+whisper_v3+fastconformer+w2vbert+hubert+wav2vec_sb,6,seamless_m4t,10481,1077,0.10275737047991604
seamless_m4t+whisper_v3+fastconformer+w2vbert+hubert+wav2vec_sb,6,whisper_v3,10481,1695,0.1617212098082244
seamless_m4t+whisper_v3+fastconformer+w2vbert+hubert+wav2vec_sb,6,fastconformer,10481,552,0.052666730273828836
seamless_m4t+whisper_v3+fastconformer+w2vbert+hubert+wav2vec_sb,6,w2vbert,10481,4006,0.3822154374582578
seamless_m4t+whisper_v3+fastconformer+w2vbert+hubert+wav2vec_sb,6,hubert,10481,824,0.07861845243774448
seamless_m4t+whisper_v3+fastconformer+w2vbert+hubert+wav2vec_sb,6,wav2vec_sb,10481,5380,0.5133097986833317
seamless_m4t+whisper_v3+fastconformer+w2vbert+hubert+cohere,6,seamless_m4t,10481,1502,0.14330693636103425
seamless_m4t+whisper_v3+fastconformer+w2vbert+hubert+cohere,6,whisper_v3,10481,2326,0.22192538879877874
seamless_m4t+whisper_v3+fastconformer+w2vbert+hubert+cohere,6,fastconformer,10481,808,0.07709188054574945
seamless_m4t+whisper_v3+fastconformer+w2vbert+hubert+cohere,6,w2vbert,10481,5188,0.49499093597939126
seamless_m4t+whisper_v3+fastconformer+w2vbert+hubert+cohere,6,hubert,10481,1213,0.11573323156187387
seamless_m4t+whisper_v3+fastconformer+w2vbert+hubert+cohere,6,cohere,10481,427,0.04074038736761759
seamless_m4t+whisper_v3+fastconformer+w2vbert+wav2vec_sb+cohere,6,seamless_m4t,10481,1092,0.10418853162866139
seamless_m4t+whisper_v3+fastconformer+w2vbert+wav2vec_sb+cohere,6,whisper_v3,10481,1717,0.16382024615971758
seamless_m4t+whisper_v3+fastconformer+w2vbert+wav2vec_sb+cohere,6,fastconformer,10481,577,0.05505199885507108
seamless_m4t+whisper_v3+fastconformer+w2vbert+wav2vec_sb+cohere,6,w2vbert,10481,4072,0.3885125465127373
seamless_m4t+whisper_v3+fastconformer+w2vbert+wav2vec_sb+cohere,6,wav2vec_sb,10481,5466,0.5215151226028051
seamless_m4t+whisper_v3+fastconformer+w2vbert+wav2vec_sb+cohere,6,cohere,10481,349,0.03329834939414178
seamless_m4t+whisper_v3+fastconformer+hubert+wav2vec_sb+cohere,6,seamless_m4t,10481,1285,0.12260280507585154
seamless_m4t+whisper_v3+fastconformer+hubert+wav2vec_sb+cohere,6,whisper_v3,10481,2105,0.20083961454059726
seamless_m4t+whisper_v3+fastconformer+hubert+wav2vec_sb+cohere,6,fastconformer,10481,614,0.05858219635530961
seamless_m4t+whisper_v3+fastconformer+hubert+wav2vec_sb+cohere,6,hubert,10481,942,0.0898769201412079
seamless_m4t+whisper_v3+fastconformer+hubert+wav2vec_sb+cohere,6,wav2vec_sb,10481,6058,0.5779982826066216
seamless_m4t+whisper_v3+fastconformer+hubert+wav2vec_sb+cohere,6,cohere,10481,363,0.03463409979963744
seamless_m4t+whisper_v3+xlsr+w2vbert+hubert+wav2vec_sb,6,seamless_m4t,10481,1083,0.10332983493941418
seamless_m4t+whisper_v3+xlsr+w2vbert+hubert+wav2vec_sb,6,whisper_v3,10481,1529,0.14588302642877587
seamless_m4t+whisper_v3+xlsr+w2vbert+hubert+wav2vec_sb,6,xlsr,10481,2850,0.27192061826161623
seamless_m4t+whisper_v3+xlsr+w2vbert+hubert+wav2vec_sb,6,w2vbert,10481,3679,0.3510161244156092
seamless_m4t+whisper_v3+xlsr+w2vbert+hubert+wav2vec_sb,6,hubert,10481,821,0.07833222020799542
seamless_m4t+whisper_v3+xlsr+w2vbert+hubert+wav2vec_sb,6,wav2vec_sb,10481,4752,0.45339185192252646
seamless_m4t+whisper_v3+xlsr+w2vbert+hubert+cohere,6,seamless_m4t,10481,1285,0.12260280507585154
seamless_m4t+whisper_v3+xlsr+w2vbert+hubert+cohere,6,whisper_v3,10481,1871,0.17851350062016982
seamless_m4t+whisper_v3+xlsr+w2vbert+hubert+cohere,6,xlsr,10481,3943,0.37620456063352736
seamless_m4t+whisper_v3+xlsr+w2vbert+hubert+cohere,6,w2vbert,10481,4376,0.41751741246064306
seamless_m4t+whisper_v3+xlsr+w2vbert+hubert+cohere,6,hubert,10481,986,0.09407499284419425
seamless_m4t+whisper_v3+xlsr+w2vbert+hubert+cohere,6,cohere,10481,413,0.03940463696212194
seamless_m4t+whisper_v3+xlsr+w2vbert+wav2vec_sb+cohere,6,seamless_m4t,10481,1081,0.1031390134529148
seamless_m4t+whisper_v3+xlsr+w2vbert+wav2vec_sb+cohere,6,whisper_v3,10481,1545,0.1474095983207709
seamless_m4t+whisper_v3+xlsr+w2vbert+wav2vec_sb+cohere,6,xlsr,10481,2975,0.2838469611678275
seamless_m4t+whisper_v3+xlsr+w2vbert+wav2vec_sb+cohere,6,w2vbert,10481,3746,0.3574086442133384
seamless_m4t+whisper_v3+xlsr+w2vbert+wav2vec_sb+cohere,6,wav2vec_sb,10481,4861,0.4637916229367427
seamless_m4t+whisper_v3+xlsr+w2vbert+wav2vec_sb+cohere,6,cohere,10481,441,0.042076137773113254
seamless_m4t+whisper_v3+xlsr+hubert+wav2vec_sb+cohere,6,seamless_m4t,10481,1183,0.11287090926438317
seamless_m4t+whisper_v3+xlsr+hubert+wav2vec_sb+cohere,6,whisper_v3,10481,1872,0.17860891136341953
seamless_m4t+whisper_v3+xlsr+hubert+wav2vec_sb+cohere,6,xlsr,10481,3430,0.3272588493464364
seamless_m4t+whisper_v3+xlsr+hubert+wav2vec_sb+cohere,6,hubert,10481,866,0.08262570365423147
seamless_m4t+whisper_v3+xlsr+hubert+wav2vec_sb+cohere,6,wav2vec_sb,10481,5397,0.5149317813185764
seamless_m4t+whisper_v3+xlsr+hubert+wav2vec_sb+cohere,6,cohere,10481,388,0.037019368380879686
seamless_m4t+whisper_v3+w2vbert+hubert+wav2vec_sb+cohere,6,seamless_m4t,10481,1090,0.10399771014216201
seamless_m4t+whisper_v3+w2vbert+hubert+wav2vec_sb+cohere,6,whisper_v3,10481,1734,0.16544222879496231
seamless_m4t+whisper_v3+w2vbert+hubert+wav2vec_sb+cohere,6,w2vbert,10481,4040,0.38545940272874724
seamless_m4t+whisper_v3+w2vbert+hubert+wav2vec_sb+cohere,6,hubert,10481,841,0.08024043507298922
seamless_m4t+whisper_v3+w2vbert+hubert+wav2vec_sb+cohere,6,wav2vec_sb,10481,5440,0.5190344432783132
seamless_m4t+whisper_v3+w2vbert+hubert+wav2vec_sb+cohere,6,cohere,10481,360,0.03434786756988837
seamless_m4t+whisper_v2+fastconformer+xlsr+w2vbert+hubert,6,seamless_m4t,10481,1220,0.11640110676462169
seamless_m4t+whisper_v2+fastconformer+xlsr+w2vbert+hubert,6,whisper_v2,10481,2623,0.25026237954393665
seamless_m4t+whisper_v2+fastconformer+xlsr+w2vbert+hubert,6,fastconformer,10481,622,0.05934548230130713
seamless_m4t+whisper_v2+fastconformer+xlsr+w2vbert+hubert,6,xlsr,10481,3742,0.35702700124033965
seamless_m4t+whisper_v2+fastconformer+xlsr+w2vbert+hubert,6,w2vbert,10481,4170,0.39786279935120694
seamless_m4t+whisper_v2+fastconformer+xlsr+w2vbert+hubert,6,hubert,10481,882,0.08415227554622651
seamless_m4t+whisper_v2+fastconformer+xlsr+w2vbert+wav2vec_sb,6,seamless_m4t,10481,1049,0.10008586966892472
seamless_m4t+whisper_v2+fastconformer+xlsr+w2vbert+wav2vec_sb,6,whisper_v2,10481,2240,0.21372006487930542
seamless_m4t+whisper_v2+fastconformer+xlsr+w2vbert+wav2vec_sb,6,fastconformer,10481,574,0.05476576662532201
seamless_m4t+whisper_v2+fastconformer+xlsr+w2vbert+wav2vec_sb,6,xlsr,10481,2821,0.26915370670737526
seamless_m4t+whisper_v2+fastconformer+xlsr+w2vbert+wav2vec_sb,6,w2vbert,10481,3592,0.3427153897528862
seamless_m4t+whisper_v2+fastconformer+xlsr+w2vbert+wav2vec_sb,6,wav2vec_sb,10481,4687,0.44719015361129666
seamless_m4t+whisper_v2+fastconformer+xlsr+w2vbert+cohere,6,seamless_m4t,10481,1250,0.11926342906211239
seamless_m4t+whisper_v2+fastconformer+xlsr+w2vbert+cohere,6,whisper_v2,10481,2662,0.25398339853067453
seamless_m4t+whisper_v2+fastconformer+xlsr+w2vbert+cohere,6,fastconformer,10481,649,0.06192157236904876
seamless_m4t+whisper_v2+fastconformer+xlsr+w2vbert+cohere,6,xlsr,10481,3887,0.3708615590115447
seamless_m4t+whisper_v2+fastconformer+xlsr+w2vbert+cohere,6,w2vbert,10481,4263,0.4067359984734281
seamless_m4t+whisper_v2+fastconformer+xlsr+w2vbert+cohere,6,cohere,10481,367,0.0350157427726362
seamless_m4t+whisper_v2+fastconformer+xlsr+hubert+wav2vec_sb,6,seamless_m4t,10481,1172,0.11182139108863658
seamless_m4t+whisper_v2+fastconformer+xlsr+hubert+wav2vec_sb,6,whisper_v2,10481,2653,0.2531247018414273
seamless_m4t+whisper_v2+fastconformer+xlsr+hubert+wav2vec_sb,6,fastconformer,10481,579,0.05524282034157046
seamless_m4t+whisper_v2+fastconformer+xlsr+hubert+wav2vec_sb,6,xlsr,10481,3251,0.3101803263047419
seamless_m4t+whisper_v2+fastconformer+xlsr+hubert+wav2vec_sb,6,hubert,10481,821,0.07833222020799542
seamless_m4t+whisper_v2+fastconformer+xlsr+hubert+wav2vec_sb,6,wav2vec_sb,10481,5146,0.4909836847629043
seamless_m4t+whisper_v2+fastconformer+xlsr+hubert+cohere,6,seamless_m4t,10481,1430,0.13643736284705657
seamless_m4t+whisper_v2+fastconformer+xlsr+hubert+cohere,6,whisper_v2,10481,3218,0.3070317717775021
seamless_m4t+whisper_v2+fastconformer+xlsr+hubert+cohere,6,fastconformer,10481,719,0.06860032439652705
seamless_m4t+whisper_v2+fastconformer+xlsr+hubert+cohere,6,xlsr,10481,4478,0.42724930827211144
seamless_m4t+whisper_v2+fastconformer+xlsr+hubert+cohere,6,hubert,10481,1063,0.10142162007442038
seamless_m4t+whisper_v2+fastconformer+xlsr+hubert+cohere,6,cohere,10481,370,0.03530197500238527
seamless_m4t+whisper_v2+fastconformer+xlsr+wav2vec_sb+cohere,6,seamless_m4t,10481,1162,0.11086728365613968
seamless_m4t+whisper_v2+fastconformer+xlsr+wav2vec_sb+cohere,6,whisper_v2,10481,2668,0.2545558629901727
seamless_m4t+whisper_v2+fastconformer+xlsr+wav2vec_sb+cohere,6,fastconformer,10481,596,0.05686480297681519
seamless_m4t+whisper_v2+fastconformer+xlsr+wav2vec_sb+cohere,6,xlsr,10481,3371,0.3216296154947047
seamless_m4t+whisper_v2+fastconformer+xlsr+wav2vec_sb+cohere,6,wav2vec_sb,10481,5282,0.5039595458448621
seamless_m4t+whisper_v2+fastconformer+xlsr+wav2vec_sb+cohere,6,cohere,10481,366,0.034920332029386505
seamless_m4t+whisper_v2+fastconformer+w2vbert+hubert+wav2vec_sb,6,seamless_m4t,10481,1036,0.09884553000667876
seamless_m4t+whisper_v2+fastconformer+w2vbert+hubert+wav2vec_sb,6,whisper_v2,10481,2420,0.2308939986642496
seamless_m4t+whisper_v2+fastconformer+w2vbert+hubert+wav2vec_sb,6,fastconformer,10481,502,0.04789619311134434
seamless_m4t+whisper_v2+fastconformer+w2vbert+hubert+wav2vec_sb,6,w2vbert,10481,3863,0.36857170117355215
seamless_m4t+whisper_v2+fastconformer+w2vbert+hubert+wav2vec_sb,6,hubert,10481,800,0.07632859459975193
seamless_m4t+whisper_v2+fastconformer+w2vbert+hubert+wav2vec_sb,6,wav2vec_sb,10481,5207,0.49680374010113537
seamless_m4t+whisper_v2+fastconformer+w2vbert+hubert+cohere,6,seamless_m4t,10481,1444,0.13777311325255223
seamless_m4t+whisper_v2+fastconformer+w2vbert+hubert+cohere,6,whisper_v2,10481,3238,0.30893998664249595
seamless_m4t+whisper_v2+fastconformer+w2vbert+hubert+cohere,6,fastconformer,10481,759,0.07241675412651465
seamless_m4t+whisper_v2+fastconformer+w2vbert+hubert+cohere,6,w2vbert,10481,5000,0.47705371624844956
seamless_m4t+whisper_v2+fastconformer+w2vbert+hubert+cohere,6,hubert,10481,1142,0.10895906879114588
seamless_m4t+whisper_v2+fastconformer+w2vbert+hubert+cohere,6,cohere,10481,393,0.03749642209712813
seamless_m4t+whisper_v2+fastconformer+w2vbert+wav2vec_sb+cohere,6,seamless_m4t,10481,1055,0.10065833412842286
seamless_m4t+whisper_v2+fastconformer+w2vbert+wav2vec_sb+cohere,6,whisper_v2,10481,2454,0.23413796393473904
seamless_m4t+whisper_v2+fastconformer+w2vbert+wav2vec_sb+cohere,6,fastconformer,10481,532,0.05075851540883503
seamless_m4t+whisper_v2+fastconformer+w2vbert+wav2vec_sb+cohere,6,w2vbert,10481,3922,0.37420093502528384
seamless_m4t+whisper_v2+fastconformer+w2vbert+wav2vec_sb+cohere,6,wav2vec_sb,10481,5307,0.5063448144261044
seamless_m4t+whisper_v2+fastconformer+w2vbert+wav2vec_sb+cohere,6,cohere,10481,338,0.03224883121839519
seamless_m4t+whisper_v2+fastconformer+hubert+wav2vec_sb+cohere,6,seamless_m4t,10481,1200,0.1144928918996279
seamless_m4t+whisper_v2+fastconformer+hubert+wav2vec_sb+cohere,6,whisper_v2,10481,2926,0.2791718347485927
seamless_m4t+whisper_v2+fastconformer+hubert+wav2vec_sb+cohere,6,fastconformer,10481,578,0.05514740959832077
seamless_m4t+whisper_v2+fastconformer+hubert+wav2vec_sb+cohere,6,hubert,10481,894,0.08529720446522278
seamless_m4t+whisper_v2+fastconformer+hubert+wav2vec_sb+cohere,6,wav2vec_sb,10481,5858,0.5589161339566835
seamless_m4t+whisper_v2+fastconformer+hubert+wav2vec_sb+cohere,6,cohere,10481,325,0.031008491556149223
seamless_m4t+whisper_v2+xlsr+w2vbert+hubert+wav2vec_sb,6,seamless_m4t,10481,1055,0.10065833412842286
seamless_m4t+whisper_v2+xlsr+w2vbert+hubert+wav2vec_sb,6,whisper_v2,10481,2239,0.21362465413605572
seamless_m4t+whisper_v2+xlsr+w2vbert+hubert+wav2vec_sb,6,xlsr,10481,2755,0.2628565976528957
seamless_m4t+whisper_v2+xlsr+w2vbert+hubert+wav2vec_sb,6,w2vbert,10481,3548,0.33851731704989985
seamless_m4t+whisper_v2+xlsr+w2vbert+hubert+wav2vec_sb,6,hubert,10481,791,0.07546989791050472
seamless_m4t+whisper_v2+xlsr+w2vbert+hubert+wav2vec_sb,6,wav2vec_sb,10481,4630,0.4417517412460643
seamless_m4t+whisper_v2+xlsr+w2vbert+hubert+cohere,6,seamless_m4t,10481,1231,0.11745062494036829
seamless_m4t+whisper_v2+xlsr+w2vbert+hubert+cohere,6,whisper_v2,10481,2669,0.2546512737334224
seamless_m4t+whisper_v2+xlsr+w2vbert+hubert+cohere,6,xlsr,10481,3796,0.36217918137582295
seamless_m4t+whisper_v2+xlsr+w2vbert+hubert+cohere,6,w2vbert,10481,4215,0.402156282797443
seamless_m4t+whisper_v2+xlsr+w2vbert+hubert+cohere,6,hubert,10481,920,0.08777788378971473
seamless_m4t+whisper_v2+xlsr+w2vbert+hubert+cohere,6,cohere,10481,390,0.03721018986737907
seamless_m4t+whisper_v2+xlsr+w2vbert+wav2vec_sb+cohere,6,seamless_m4t,10481,1041,0.0993225837229272
seamless_m4t+whisper_v2+xlsr+w2vbert+wav2vec_sb+cohere,6,whisper_v2,10481,2259,0.2155328690010495
seamless_m4t+whisper_v2+xlsr+w2vbert+wav2vec_sb+cohere,6,xlsr,10481,2848,0.2717297967751169
seamless_m4t+whisper_v2+xlsr+w2vbert+wav2vec_sb+cohere,6,w2vbert,10481,3618,0.3451960690773781
seamless_m4t+whisper_v2+xlsr+w2vbert+wav2vec_sb+cohere,6,wav2vec_sb,10481,4711,0.4494800114492892
seamless_m4t+whisper_v2+xlsr+w2vbert+wav2vec_sb+cohere,6,cohere,10481,399,0.038068886556626276
seamless_m4t+whisper_v2+xlsr+hubert+wav2vec_sb+cohere,6,seamless_m4t,10481,1147,0.10943612250739433
seamless_m4t+whisper_v2+xlsr+hubert+wav2vec_sb+cohere,6,whisper_v2,10481,2687,0.2563686671119168
seamless_m4t+whisper_v2+xlsr+hubert+wav2vec_sb+cohere,6,xlsr,10481,3286,0.3135197023184811
seamless_m4t+whisper_v2+xlsr+hubert+wav2vec_sb+cohere,6,hubert,10481,838,0.07995420284324015
seamless_m4t+whisper_v2+xlsr+hubert+wav2vec_sb+cohere,6,wav2vec_sb,10481,5217,0.4977578475336323
seamless_m4t+whisper_v2+xlsr+hubert+wav2vec_sb+cohere,6,cohere,10481,364,0.03472951054288713
seamless_m4t+whisper_v2+w2vbert+hubert+wav2vec_sb+cohere,6,seamless_m4t,10481,1037,0.09894094074992844
seamless_m4t+whisper_v2+w2vbert+hubert+wav2vec_sb+cohere,6,whisper_v2,10481,2460,0.2347104283942372
seamless_m4t+whisper_v2+w2vbert+hubert+wav2vec_sb+cohere,6,w2vbert,10481,3886,0.370766148268295
seamless_m4t+whisper_v2+w2vbert+hubert+wav2vec_sb+cohere,6,hubert,10481,804,0.0767102375727507
seamless_m4t+whisper_v2+w2vbert+hubert+wav2vec_sb+cohere,6,wav2vec_sb,10481,5270,0.5028146169258658
seamless_m4t+whisper_v2+w2vbert+hubert+wav2vec_sb+cohere,6,cohere,10481,334,0.03186718824539643
seamless_m4t+fastconformer+xlsr+w2vbert+hubert+wav2vec_sb,6,seamless_m4t,10481,1168,0.11143974811563782
seamless_m4t+fastconformer+xlsr+w2vbert+hubert+wav2vec_sb,6,fastconformer,10481,542,0.051712622841331934
seamless_m4t+fastconformer+xlsr+w2vbert+hubert+wav2vec_sb,6,xlsr,10481,3054,0.291384409884553
seamless_m4t+fastconformer+xlsr+w2vbert+hubert+wav2vec_sb,6,w2vbert,10481,3917,0.3737238813090354
seamless_m4t+fastconformer+xlsr+w2vbert+hubert+wav2vec_sb,6,hubert,10481,752,0.07174887892376682
seamless_m4t+fastconformer+xlsr+w2vbert+hubert+wav2vec_sb,6,wav2vec_sb,10481,4937,0.4710428394237191
seamless_m4t+fastconformer+xlsr+w2vbert+hubert+cohere,6,seamless_m4t,10481,1442,0.13758229176605286
seamless_m4t+fastconformer+xlsr+w2vbert+hubert+cohere,6,fastconformer,10481,638,0.06087205419330217
seamless_m4t+fastconformer+xlsr+w2vbert+hubert+cohere,6,xlsr,10481,4199,0.40062971090544797
seamless_m4t+fastconformer+xlsr+w2vbert+hubert+cohere,6,w2vbert,10481,4656,0.44423242057055623
seamless_m4t+fastconformer+xlsr+w2vbert+hubert+cohere,6,hubert,10481,927,0.08844575899246256
seamless_m4t+fastconformer+xlsr+w2vbert+hubert+cohere,6,cohere,10481,373,0.035588207232134336
seamless_m4t+fastconformer+xlsr+w2vbert+wav2vec_sb+cohere,6,seamless_m4t,10481,1164,0.11105810514263906
seamless_m4t+fastconformer+xlsr+w2vbert+wav2vec_sb+cohere,6,fastconformer,10481,552,0.052666730273828836
seamless_m4t+fastconformer+xlsr+w2vbert+wav2vec_sb+cohere,6,xlsr,10481,3143,0.2998759660337754
seamless_m4t+fastconformer+xlsr+w2vbert+wav2vec_sb+cohere,6,w2vbert,10481,4001,0.38173838374200936
seamless_m4t+fastconformer+xlsr+w2vbert+wav2vec_sb+cohere,6,wav2vec_sb,10481,5038,0.4806793244919378
seamless_m4t+fastconformer+xlsr+w2vbert+wav2vec_sb+cohere,6,cohere,10481,358,0.03415704608338899
seamless_m4t+fastconformer+xlsr+hubert+wav2vec_sb+cohere,6,seamless_m4t,10481,1372,0.13090353973857458
seamless_m4t+fastconformer+xlsr+hubert+wav2vec_sb+cohere,6,fastconformer,10481,609,0.05810514263906116
seamless_m4t+fastconformer+xlsr+hubert+wav2vec_sb+cohere,6,xlsr,10481,3731,0.3559774830645931
seamless_m4t+fastconformer+xlsr+hubert+wav2vec_sb+cohere,6,hubert,10481,859,0.08195782845148364
seamless_m4t+fastconformer+xlsr+hubert+wav2vec_sb+cohere,6,wav2vec_sb,10481,5660,0.5400248067932449
seamless_m4t+fastconformer+xlsr+hubert+wav2vec_sb+cohere,6,cohere,10481,354,0.03377540311039023
seamless_m4t+fastconformer+w2vbert+hubert+wav2vec_sb+cohere,6,seamless_m4t,10481,1229,0.11725980345386891
seamless_m4t+fastconformer+w2vbert+hubert+wav2vec_sb+cohere,6,fastconformer,10481,546,0.052094265814330694
seamless_m4t+fastconformer+w2vbert+hubert+wav2vec_sb+cohere,6,w2vbert,10481,4299,0.41017078523041695
seamless_m4t+fastconformer+w2vbert+hubert+wav2vec_sb+cohere,6,hubert,10481,803,0.076614826829501
seamless_m4t+fastconformer+w2vbert+hubert+wav2vec_sb+cohere,6,wav2vec_sb,10481,5623,0.5364946092930064
seamless_m4t+fastconformer+w2vbert+hubert+wav2vec_sb+cohere,6,cohere,10481,327,0.031199313042648603
seamless_m4t+xlsr+w2vbert+hubert+wav2vec_sb+cohere,6,seamless_m4t,10481,1172,0.11182139108863658
seamless_m4t+xlsr+w2vbert+hubert+wav2vec_sb+cohere,6,xlsr,10481,3084,0.2942467321820437
seamless_m4t+xlsr+w2vbert+hubert+wav2vec_sb+cohere,6,w2vbert,10481,3946,0.3764907928632764
seamless_m4t+xlsr+w2vbert+hubert+wav2vec_sb+cohere,6,hubert,10481,753,0.0718442896670165
seamless_m4t+xlsr+w2vbert+hubert+wav2vec_sb+cohere,6,wav2vec_sb,10481,4996,0.4766720732754508
seamless_m4t+xlsr+w2vbert+hubert+wav2vec_sb+cohere,6,cohere,10481,348,0.03320293865089209
whisper_v3+whisper_v2+fastconformer+xlsr+w2vbert+hubert,6,whisper_v3,10481,1300,0.12403396622459689
whisper_v3+whisper_v2+fastconformer+xlsr+w2vbert+hubert,6,whisper_v2,10481,2220,0.2118118500143116
whisper_v3+whisper_v2+fastconformer+xlsr+w2vbert+hubert,6,fastconformer,10481,736,0.07022230703177178
whisper_v3+whisper_v2+fastconformer+xlsr+w2vbert+hubert,6,xlsr,10481,3746,0.3574086442133384
whisper_v3+whisper_v2+fastconformer+xlsr+w2vbert+hubert,6,w2vbert,10481,4158,0.3967178704322107
whisper_v3+whisper_v2+fastconformer+xlsr+w2vbert+hubert,6,hubert,10481,1011,0.09646026142543651
whisper_v3+whisper_v2+fastconformer+xlsr+w2vbert+wav2vec_sb,6,whisper_v3,10481,1080,0.1030436027096651
whisper_v3+whisper_v2+fastconformer+xlsr+w2vbert+wav2vec_sb,6,whisper_v2,10481,1878,0.17918137582291765
whisper_v3+whisper_v2+fastconformer+xlsr+w2vbert+wav2vec_sb,6,fastconformer,10481,744,0.0709855929777693
whisper_v3+whisper_v2+fastconformer+xlsr+w2vbert+wav2vec_sb,6,xlsr,10481,2834,0.2703940463696212
whisper_v3+whisper_v2+fastconformer+xlsr+w2vbert+wav2vec_sb,6,w2vbert,10481,3603,0.3437649079286328
whisper_v3+whisper_v2+fastconformer+xlsr+w2vbert+wav2vec_sb,6,wav2vec_sb,10481,4739,0.4521515122602805
whisper_v3+whisper_v2+fastconformer+xlsr+w2vbert+cohere,6,whisper_v3,10481,1350,0.12880450338708138
whisper_v3+whisper_v2+fastconformer+xlsr+w2vbert+cohere,6,whisper_v2,10481,2272,0.2167732086632955
whisper_v3+whisper_v2+fastconformer+xlsr+w2vbert+cohere,6,fastconformer,10481,755,0.07203511115351588
whisper_v3+whisper_v2+fastconformer+xlsr+w2vbert+cohere,6,xlsr,10481,3890,0.37114779124129377
whisper_v3+whisper_v2+fastconformer+xlsr+w2vbert+cohere,6,w2vbert,10481,4263,0.4067359984734281
whisper_v3+whisper_v2+fastconformer+xlsr+w2vbert+cohere,6,cohere,10481,489,0.04665585344909837
whisper_v3+whisper_v2+fastconformer+xlsr+hubert+wav2vec_sb,6,whisper_v3,10481,1378,0.1314760041980727
whisper_v3+whisper_v2+fastconformer+xlsr+hubert+wav2vec_sb,6,whisper_v2,10481,2257,0.21534204751455013
whisper_v3+whisper_v2+fastconformer+xlsr+hubert+wav2vec_sb,6,fastconformer,10481,657,0.06268485831504628
whisper_v3+whisper_v2+fastconformer+xlsr+hubert+wav2vec_sb,6,xlsr,10481,3214,0.3066501288045034
whisper_v3+whisper_v2+fastconformer+xlsr+hubert+wav2vec_sb,6,hubert,10481,918,0.08758706230321535
whisper_v3+whisper_v2+fastconformer+xlsr+hubert+wav2vec_sb,6,wav2vec_sb,10481,5198,0.49594504341188816
whisper_v3+whisper_v2+fastconformer+xlsr+hubert+cohere,6,whisper_v3,10481,1761,0.16801831886270394
whisper_v3+whisper_v2+fastconformer+xlsr+hubert+cohere,6,whisper_v2,10481,2811,0.26819959927487835
whisper_v3+whisper_v2+fastconformer+xlsr+hubert+cohere,6,fastconformer,10481,757,0.07222593264001527
whisper_v3+whisper_v2+fastconformer+xlsr+hubert+cohere,6,xlsr,10481,4452,0.4247686289476195
whisper_v3+whisper_v2+fastconformer+xlsr+hubert+cohere,6,hubert,10481,1136,0.10838660433164775
whisper_v3+whisper_v2+fastconformer+xlsr+hubert+cohere,6,cohere,10481,428,0.04083579811086729
whisper_v3+whisper_v2+fastconformer+xlsr+wav2vec_sb+cohere,6,whisper_v3,10481,1373,0.13099895048182425
whisper_v3+whisper_v2+fastconformer+xlsr+wav2vec_sb+cohere,6,whisper_v2,10481,2277,0.21725026237954392
whisper_v3+whisper_v2+fastconformer+xlsr+wav2vec_sb+cohere,6,fastconformer,10481,671,0.06402060872054194
whisper_v3+whisper_v2+fastconformer+xlsr+wav2vec_sb+cohere,6,xlsr,10481,3354,0.32000763285946
whisper_v3+whisper_v2+fastconformer+xlsr+wav2vec_sb+cohere,6,wav2vec_sb,10481,5321,0.5076805648316001
whisper_v3+whisper_v2+fastconformer+xlsr+wav2vec_sb+cohere,6,cohere,10481,468,0.04465222784085488
whisper_v3+whisper_v2+fastconformer+w2vbert+hubert+wav2vec_sb,6,whisper_v3,10481,1183,0.11287090926438317
whisper_v3+whisper_v2+fastconformer+w2vbert+hubert+wav2vec_sb,6,whisper_v2,10481,2015,0.1922526476481252
whisper_v3+whisper_v2+fastconformer+w2vbert+hubert+wav2vec_sb,6,fastconformer,10481,574,0.05476576662532201
whisper_v3+whisper_v2+fastconformer+w2vbert+hubert+wav2vec_sb,6,w2vbert,10481,3824,0.3648506821868142
whisper_v3+whisper_v2+fastconformer+w2vbert+hubert+wav2vec_sb,6,hubert,10481,887,0.08462932926247496
whisper_v3+whisper_v2+fastconformer+w2vbert+hubert+wav2vec_sb,6,wav2vec_sb,10481,5258,0.5016696880068696
whisper_v3+whisper_v2+fastconformer+w2vbert+hubert+cohere,6,whisper_v3,10481,1693,0.16153038832172503
whisper_v3+whisper_v2+fastconformer+w2vbert+hubert+cohere,6,whisper_v2,10481,2766,0.2639061158286423
whisper_v3+whisper_v2+fastconformer+w2vbert+hubert+cohere,6,fastconformer,10481,803,0.076614826829501
whisper_v3+whisper_v2+fastconformer+w2vbert+hubert+cohere,6,w2vbert,10481,4949,0.47218776834271536
whisper_v3+whisper_v2+fastconformer+w2vbert+hubert+cohere,6,hubert,10481,1221,0.11649651750787139
whisper_v3+whisper_v2+fastconformer+w2vbert+hubert+cohere,6,cohere,10481,454,0.04331647743535922
whisper_v3+whisper_v2+fastconformer+w2vbert+wav2vec_sb+cohere,6,whisper_v3,10481,1198,0.11430207041312852
whisper_v3+whisper_v2+fastconformer+w2vbert+wav2vec_sb+cohere,6,whisper_v2,10481,2039,0.19454250548611773
whisper_v3+whisper_v2+fastconformer+w2vbert+wav2vec_sb+cohere,6,fastconformer,10481,592,0.05648316000381643
whisper_v3+whisper_v2+fastconformer+w2vbert+wav2vec_sb+cohere,6,w2vbert,10481,3881,0.37028909455204656
whisper_v3+whisper_v2+fastconformer+w2vbert+wav2vec_sb+cohere,6,wav2vec_sb,10481,5336,0.5091117259803454
whisper_v3+whisper_v2+fastconformer+w2vbert+wav2vec_sb+cohere,6,cohere,10481,414,0.039500047705371626
whisper_v3+whisper_v2+fastconformer+hubert+wav2vec_sb+cohere,6,whisper_v3,10481,1560,0.14884075946951628
whisper_v3+whisper_v2+fastconformer+hubert+wav2vec_sb+cohere,6,whisper_v2,10481,2522,0.24062589447571797
whisper_v3+whisper_v2+fastconformer+hubert+wav2vec_sb+cohere,6,fastconformer,10481,608,0.05800973189581147
whisper_v3+whisper_v2+fastconformer+hubert+wav2vec_sb+cohere,6,hubert,10481,955,0.09111725980345386
whisper_v3+whisper_v2+fastconformer+hubert+wav2vec_sb+cohere,6,wav2vec_sb,10481,5871,0.5601564736189295
whisper_v3+whisper_v2+fastconformer+hubert+wav2vec_sb+cohere,6,cohere,10481,375,0.03577902871863372
whisper_v3+whisper_v2+xlsr+w2vbert+hubert+wav2vec_sb,6,whisper_v3,10481,1083,0.10332983493941418
whisper_v3+whisper_v2+xlsr+w2vbert+hubert+wav2vec_sb,6,whisper_v2,10481,1880,0.17937219730941703
whisper_v3+whisper_v2+xlsr+w2vbert+hubert+wav2vec_sb,6,xlsr,10481,2742,0.26161625799064975
whisper_v3+whisper_v2+xlsr+w2vbert+hubert+wav2vec_sb,6,w2vbert,10481,3572,0.34080717488789236
whisper_v3+whisper_v2+xlsr+w2vbert+hubert+wav2vec_sb,6,hubert,10481,950,0.09064020608720542
whisper_v3+whisper_v2+xlsr+w2vbert+hubert+wav2vec_sb,6,wav2vec_sb,10481,4686,0.44709474286804696
whisper_v3+whisper_v2+xlsr+w2vbert+hubert+cohere,6,whisper_v3,10481,1326,0.12651464554908884
whisper_v3+whisper_v2+xlsr+w2vbert+hubert+cohere,6,whisper_v2,10481,2268,0.21639156569029672
whisper_v3+whisper_v2+xlsr+w2vbert+hubert+cohere,6,xlsr,10481,3809,0.3634195210380689
whisper_v3+whisper_v2+xlsr+w2vbert+hubert+cohere,6,w2vbert,10481,4204,0.4011067646216964
whisper_v3+whisper_v2+xlsr+w2vbert+hubert+cohere,6,hubert,10481,1044,0.09960881595267627
whisper_v3+whisper_v2+xlsr+w2vbert+hubert+cohere,6,cohere,10481,490,0.04675126419234806
whisper_v3+whisper_v2+xlsr+w2vbert+wav2vec_sb+cohere,6,whisper_v3,10481,1087,0.10371147791241293
whisper_v3+whisper_v2+xlsr+w2vbert+wav2vec_sb+cohere,6,whisper_v2,10481,1890,0.18032630474191394
whisper_v3+whisper_v2+xlsr+w2vbert+wav2vec_sb+cohere,6,xlsr,10481,2865,0.2733517794103616
whisper_v3+whisper_v2+xlsr+w2vbert+wav2vec_sb+cohere,6,w2vbert,10481,3634,0.34672264096937316
whisper_v3+whisper_v2+xlsr+w2vbert+wav2vec_sb+cohere,6,wav2vec_sb,10481,4789,0.456922049422765
whisper_v3+whisper_v2+xlsr+w2vbert+wav2vec_sb+cohere,6,cohere,10481,590,0.05629233851731705
whisper_v3+whisper_v2+xlsr+hubert+wav2vec_sb+cohere,6,whisper_v3,10481,1373,0.13099895048182425
whisper_v3+whisper_v2+xlsr+hubert+wav2vec_sb+cohere,6,whisper_v2,10481,2270,0.21658238717679612
whisper_v3+whisper_v2+xlsr+hubert+wav2vec_sb+cohere,6,xlsr,10481,3258,0.31084820150748976
whisper_v3+whisper_v2+xlsr+hubert+wav2vec_sb+cohere,6,hubert,10481,920,0.08777788378971473
whisper_v3+whisper_v2+xlsr+hubert+wav2vec_sb+cohere,6,wav2vec_sb,10481,5255,0.5013834557771205
whisper_v3+whisper_v2+xlsr+hubert+wav2vec_sb+cohere,6,cohere,10481,455,0.04341188817860891
whisper_v3+whisper_v2+w2vbert+hubert+wav2vec_sb+cohere,6,whisper_v3,10481,1179,0.11248926629138441
whisper_v3+whisper_v2+w2vbert+hubert+wav2vec_sb+cohere,6,whisper_v2,10481,2036,0.19425627325636866
whisper_v3+whisper_v2+w2vbert+hubert+wav2vec_sb+cohere,6,w2vbert,10481,3858,0.3680946474573037
whisper_v3+whisper_v2+w2vbert+hubert+wav2vec_sb+cohere,6,hubert,10481,898,0.08567884743822154
whisper_v3+whisper_v2+w2vbert+hubert+wav2vec_sb+cohere,6,wav2vec_sb,10481,5321,0.5076805648316001
whisper_v3+whisper_v2+w2vbert+hubert+wav2vec_sb+cohere,6,cohere,10481,415,0.039595458448621314
whisper_v3+fastconformer+xlsr+w2vbert+hubert+wav2vec_sb,6,whisper_v3,10481,1680,0.16029004865947905
whisper_v3+fastconformer+xlsr+w2vbert+hubert+wav2vec_sb,6,fastconformer,10481,577,0.05505199885507108
whisper_v3+fastconformer+xlsr+w2vbert+hubert+wav2vec_sb,6,xlsr,10481,2925,0.279076424005343
whisper_v3+fastconformer+xlsr+w2vbert+hubert+wav2vec_sb,6,w2vbert,10481,3766,0.3593168590783322
whisper_v3+fastconformer+xlsr+w2vbert+hubert+wav2vec_sb,6,hubert,10481,777,0.07413414750500906
whisper_v3+fastconformer+xlsr+w2vbert+hubert+wav2vec_sb,6,wav2vec_sb,10481,4841,0.4618834080717489
whisper_v3+fastconformer+xlsr+w2vbert+hubert+cohere,6,whisper_v3,10481,2022,0.19292052285087302
whisper_v3+fastconformer+xlsr+w2vbert+hubert+cohere,6,fastconformer,10481,645,0.06153992939605
whisper_v3+fastconformer+xlsr+w2vbert+hubert+cohere,6,xlsr,10481,4030,0.3845052952962504
whisper_v3+fastconformer+xlsr+w2vbert+hubert+cohere,6,w2vbert,10481,4483,0.4277263619883599
whisper_v3+fastconformer+xlsr+w2vbert+hubert+cohere,6,hubert,10481,933,0.08901822345196068
whisper_v3+fastconformer+xlsr+w2vbert+hubert+cohere,6,cohere,10481,364,0.03472951054288713
whisper_v3+fastconformer+xlsr+w2vbert+wav2vec_sb+cohere,6,whisper_v3,10481,1663,0.15866806602423433
whisper_v3+fastconformer+xlsr+w2vbert+wav2vec_sb+cohere,6,fastconformer,10481,568,0.054193302165823874
whisper_v3+fastconformer+xlsr+w2vbert+wav2vec_sb+cohere,6,xlsr,10481,3020,0.2881404446140635
whisper_v3+fastconformer+xlsr+w2vbert+wav2vec_sb+cohere,6,w2vbert,10481,3826,0.3650415036733136
whisper_v3+fastconformer+xlsr+w2vbert+wav2vec_sb+cohere,6,wav2vec_sb,10481,4936,0.4709474286804694
whisper_v3+fastconformer+xlsr+w2vbert+wav2vec_sb+cohere,6,cohere,10481,397,0.03787806507012689
whisper_v3+fastconformer+xlsr+hubert+wav2vec_sb+cohere,6,whisper_v3,10481,2024,0.1931113443373724
whisper_v3+fastconformer+xlsr+hubert+wav2vec_sb+cohere,6,fastconformer,10481,587,0.05600610628756798
whisper_v3+fastconformer+xlsr+hubert+wav2vec_sb+cohere,6,xlsr,10481,3514,0.33527335177941037
whisper_v3+fastconformer+xlsr+hubert+wav2vec_sb+cohere,6,hubert,10481,838,0.07995420284324015
whisper_v3+fastconformer+xlsr+hubert+wav2vec_sb+cohere,6,wav2vec_sb,10481,5490,0.5238049804407976
whisper_v3+fastconformer+xlsr+hubert+wav2vec_sb+cohere,6,cohere,10481,381,0.036351493178131855
whisper_v3+fastconformer+w2vbert+hubert+wav2vec_sb+cohere,6,whisper_v3,10481,1862,0.17765480393092262
whisper_v3+fastconformer+w2vbert+hubert+wav2vec_sb+cohere,6,fastconformer,10481,520,0.049613586489838754
whisper_v3+fastconformer+w2vbert+hubert+wav2vec_sb+cohere,6,w2vbert,10481,4111,0.39223356549947525
whisper_v3+fastconformer+w2vbert+hubert+wav2vec_sb+cohere,6,hubert,10481,806,0.07690105905925007
whisper_v3+fastconformer+w2vbert+hubert+wav2vec_sb+cohere,6,wav2vec_sb,10481,5527,0.5273351779410361
whisper_v3+fastconformer+w2vbert+hubert+wav2vec_sb+cohere,6,cohere,10481,326,0.03110390229939891
whisper_v3+xlsr+w2vbert+hubert+wav2vec_sb+cohere,6,whisper_v3,10481,1664,0.158763476767484
whisper_v3+xlsr+w2vbert+hubert+wav2vec_sb+cohere,6,xlsr,10481,2931,0.27964888846484115
whisper_v3+xlsr+w2vbert+hubert+wav2vec_sb+cohere,6,w2vbert,10481,3779,0.3605571987405782
whisper_v3+xlsr+w2vbert+hubert+wav2vec_sb+cohere,6,hubert,10481,775,0.07394332601850968
whisper_v3+xlsr+w2vbert+hubert+wav2vec_sb+cohere,6,wav2vec_sb,10481,4884,0.46598607003148557
whisper_v3+xlsr+w2vbert+hubert+wav2vec_sb+cohere,6,cohere,10481,412,0.03930922621887224
whisper_v2+fastconformer+xlsr+w2vbert+hubert+wav2vec_sb,6,whisper_v2,10481,2387,0.22774544413700984
whisper_v2+fastconformer+xlsr+w2vbert+hubert+wav2vec_sb,6,fastconformer,10481,544,0.05190344432783131
whisper_v2+fastconformer+xlsr+w2vbert+hubert+wav2vec_sb,6,xlsr,10481,2825,0.269535349680374
whisper_v2+fastconformer+xlsr+w2vbert+hubert+wav2vec_sb,6,w2vbert,10481,3638,0.3471042839423719
whisper_v2+fastconformer+xlsr+w2vbert+hubert+wav2vec_sb,6,hubert,10481,758,0.07232134338326496
whisper_v2+fastconformer+xlsr+w2vbert+hubert+wav2vec_sb,6,wav2vec_sb,10481,4717,0.45005247590878733
whisper_v2+fastconformer+xlsr+w2vbert+hubert+cohere,6,whisper_v2,10481,2843,0.27125274305886843
whisper_v2+fastconformer+xlsr+w2vbert+hubert+cohere,6,fastconformer,10481,601,0.05734185669306364
whisper_v2+fastconformer+xlsr+w2vbert+hubert+cohere,6,xlsr,10481,3870,0.36923957637629995
whisper_v2+fastconformer+xlsr+w2vbert+hubert+cohere,6,w2vbert,10481,4323,0.4124606430684095
whisper_v2+fastconformer+xlsr+w2vbert+hubert+cohere,6,hubert,10481,888,0.08472474000572465
whisper_v2+fastconformer+xlsr+w2vbert+hubert+cohere,6,cohere,10481,345,0.03291670642114302
whisper_v2+fastconformer+xlsr+w2vbert+wav2vec_sb+cohere,6,whisper_v2,10481,2374,0.22650510447476385
whisper_v2+fastconformer+xlsr+w2vbert+wav2vec_sb+cohere,6,fastconformer,10481,524,0.049995229462837514
whisper_v2+fastconformer+xlsr+w2vbert+wav2vec_sb+cohere,6,xlsr,10481,2893,0.2760232802213529
whisper_v2+fastconformer+xlsr+w2vbert+wav2vec_sb+cohere,6,w2vbert,10481,3694,0.35244728556435456
whisper_v2+fastconformer+xlsr+w2vbert+wav2vec_sb+cohere,6,wav2vec_sb,10481,4809,0.4588302642877588
whisper_v2+fastconformer+xlsr+w2vbert+wav2vec_sb+cohere,6,cohere,10481,378,0.03606526094838279
whisper_v2+fastconformer+xlsr+hubert+wav2vec_sb+cohere,6,whisper_v2,10481,2817,0.2687720637343765
whisper_v2+fastconformer+xlsr+hubert+wav2vec_sb+cohere,6,fastconformer,10481,543,0.05180803358458162
whisper_v2+fastconformer+xlsr+hubert+wav2vec_sb+cohere,6,xlsr,10481,3369,0.3214387940082053
whisper_v2+fastconformer+xlsr+hubert+wav2vec_sb+cohere,6,hubert,10481,804,0.0767102375727507
whisper_v2+fastconformer+xlsr+hubert+wav2vec_sb+cohere,6,wav2vec_sb,10481,5321,0.5076805648316001
whisper_v2+fastconformer+xlsr+hubert+wav2vec_sb+cohere,6,cohere,10481,344,0.03282129567789333
whisper_v2+fastconformer+w2vbert+hubert+wav2vec_sb+cohere,6,whisper_v2,10481,2586,0.24673218204369812
whisper_v2+fastconformer+w2vbert+hubert+wav2vec_sb+cohere,6,fastconformer,10481,484,0.04617879973284992
whisper_v2+fastconformer+w2vbert+hubert+wav2vec_sb+cohere,6,w2vbert,10481,3956,0.3774449002957733
whisper_v2+fastconformer+w2vbert+hubert+wav2vec_sb+cohere,6,hubert,10481,778,0.07422955824825875
whisper_v2+fastconformer+w2vbert+hubert+wav2vec_sb+cohere,6,wav2vec_sb,10481,5350,0.5104474763858411
whisper_v2+fastconformer+w2vbert+hubert+wav2vec_sb+cohere,6,cohere,10481,313,0.029863562637152945
whisper_v2+xlsr+w2vbert+hubert+wav2vec_sb+cohere,6,whisper_v2,10481,2377,0.22679133670451293
whisper_v2+xlsr+w2vbert+hubert+wav2vec_sb+cohere,6,xlsr,10481,2811,0.26819959927487835
whisper_v2+xlsr+w2vbert+hubert+wav2vec_sb+cohere,6,w2vbert,10481,3639,0.3471996946856216
whisper_v2+xlsr+w2vbert+hubert+wav2vec_sb+cohere,6,hubert,10481,738,0.07041312851827115
whisper_v2+xlsr+w2vbert+hubert+wav2vec_sb+cohere,6,wav2vec_sb,10481,4751,0.4532964411792768
whisper_v2+xlsr+w2vbert+hubert+wav2vec_sb+cohere,6,cohere,10481,377,0.035969850205133096
fastconformer+xlsr+w2vbert+hubert+wav2vec_sb+cohere,6,fastconformer,10481,521,0.04970899723308845
fastconformer+xlsr+w2vbert+hubert+wav2vec_sb+cohere,6,xlsr,10481,3164,0.3018795916420189
fastconformer+xlsr+w2vbert+hubert+wav2vec_sb+cohere,6,w2vbert,10481,4061,0.38746302833699076
fastconformer+xlsr+w2vbert+hubert+wav2vec_sb+cohere,6,hubert,10481,735,0.07012689628852209
fastconformer+xlsr+w2vbert+hubert+wav2vec_sb+cohere,6,wav2vec_sb,10481,5103,0.48688102280316764
fastconformer+xlsr+w2vbert+hubert+wav2vec_sb+cohere,6,cohere,10481,351,0.03348917088064116
seamless_m4t+whisper_v3+whisper_v2+fastconformer+xlsr+w2vbert+hubert,7,seamless_m4t,10481,1253,0.11954966129186147
seamless_m4t+whisper_v3+whisper_v2+fastconformer+xlsr+w2vbert+hubert,7,whisper_v3,10481,1453,0.13863180994179944
seamless_m4t+whisper_v3+whisper_v2+fastconformer+xlsr+w2vbert+hubert,7,whisper_v2,10481,2398,0.22879496231275642
seamless_m4t+whisper_v3+whisper_v2+fastconformer+xlsr+w2vbert+hubert,7,fastconformer,10481,718,0.06850491365327736
seamless_m4t+whisper_v3+whisper_v2+fastconformer+xlsr+w2vbert+hubert,7,xlsr,10481,3834,0.3658047896193111
seamless_m4t+whisper_v3+whisper_v2+fastconformer+xlsr+w2vbert+hubert,7,w2vbert,10481,4207,0.40139299685144547
seamless_m4t+whisper_v3+whisper_v2+fastconformer+xlsr+w2vbert+hubert,7,hubert,10481,994,0.09483827879019177
seamless_m4t+whisper_v3+whisper_v2+fastconformer+xlsr+w2vbert+wav2vec_sb,7,seamless_m4t,10481,1078,0.10285278122316573
seamless_m4t+whisper_v3+whisper_v2+fastconformer+xlsr+w2vbert+wav2vec_sb,7,whisper_v3,10481,1177,0.11229844480488503
seamless_m4t+whisper_v3+whisper_v2+fastconformer+xlsr+w2vbert+wav2vec_sb,7,whisper_v2,10481,2022,0.19292052285087302
seamless_m4t+whisper_v3+whisper_v2+fastconformer+xlsr+w2vbert+wav2vec_sb,7,fastconformer,10481,637,0.06077664345005247
seamless_m4t+whisper_v3+whisper_v2+fastconformer+xlsr+w2vbert+wav2vec_sb,7,xlsr,10481,2953,0.2817479248163343
seamless_m4t+whisper_v3+whisper_v2+fastconformer+xlsr+w2vbert+wav2vec_sb,7,w2vbert,10481,3643,0.34758133765862037
seamless_m4t+whisper_v3+whisper_v2+fastconformer+xlsr+w2vbert+wav2vec_sb,7,wav2vec_sb,10481,4822,0.46007060395000476
seamless_m4t+whisper_v3+whisper_v2+fastconformer+xlsr+w2vbert+cohere,7,seamless_m4t,10481,1270,0.12117164392710619
seamless_m4t+whisper_v3+whisper_v2+fastconformer+xlsr+w2vbert+cohere,7,whisper_v3,10481,1494,0.14254365041503672
seamless_m4t+whisper_v3+whisper_v2+fastconformer+xlsr+w2vbert+cohere,7,whisper_v2,10481,2452,0.23394714244823966
seamless_m4t+whisper_v3+whisper_v2+fastconformer+xlsr+w2vbert+cohere,7,fastconformer,10481,746,0.07117641446426867
seamless_m4t+whisper_v3+whisper_v2+fastconformer+xlsr+w2vbert+cohere,7,xlsr,10481,3944,0.376299971376777
seamless_m4t+whisper_v3+whisper_v2+fastconformer+xlsr+w2vbert+cohere,7,w2vbert,10481,4294,0.4096937315141685
seamless_m4t+whisper_v3+whisper_v2+fastconformer+xlsr+w2vbert+cohere,7,cohere,10481,467,0.04455681709760519
seamless_m4t+whisper_v3+whisper_v2+fastconformer+xlsr+hubert+wav2vec_sb,7,seamless_m4t,10481,1150,0.1097223547371434
seamless_m4t+whisper_v3+whisper_v2+fastconformer+xlsr+hubert+wav2vec_sb,7,whisper_v3,10481,1448,0.13815475622555098
seamless_m4t+whisper_v3+whisper_v2+fastconformer+xlsr+hubert+wav2vec_sb,7,whisper_v2,10481,2366,0.22574181852876635
seamless_m4t+whisper_v3+whisper_v2+fastconformer+xlsr+hubert+wav2vec_sb,7,fastconformer,10481,638,0.06087205419330217
seamless_m4t+whisper_v3+whisper_v2+fastconformer+xlsr+hubert+wav2vec_sb,7,xlsr,10481,3314,0.31619120312947235
seamless_m4t+whisper_v3+whisper_v2+fastconformer+xlsr+hubert+wav2vec_sb,7,hubert,10481,912,0.0870145978437172
seamless_m4t+whisper_v3+whisper_v2+fastconformer+xlsr+hubert+wav2vec_sb,7,wav2vec_sb,10481,5230,0.49899818719587824
seamless_m4t+whisper_v3+whisper_v2+fastconformer+xlsr+hubert+cohere,7,seamless_m4t,10481,1434,0.13681900582005535
seamless_m4t+whisper_v3+whisper_v2+fastconformer+xlsr+hubert+cohere,7,whisper_v3,10481,1859,0.17736857170117354
seamless_m4t+whisper_v3+whisper_v2+fastconformer+xlsr+hubert+cohere,7,whisper_v2,10481,2925,0.279076424005343
seamless_m4t+whisper_v3+whisper_v2+fastconformer+xlsr+hubert+cohere,7,fastconformer,10481,802,0.07651941608625132
seamless_m4t+whisper_v3+whisper_v2+fastconformer+xlsr+hubert+cohere,7,xlsr,10481,4471,0.42658143306936364
seamless_m4t+whisper_v3+whisper_v2+fastconformer+xlsr+hubert+cohere,7,hubert,10481,1159,0.11058105142639062
seamless_m4t+whisper_v3+whisper_v2+fastconformer+xlsr+hubert+cohere,7,cohere,10481,455,0.04341188817860891
seamless_m4t+whisper_v3+whisper_v2+fastconformer+xlsr+wav2vec_sb+cohere,7,seamless_m4t,10481,1152,0.10991317622364279
seamless_m4t+whisper_v3+whisper_v2+fastconformer+xlsr+wav2vec_sb+cohere,7,whisper_v3,10481,1476,0.1408262570365423
seamless_m4t+whisper_v3+whisper_v2+fastconformer+xlsr+wav2vec_sb+cohere,7,whisper_v2,10481,2387,0.22774544413700984
seamless_m4t+whisper_v3+whisper_v2+fastconformer+xlsr+wav2vec_sb+cohere,7,fastconformer,10481,651,0.062112393855548134
seamless_m4t+whisper_v3+whisper_v2+fastconformer+xlsr+wav2vec_sb+cohere,7,xlsr,10481,3404,0.3247781700219445
seamless_m4t+whisper_v3+whisper_v2+fastconformer+xlsr+wav2vec_sb+cohere,7,wav2vec_sb,10481,5304,0.5060585821963554
seamless_m4t+whisper_v3+whisper_v2+fastconformer+xlsr+wav2vec_sb+cohere,7,cohere,10481,434,0.04140826257036542
seamless_m4t+whisper_v3+whisper_v2+fastconformer+w2vbert+hubert+wav2vec_sb,7,seamless_m4t,10481,1059,0.10103997710142162
seamless_m4t+whisper_v3+whisper_v2+fastconformer+w2vbert+hubert+wav2vec_sb,7,whisper_v3,10481,1312,0.12517889514359318
seamless_m4t+whisper_v3+whisper_v2+fastconformer+w2vbert+hubert+wav2vec_sb,7,whisper_v2,10481,2176,0.20761377731132524
seamless_m4t+whisper_v3+whisper_v2+fastconformer+w2vbert+hubert+wav2vec_sb,7,fastconformer,10481,582,0.05552905257131953
seamless_m4t+whisper_v3+whisper_v2+fastconformer+w2vbert+hubert+wav2vec_sb,7,w2vbert,10481,3837,0.3660910218490602
seamless_m4t+whisper_v3+whisper_v2+fastconformer+w2vbert+hubert+wav2vec_sb,7,hubert,10481,867,0.08272111439748116
seamless_m4t+whisper_v3+whisper_v2+fastconformer+w2vbert+hubert+wav2vec_sb,7,wav2vec_sb,10481,5269,0.5027192061826161
seamless_m4t+whisper_v3+whisper_v2+fastconformer+w2vbert+hubert+cohere,7,seamless_m4t,10481,1454,0.13872722068504914
seamless_m4t+whisper_v3+whisper_v2+fastconformer+w2vbert+hubert+cohere,7,whisper_v3,10481,1851,0.17660528575517603
seamless_m4t+whisper_v3+whisper_v2+fastconformer+w2vbert+hubert+cohere,7,whisper_v2,10481,2934,0.2799351206945902
seamless_m4t+whisper_v3+whisper_v2+fastconformer+w2vbert+hubert+cohere,7,fastconformer,10481,837,0.07985879209999046
seamless_m4t+whisper_v3+whisper_v2+fastconformer+w2vbert+hubert+cohere,7,w2vbert,10481,4946,0.4719015361129663
seamless_m4t+whisper_v3+whisper_v2+fastconformer+w2vbert+hubert+cohere,7,hubert,10481,1224,0.11678274973762046
seamless_m4t+whisper_v3+whisper_v2+fastconformer+w2vbert+hubert+cohere,7,cohere,10481,479,0.04570174601660147
seamless_m4t+whisper_v3+whisper_v2+fastconformer+w2vbert+wav2vec_sb+cohere,7,seamless_m4t,10480,1050,0.10019083969465649
seamless_m4t+whisper_v3+whisper_v2+fastconformer+w2vbert+wav2vec_sb+cohere,7,whisper_v3,10480,1329,0.12681297709923664
seamless_m4t+whisper_v3+whisper_v2+fastconformer+w2vbert+wav2vec_sb+cohere,7,whisper_v2,10480,2195,0.20944656488549618
seamless_m4t+whisper_v3+whisper_v2+fastconformer+w2vbert+wav2vec_sb+cohere,7,fastconformer,10480,590,0.05629770992366412
seamless_m4t+whisper_v3+whisper_v2+fastconformer+w2vbert+wav2vec_sb+cohere,7,w2vbert,10480,3894,0.3715648854961832
seamless_m4t+whisper_v3+whisper_v2+fastconformer+w2vbert+wav2vec_sb+cohere,7,wav2vec_sb,10480,5333,0.5088740458015267
seamless_m4t+whisper_v3+whisper_v2+fastconformer+w2vbert+wav2vec_sb+cohere,7,cohere,10480,393,0.0375
seamless_m4t+whisper_v3+whisper_v2+fastconformer+hubert+wav2vec_sb+cohere,7,seamless_m4t,10481,1212,0.11563782081862417
seamless_m4t+whisper_v3+whisper_v2+fastconformer+hubert+wav2vec_sb+cohere,7,whisper_v3,10481,1669,0.15924053048373246
seamless_m4t+whisper_v3+whisper_v2+fastconformer+hubert+wav2vec_sb+cohere,7,whisper_v2,10481,2642,0.25207518366568077
seamless_m4t+whisper_v3+whisper_v2+fastconformer+hubert+wav2vec_sb+cohere,7,fastconformer,10481,636,0.060681232706802785
seamless_m4t+whisper_v3+whisper_v2+fastconformer+hubert+wav2vec_sb+cohere,7,hubert,10481,966,0.09216677797920046
seamless_m4t+whisper_v3+whisper_v2+fastconformer+hubert+wav2vec_sb+cohere,7,wav2vec_sb,10481,5832,0.5564354546321916
seamless_m4t+whisper_v3+whisper_v2+fastconformer+hubert+wav2vec_sb+cohere,7,cohere,10481,386,0.03682854689438031
seamless_m4t+whisper_v3+whisper_v2+xlsr+w2vbert+hubert+wav2vec_sb,7,seamless_m4t,10481,1077,0.10275737047991604
seamless_m4t+whisper_v3+whisper_v2+xlsr+w2vbert+hubert+wav2vec_sb,7,whisper_v3,10481,1186,0.11315714149413224
seamless_m4t+whisper_v3+whisper_v2+xlsr+w2vbert+hubert+wav2vec_sb,7,whisper_v2,10481,2024,0.1931113443373724
seamless_m4t+whisper_v3+whisper_v2+xlsr+w2vbert+hubert+wav2vec_sb,7,xlsr,10481,2891,0.27583245873485357
seamless_m4t+whisper_v3+whisper_v2+xlsr+w2vbert+hubert+wav2vec_sb,7,w2vbert,10481,3611,0.3445281938746303
seamless_m4t+whisper_v3+whisper_v2+xlsr+w2vbert+hubert+wav2vec_sb,7,hubert,10481,858,0.08186241770823395
seamless_m4t+whisper_v3+whisper_v2+xlsr+w2vbert+hubert+wav2vec_sb,7,wav2vec_sb,10481,4774,0.4554908882740197
seamless_m4t+whisper_v3+whisper_v2+xlsr+w2vbert+hubert+cohere,7,seamless_m4t,10481,1265,0.12069459021085774
seamless_m4t+whisper_v3+whisper_v2+xlsr+w2vbert+hubert+cohere,7,whisper_v3,10481,1484,0.14158954298253984
seamless_m4t+whisper_v3+whisper_v2+xlsr+w2vbert+hubert+cohere,7,whisper_v2,10481,2454,0.23413796393473904
seamless_m4t+whisper_v3+whisper_v2+xlsr+w2vbert+hubert+cohere,7,xlsr,10481,3868,0.3690487548898006
seamless_m4t+whisper_v3+whisper_v2+xlsr+w2vbert+hubert+cohere,7,w2vbert,10481,4250,0.40549565881118216
seamless_m4t+whisper_v3+whisper_v2+xlsr+w2vbert+hubert+cohere,7,hubert,10481,1014,0.09674649365518558
seamless_m4t+whisper_v3+whisper_v2+xlsr+w2vbert+hubert+cohere,7,cohere,10481,472,0.04503387081385364
seamless_m4t+whisper_v3+whisper_v2+xlsr+w2vbert+wav2vec_sb+cohere,7,seamless_m4t,10481,1095,0.10447476385841045
seamless_m4t+whisper_v3+whisper_v2+xlsr+w2vbert+wav2vec_sb+cohere,7,whisper_v3,10481,1210,0.1154469993321248
seamless_m4t+whisper_v3+whisper_v2+xlsr+w2vbert+wav2vec_sb+cohere,7,whisper_v2,10481,2052,0.1957828451483637
seamless_m4t+whisper_v3+whisper_v2+xlsr+w2vbert+wav2vec_sb+cohere,7,xlsr,10481,2980,0.28432401488407594
seamless_m4t+whisper_v3+whisper_v2+xlsr+w2vbert+wav2vec_sb+cohere,7,w2vbert,10481,3687,0.3517794103616067
seamless_m4t+whisper_v3+whisper_v2+xlsr+w2vbert+wav2vec_sb+cohere,7,wav2vec_sb,10481,4862,0.46388703367999234
seamless_m4t+whisper_v3+whisper_v2+xlsr+w2vbert+wav2vec_sb+cohere,7,cohere,10481,462,0.04407976338135674
seamless_m4t+whisper_v3+whisper_v2+xlsr+hubert+wav2vec_sb+cohere,7,seamless_m4t,10481,1141,0.10886365804789619
seamless_m4t+whisper_v3+whisper_v2+xlsr+hubert+wav2vec_sb+cohere,7,whisper_v3,10481,1484,0.14158954298253984
seamless_m4t+whisper_v3+whisper_v2+xlsr+hubert+wav2vec_sb+cohere,7,whisper_v2,10481,2396,0.22860414082625705
seamless_m4t+whisper_v3+whisper_v2+xlsr+hubert+wav2vec_sb+cohere,7,xlsr,10481,3344,0.3190535254269631
seamless_m4t+whisper_v3+whisper_v2+xlsr+hubert+wav2vec_sb+cohere,7,hubert,10481,927,0.08844575899246256
seamless_m4t+whisper_v3+whisper_v2+xlsr+hubert+wav2vec_sb+cohere,7,wav2vec_sb,10481,5292,0.504913653277359
seamless_m4t+whisper_v3+whisper_v2+xlsr+hubert+wav2vec_sb+cohere,7,cohere,10481,429,0.040931208854116975
seamless_m4t+whisper_v3+whisper_v2+w2vbert+hubert+wav2vec_sb+cohere,7,seamless_m4t,10480,1047,0.09990458015267176
seamless_m4t+whisper_v3+whisper_v2+w2vbert+hubert+wav2vec_sb+cohere,7,whisper_v3,10480,1333,0.1271946564885496
seamless_m4t+whisper_v3+whisper_v2+w2vbert+hubert+wav2vec_sb+cohere,7,whisper_v2,10480,2212,0.21106870229007635
seamless_m4t+whisper_v3+whisper_v2+w2vbert+hubert+wav2vec_sb+cohere,7,w2vbert,10480,3844,0.366793893129771
seamless_m4t+whisper_v3+whisper_v2+w2vbert+hubert+wav2vec_sb+cohere,7,hubert,10480,865,0.0825381679389313
seamless_m4t+whisper_v3+whisper_v2+w2vbert+hubert+wav2vec_sb+cohere,7,wav2vec_sb,10480,5311,0.5067748091603054
seamless_m4t+whisper_v3+whisper_v2+w2vbert+hubert+wav2vec_sb+cohere,7,cohere,10480,396,0.03778625954198473
seamless_m4t+whisper_v3+fastconformer+xlsr+w2vbert+hubert+wav2vec_sb,7,seamless_m4t,10481,1117,0.10657380020990363
seamless_m4t+whisper_v3+fastconformer+xlsr+w2vbert+hubert+wav2vec_sb,7,whisper_v3,10481,1655,0.1579047800782368
seamless_m4t+whisper_v3+fastconformer+xlsr+w2vbert+hubert+wav2vec_sb,7,fastconformer,10481,554,0.05285755176032821
seamless_m4t+whisper_v3+fastconformer+xlsr+w2vbert+hubert+wav2vec_sb,7,xlsr,10481,3061,0.29205228508730086
seamless_m4t+whisper_v3+fastconformer+xlsr+w2vbert+hubert+wav2vec_sb,7,w2vbert,10481,3822,0.36465986070031486
seamless_m4t+whisper_v3+fastconformer+xlsr+w2vbert+hubert+wav2vec_sb,7,hubert,10481,785,0.07489743345100658
seamless_m4t+whisper_v3+fastconformer+xlsr+w2vbert+hubert+wav2vec_sb,7,wav2vec_sb,10481,4935,0.47085201793721976
seamless_m4t+whisper_v3+fastconformer+xlsr+w2vbert+hubert+cohere,7,seamless_m4t,10481,1351,0.12889991413033108
seamless_m4t+whisper_v3+fastconformer+xlsr+w2vbert+hubert+cohere,7,whisper_v3,10481,1989,0.18977196832363324
seamless_m4t+whisper_v3+fastconformer+xlsr+w2vbert+hubert+cohere,7,fastconformer,10481,672,0.06411601946379163
seamless_m4t+whisper_v3+fastconformer+xlsr+w2vbert+hubert+cohere,7,xlsr,10481,4061,0.38746302833699076
seamless_m4t+whisper_v3+fastconformer+xlsr+w2vbert+hubert+cohere,7,w2vbert,10481,4477,0.42715389752886174
seamless_m4t+whisper_v3+fastconformer+xlsr+w2vbert+hubert+cohere,7,hubert,10481,964,0.09197595649270107
seamless_m4t+whisper_v3+fastconformer+xlsr+w2vbert+hubert+cohere,7,cohere,10481,377,0.035969850205133096
seamless_m4t+whisper_v3+fastconformer+xlsr+w2vbert+wav2vec_sb+cohere,7,seamless_m4t,10481,1108,0.10571510352065643
seamless_m4t+whisper_v3+fastconformer+xlsr+w2vbert+wav2vec_sb+cohere,7,whisper_v3,10481,1665,0.1588588875107337
seamless_m4t+whisper_v3+fastconformer+xlsr+w2vbert+wav2vec_sb+cohere,7,fastconformer,10481,557,0.053143783990077284
seamless_m4t+whisper_v3+fastconformer+xlsr+w2vbert+wav2vec_sb+cohere,7,xlsr,10481,3146,0.30016219826352447
seamless_m4t+whisper_v3+fastconformer+xlsr+w2vbert+wav2vec_sb+cohere,7,w2vbert,10481,3858,0.3680946474573037
seamless_m4t+whisper_v3+fastconformer+xlsr+w2vbert+wav2vec_sb+cohere,7,wav2vec_sb,10481,5036,0.48048850300543844
seamless_m4t+whisper_v3+fastconformer+xlsr+w2vbert+wav2vec_sb+cohere,7,cohere,10481,371,0.03539738574563496
seamless_m4t+whisper_v3+fastconformer+xlsr+hubert+wav2vec_sb+cohere,7,seamless_m4t,10481,1235,0.11783226791336704
seamless_m4t+whisper_v3+fastconformer+xlsr+hubert+wav2vec_sb+cohere,7,whisper_v3,10481,1960,0.18700505676939225
seamless_m4t+whisper_v3+fastconformer+xlsr+hubert+wav2vec_sb+cohere,7,fastconformer,10481,605,0.0577234996660624
seamless_m4t+whisper_v3+fastconformer+xlsr+hubert+wav2vec_sb+cohere,7,xlsr,10481,3565,0.34013929968514456
seamless_m4t+whisper_v3+fastconformer+xlsr+hubert+wav2vec_sb+cohere,7,hubert,10481,861,0.08214864993798301
seamless_m4t+whisper_v3+fastconformer+xlsr+hubert+wav2vec_sb+cohere,7,wav2vec_sb,10481,5499,0.5246636771300448
seamless_m4t+whisper_v3+fastconformer+xlsr+hubert+wav2vec_sb+cohere,7,cohere,10481,362,0.034538689056387746
seamless_m4t+whisper_v3+fastconformer+w2vbert+hubert+wav2vec_sb+cohere,7,seamless_m4t,10481,1138,0.10857742581814712
seamless_m4t+whisper_v3+fastconformer+w2vbert+hubert+wav2vec_sb+cohere,7,whisper_v3,10481,1829,0.17450624940368287
seamless_m4t+whisper_v3+fastconformer+w2vbert+hubert+wav2vec_sb+cohere,7,fastconformer,10481,541,0.051617212098082246
seamless_m4t+whisper_v3+fastconformer+w2vbert+hubert+wav2vec_sb+cohere,7,w2vbert,10481,4109,0.39204274401297584
seamless_m4t+whisper_v3+fastconformer+w2vbert+hubert+wav2vec_sb+cohere,7,hubert,10481,827,0.07890468466749356
seamless_m4t+whisper_v3+fastconformer+w2vbert+hubert+wav2vec_sb+cohere,7,wav2vec_sb,10481,5498,0.5245682663867951
seamless_m4t+whisper_v3+fastconformer+w2vbert+hubert+wav2vec_sb+cohere,7,cohere,10481,334,0.03186718824539643
seamless_m4t+whisper_v3+xlsr+w2vbert+hubert+wav2vec_sb+cohere,7,seamless_m4t,10481,1106,0.10552428203415705
seamless_m4t+whisper_v3+xlsr+w2vbert+hubert+wav2vec_sb+cohere,7,whisper_v3,10481,1671,0.15943135197023184
seamless_m4t+whisper_v3+xlsr+w2vbert+hubert+wav2vec_sb+cohere,7,xlsr,10481,3097,0.2954870718442897
seamless_m4t+whisper_v3+xlsr+w2vbert+hubert+wav2vec_sb+cohere,7,w2vbert,10481,3830,0.36542314664631237
seamless_m4t+whisper_v3+xlsr+w2vbert+hubert+wav2vec_sb+cohere,7,hubert,10481,790,0.07537448716725503
seamless_m4t+whisper_v3+xlsr+w2vbert+hubert+wav2vec_sb+cohere,7,wav2vec_sb,10481,4982,0.47533632286995514
seamless_m4t+whisper_v3+xlsr+w2vbert+hubert+wav2vec_sb+cohere,7,cohere,10481,369,0.03520656425913558
seamless_m4t+whisper_v2+fastconformer+xlsr+w2vbert+hubert+wav2vec_sb,7,seamless_m4t,10481,1092,0.10418853162866139
seamless_m4t+whisper_v2+fastconformer+xlsr+w2vbert+hubert+wav2vec_sb,7,whisper_v2,10481,2395,0.22850873008300734
seamless_m4t+whisper_v2+fastconformer+xlsr+w2vbert+hubert+wav2vec_sb,7,fastconformer,10481,524,0.049995229462837514
seamless_m4t+whisper_v2+fastconformer+xlsr+w2vbert+hubert+wav2vec_sb,7,xlsr,10481,2965,0.2828928537353306
seamless_m4t+whisper_v2+fastconformer+xlsr+w2vbert+hubert+wav2vec_sb,7,w2vbert,10481,3720,0.3549279648888465
seamless_m4t+whisper_v2+fastconformer+xlsr+w2vbert+hubert+wav2vec_sb,7,hubert,10481,768,0.07327545081576185
seamless_m4t+whisper_v2+fastconformer+xlsr+w2vbert+hubert+wav2vec_sb,7,wav2vec_sb,10481,4819,0.4597843717202557
seamless_m4t+whisper_v2+fastconformer+xlsr+w2vbert+hubert+cohere,7,seamless_m4t,10481,1313,0.12527430588684285
seamless_m4t+whisper_v2+fastconformer+xlsr+w2vbert+hubert+cohere,7,whisper_v2,10481,2827,0.26972617116687336
seamless_m4t+whisper_v2+fastconformer+xlsr+w2vbert+hubert+cohere,7,fastconformer,10481,636,0.060681232706802785
seamless_m4t+whisper_v2+fastconformer+xlsr+w2vbert+hubert+cohere,7,xlsr,10481,3937,0.3756320961740292
seamless_m4t+whisper_v2+fastconformer+xlsr+w2vbert+hubert+cohere,7,w2vbert,10481,4347,0.4147505009064021
seamless_m4t+whisper_v2+fastconformer+xlsr+w2vbert+hubert+cohere,7,hubert,10481,918,0.08758706230321535
seamless_m4t+whisper_v2+fastconformer+xlsr+w2vbert+hubert+cohere,7,cohere,10481,366,0.034920332029386505
seamless_m4t+whisper_v2+fastconformer+xlsr+w2vbert+wav2vec_sb+cohere,7,seamless_m4t,10481,1091,0.1040931208854117
seamless_m4t+whisper_v2+fastconformer+xlsr+w2vbert+wav2vec_sb+cohere,7,whisper_v2,10481,2413,0.23022612346150176
seamless_m4t+whisper_v2+fastconformer+xlsr+w2vbert+wav2vec_sb+cohere,7,fastconformer,10481,538,0.051330979868333175
seamless_m4t+whisper_v2+fastconformer+xlsr+w2vbert+wav2vec_sb+cohere,7,xlsr,10481,3059,0.29186146360080145
seamless_m4t+whisper_v2+fastconformer+xlsr+w2vbert+wav2vec_sb+cohere,7,w2vbert,10481,3779,0.3605571987405782
seamless_m4t+whisper_v2+fastconformer+xlsr+w2vbert+wav2vec_sb+cohere,7,wav2vec_sb,10481,4903,0.4677988741532296
seamless_m4t+whisper_v2+fastconformer+xlsr+w2vbert+wav2vec_sb+cohere,7,cohere,10481,354,0.03377540311039023
seamless_m4t+whisper_v2+fastconformer+xlsr+hubert+wav2vec_sb+cohere,7,seamless_m4t,10481,1193,0.11382501669688007
seamless_m4t+whisper_v2+fastconformer+xlsr+hubert+wav2vec_sb+cohere,7,whisper_v2,10481,2775,0.2647648125178895
seamless_m4t+whisper_v2+fastconformer+xlsr+hubert+wav2vec_sb+cohere,7,fastconformer,10481,582,0.05552905257131953
seamless_m4t+whisper_v2+fastconformer+xlsr+hubert+wav2vec_sb+cohere,7,xlsr,10481,3435,0.32773590306268485
seamless_m4t+whisper_v2+fastconformer+xlsr+hubert+wav2vec_sb+cohere,7,hubert,10481,838,0.07995420284324015
seamless_m4t+whisper_v2+fastconformer+xlsr+hubert+wav2vec_sb+cohere,7,wav2vec_sb,10481,5342,0.5096841904398435
seamless_m4t+whisper_v2+fastconformer+xlsr+hubert+wav2vec_sb+cohere,7,cohere,10481,339,0.032344241961644885
seamless_m4t+whisper_v2+fastconformer+w2vbert+hubert+wav2vec_sb+cohere,7,seamless_m4t,10481,1094,0.10437935311516076
seamless_m4t+whisper_v2+fastconformer+w2vbert+hubert+wav2vec_sb+cohere,7,whisper_v2,10481,2577,0.24587348535445092
seamless_m4t+whisper_v2+fastconformer+w2vbert+hubert+wav2vec_sb+cohere,7,fastconformer,10481,521,0.04970899723308845
seamless_m4t+whisper_v2+fastconformer+w2vbert+hubert+wav2vec_sb+cohere,7,w2vbert,10481,3988,0.3804980440797634
seamless_m4t+whisper_v2+fastconformer+w2vbert+hubert+wav2vec_sb+cohere,7,hubert,10481,812,0.07747352351874821
seamless_m4t+whisper_v2+fastconformer+w2vbert+hubert+wav2vec_sb+cohere,7,wav2vec_sb,10481,5341,0.5095887796965939
seamless_m4t+whisper_v2+fastconformer+w2vbert+hubert+wav2vec_sb+cohere,7,cohere,10481,336,0.03205800973189581
seamless_m4t+whisper_v2+xlsr+w2vbert+hubert+wav2vec_sb+cohere,7,seamless_m4t,10481,1090,0.10399771014216201
seamless_m4t+whisper_v2+xlsr+w2vbert+hubert+wav2vec_sb+cohere,7,whisper_v2,10481,2416,0.23051235569125084
seamless_m4t+whisper_v2+xlsr+w2vbert+hubert+wav2vec_sb+cohere,7,xlsr,10481,2988,0.28508730083007344
seamless_m4t+whisper_v2+xlsr+w2vbert+hubert+wav2vec_sb+cohere,7,w2vbert,10481,3739,0.3567407690105906
seamless_m4t+whisper_v2+xlsr+w2vbert+hubert+wav2vec_sb+cohere,7,hubert,10481,780,0.07442037973475814
seamless_m4t+whisper_v2+xlsr+w2vbert+hubert+wav2vec_sb+cohere,7,wav2vec_sb,10481,4866,0.46426867665299115
seamless_m4t+whisper_v2+xlsr+w2vbert+hubert+wav2vec_sb+cohere,7,cohere,10481,357,0.0340616353401393
seamless_m4t+fastconformer+xlsr+w2vbert+hubert+wav2vec_sb+cohere,7,seamless_m4t,10481,1211,0.11554241007537448
seamless_m4t+fastconformer+xlsr+w2vbert+hubert+wav2vec_sb+cohere,7,fastconformer,10481,541,0.051617212098082246
seamless_m4t+fastconformer+xlsr+w2vbert+hubert+wav2vec_sb+cohere,7,xlsr,10481,3260,0.3110390229939891
seamless_m4t+fastconformer+xlsr+w2vbert+hubert+wav2vec_sb+cohere,7,w2vbert,10481,4053,0.38669974239099325
seamless_m4t+fastconformer+xlsr+w2vbert+hubert+wav2vec_sb+cohere,7,hubert,10481,769,0.07337086155901154
seamless_m4t+fastconformer+xlsr+w2vbert+hubert+wav2vec_sb+cohere,7,wav2vec_sb,10481,5160,0.4923194351684
seamless_m4t+fastconformer+xlsr+w2vbert+hubert+wav2vec_sb+cohere,7,cohere,10481,330,0.03148554527239767
whisper_v3+whisper_v2+fastconformer+xlsr+w2vbert+hubert+wav2vec_sb,7,whisper_v3,10481,1293,0.12336609102184906
whisper_v3+whisper_v2+fastconformer+xlsr+w2vbert+hubert+wav2vec_sb,7,whisper_v2,10481,2134,0.20360652609483829
whisper_v3+whisper_v2+fastconformer+xlsr+w2vbert+hubert+wav2vec_sb,7,fastconformer,10481,611,0.05829596412556054
whisper_v3+whisper_v2+fastconformer+xlsr+w2vbert+hubert+wav2vec_sb,7,xlsr,10481,2940,0.28050758515408836
whisper_v3+whisper_v2+fastconformer+xlsr+w2vbert+hubert+wav2vec_sb,7,w2vbert,10481,3688,0.3518748211048564
whisper_v3+whisper_v2+fastconformer+xlsr+w2vbert+hubert+wav2vec_sb,7,hubert,10481,842,0.08033584581623891
whisper_v3+whisper_v2+fastconformer+xlsr+w2vbert+hubert+wav2vec_sb,7,wav2vec_sb,10481,4840,0.4617879973284992
whisper_v3+whisper_v2+fastconformer+xlsr+w2vbert+hubert+cohere,7,whisper_v3,10481,1613,0.15389752886174984
whisper_v3+whisper_v2+fastconformer+xlsr+w2vbert+hubert+cohere,7,whisper_v2,10481,2553,0.24358362751645835
whisper_v3+whisper_v2+fastconformer+xlsr+w2vbert+hubert+cohere,7,fastconformer,10481,670,0.06392519797729224
whisper_v3+whisper_v2+fastconformer+xlsr+w2vbert+hubert+cohere,7,xlsr,10481,3912,0.37324682759278693
whisper_v3+whisper_v2+fastconformer+xlsr+w2vbert+hubert+cohere,7,w2vbert,10481,4305,0.4107432496899151
whisper_v3+whisper_v2+fastconformer+xlsr+w2vbert+hubert+cohere,7,hubert,10481,967,0.09226218872245015
whisper_v3+whisper_v2+fastconformer+xlsr+w2vbert+hubert+cohere,7,cohere,10481,413,0.03940463696212194
whisper_v3+whisper_v2+fastconformer+xlsr+w2vbert+wav2vec_sb+cohere,7,whisper_v3,10481,1306,0.12460643068409503
whisper_v3+whisper_v2+fastconformer+xlsr+w2vbert+wav2vec_sb+cohere,7,whisper_v2,10481,2142,0.2043698120408358
whisper_v3+whisper_v2+fastconformer+xlsr+w2vbert+wav2vec_sb+cohere,7,fastconformer,10481,610,0.058200553382310845
whisper_v3+whisper_v2+fastconformer+xlsr+w2vbert+wav2vec_sb+cohere,7,xlsr,10481,3021,0.2882358553573132
whisper_v3+whisper_v2+fastconformer+xlsr+w2vbert+wav2vec_sb+cohere,7,w2vbert,10481,3731,0.3559774830645931
whisper_v3+whisper_v2+fastconformer+xlsr+w2vbert+wav2vec_sb+cohere,7,wav2vec_sb,10481,4915,0.46894380307222594
whisper_v3+whisper_v2+fastconformer+xlsr+w2vbert+wav2vec_sb+cohere,7,cohere,10481,435,0.04150367331361511
whisper_v3+whisper_v2+fastconformer+xlsr+hubert+wav2vec_sb+cohere,7,whisper_v3,10481,1582,0.15093979582100944
whisper_v3+whisper_v2+fastconformer+xlsr+hubert+wav2vec_sb+cohere,7,whisper_v2,10481,2513,0.23976719778647076
whisper_v3+whisper_v2+fastconformer+xlsr+hubert+wav2vec_sb+cohere,7,fastconformer,10481,607,0.05791432115256178
whisper_v3+whisper_v2+fastconformer+xlsr+hubert+wav2vec_sb+cohere,7,xlsr,10481,3397,0.3241102948191966
whisper_v3+whisper_v2+fastconformer+xlsr+hubert+wav2vec_sb+cohere,7,hubert,10481,895,0.08539261520847248
whisper_v3+whisper_v2+fastconformer+xlsr+hubert+wav2vec_sb+cohere,7,wav2vec_sb,10481,5369,0.5122602805075852
whisper_v3+whisper_v2+fastconformer+xlsr+hubert+wav2vec_sb+cohere,7,cohere,10481,401,0.03825970804312566
whisper_v3+whisper_v2+fastconformer+w2vbert+hubert+wav2vec_sb+cohere,7,whisper_v3,10481,1431,0.13653277359030627
whisper_v3+whisper_v2+fastconformer+w2vbert+hubert+wav2vec_sb+cohere,7,whisper_v2,10481,2308,0.22020799542028432
whisper_v3+whisper_v2+fastconformer+w2vbert+hubert+wav2vec_sb+cohere,7,fastconformer,10481,542,0.051712622841331934
whisper_v3+whisper_v2+fastconformer+w2vbert+hubert+wav2vec_sb+cohere,7,w2vbert,10481,3924,0.37439175651178325
whisper_v3+whisper_v2+fastconformer+w2vbert+hubert+wav2vec_sb+cohere,7,hubert,10481,841,0.08024043507298922
whisper_v3+whisper_v2+fastconformer+w2vbert+hubert+wav2vec_sb+cohere,7,wav2vec_sb,10481,5373,0.5126419234805839
whisper_v3+whisper_v2+fastconformer+w2vbert+hubert+wav2vec_sb+cohere,7,cohere,10481,354,0.03377540311039023
whisper_v3+whisper_v2+xlsr+w2vbert+hubert+wav2vec_sb+cohere,7,whisper_v3,10481,1297,0.12374773399484781
whisper_v3+whisper_v2+xlsr+w2vbert+hubert+wav2vec_sb+cohere,7,whisper_v2,10481,2123,0.2025570079190917
whisper_v3+whisper_v2+xlsr+w2vbert+hubert+wav2vec_sb+cohere,7,xlsr,10481,2948,0.28127087110008586
whisper_v3+whisper_v2+xlsr+w2vbert+hubert+wav2vec_sb+cohere,7,w2vbert,10481,3672,0.3503482492128614
whisper_v3+whisper_v2+xlsr+w2vbert+hubert+wav2vec_sb+cohere,7,hubert,10481,843,0.0804312565594886
whisper_v3+whisper_v2+xlsr+w2vbert+hubert+wav2vec_sb+cohere,7,wav2vec_sb,10481,4852,0.4629329262474955
whisper_v3+whisper_v2+xlsr+w2vbert+hubert+wav2vec_sb+cohere,7,cohere,10481,432,0.04121744108386605
whisper_v3+fastconformer+xlsr+w2vbert+hubert+wav2vec_sb+cohere,7,whisper_v3,10481,1778,0.16964030149794868
whisper_v3+fastconformer+xlsr+w2vbert+hubert+wav2vec_sb+cohere,7,fastconformer,10481,529,0.05047228317908597
whisper_v3+fastconformer+xlsr+w2vbert+hubert+wav2vec_sb+cohere,7,xlsr,10481,3141,0.299685144547276
whisper_v3+fastconformer+xlsr+w2vbert+hubert+wav2vec_sb+cohere,7,w2vbert,10481,3904,0.37248354164678943
whisper_v3+fastconformer+xlsr+w2vbert+hubert+wav2vec_sb+cohere,7,hubert,10481,774,0.07384791527526
whisper_v3+fastconformer+xlsr+w2vbert+hubert+wav2vec_sb+cohere,7,wav2vec_sb,10481,5066,0.4833508253029291
whisper_v3+fastconformer+xlsr+w2vbert+hubert+wav2vec_sb+cohere,7,cohere,10481,352,0.03358458162389085
whisper_v2+fastconformer+xlsr+w2vbert+hubert+wav2vec_sb+cohere,7,whisper_v2,10481,2502,0.23871767961072415
whisper_v2+fastconformer+xlsr+w2vbert+hubert+wav2vec_sb+cohere,7,fastconformer,10481,499,0.04760996088159527
whisper_v2+fastconformer+xlsr+w2vbert+hubert+wav2vec_sb+cohere,7,xlsr,10481,3042,0.29023948096555674
whisper_v2+fastconformer+xlsr+w2vbert+hubert+wav2vec_sb+cohere,7,w2vbert,10481,3790,0.3616067169163248
whisper_v2+fastconformer+xlsr+w2vbert+hubert+wav2vec_sb+cohere,7,hubert,10481,745,0.07108100372101898
whisper_v2+fastconformer+xlsr+w2vbert+hubert+wav2vec_sb+cohere,7,wav2vec_sb,10481,4930,0.4703749642209713
whisper_v2+fastconformer+xlsr+w2vbert+hubert+wav2vec_sb+cohere,7,cohere,10481,334,0.03186718824539643
seamless_m4t+whisper_v3+whisper_v2+fastconformer+xlsr+w2vbert+hubert+wav2vec_sb,8,seamless_m4t,10481,992,0.0946474573036924
seamless_m4t+whisper_v3+whisper_v2+fastconformer+xlsr+w2vbert+hubert+wav2vec_sb,8,whisper_v3,10481,1224,0.11678274973762046
seamless_m4t+whisper_v3+whisper_v2+fastconformer+xlsr+w2vbert+hubert+wav2vec_sb,8,whisper_v2,10481,2038,0.19444709474286806
seamless_m4t+whisper_v3+whisper_v2+fastconformer+xlsr+w2vbert+hubert+wav2vec_sb,8,fastconformer,10481,511,0.04875488980059155
seamless_m4t+whisper_v3+whisper_v2+fastconformer+xlsr+w2vbert+hubert+wav2vec_sb,8,xlsr,10481,2873,0.2741150653563591
seamless_m4t+whisper_v3+whisper_v2+fastconformer+xlsr+w2vbert+hubert+wav2vec_sb,8,w2vbert,10481,3548,0.33851731704989985
seamless_m4t+whisper_v3+whisper_v2+fastconformer+xlsr+w2vbert+hubert+wav2vec_sb,8,hubert,10481,740,0.07060395000477054
seamless_m4t+whisper_v3+whisper_v2+fastconformer+xlsr+w2vbert+hubert+wav2vec_sb,8,wav2vec_sb,10481,4724,0.45072035111153513
seamless_m4t+whisper_v3+whisper_v2+fastconformer+xlsr+w2vbert+hubert+cohere,8,seamless_m4t,10481,1203,0.11477912412937696
seamless_m4t+whisper_v3+whisper_v2+fastconformer+xlsr+w2vbert+hubert+cohere,8,whisper_v3,10481,1500,0.14311611487453488
seamless_m4t+whisper_v3+whisper_v2+fastconformer+xlsr+w2vbert+hubert+cohere,8,whisper_v2,10481,2445,0.23327926724549183
seamless_m4t+whisper_v3+whisper_v2+fastconformer+xlsr+w2vbert+hubert+cohere,8,fastconformer,10481,615,0.0586776070985593
seamless_m4t+whisper_v3+whisper_v2+fastconformer+xlsr+w2vbert+hubert+cohere,8,xlsr,10481,3799,0.362465413605572
seamless_m4t+whisper_v3+whisper_v2+fastconformer+xlsr+w2vbert+hubert+cohere,8,w2vbert,10481,4186,0.399389371243202
seamless_m4t+whisper_v3+whisper_v2+fastconformer+xlsr+w2vbert+hubert+cohere,8,hubert,10481,882,0.08415227554622651
seamless_m4t+whisper_v3+whisper_v2+fastconformer+xlsr+w2vbert+hubert+cohere,8,cohere,10481,342,0.03263047419139395
seamless_m4t+whisper_v3+whisper_v2+fastconformer+xlsr+w2vbert+wav2vec_sb+cohere,8,seamless_m4t,10481,990,0.09445663581719302
seamless_m4t+whisper_v3+whisper_v2+fastconformer+xlsr+w2vbert+wav2vec_sb+cohere,8,whisper_v3,10481,1235,0.11783226791336704
seamless_m4t+whisper_v3+whisper_v2+fastconformer+xlsr+w2vbert+wav2vec_sb+cohere,8,whisper_v2,10481,2059,0.19645072035111152
seamless_m4t+whisper_v3+whisper_v2+fastconformer+xlsr+w2vbert+wav2vec_sb+cohere,8,fastconformer,10481,519,0.049518175746589066
seamless_m4t+whisper_v3+whisper_v2+fastconformer+xlsr+w2vbert+wav2vec_sb+cohere,8,xlsr,10481,2936,0.2801259421810896
seamless_m4t+whisper_v3+whisper_v2+fastconformer+xlsr+w2vbert+wav2vec_sb+cohere,8,w2vbert,10481,3601,0.3435740864421334
seamless_m4t+whisper_v3+whisper_v2+fastconformer+xlsr+w2vbert+wav2vec_sb+cohere,8,wav2vec_sb,10481,4791,0.4571128709092644
seamless_m4t+whisper_v3+whisper_v2+fastconformer+xlsr+w2vbert+wav2vec_sb+cohere,8,cohere,10481,335,0.03196259898864612
seamless_m4t+whisper_v3+whisper_v2+fastconformer+xlsr+hubert+wav2vec_sb+cohere,8,seamless_m4t,10481,1084,0.10342524568266387
seamless_m4t+whisper_v3+whisper_v2+fastconformer+xlsr+hubert+wav2vec_sb+cohere,8,whisper_v3,10481,1471,0.14034920332029385
seamless_m4t+whisper_v3+whisper_v2+fastconformer+xlsr+hubert+wav2vec_sb+cohere,8,whisper_v2,10481,2390,0.2280316763667589
seamless_m4t+whisper_v3+whisper_v2+fastconformer+xlsr+hubert+wav2vec_sb+cohere,8,fastconformer,10481,545,0.051998855071081006
seamless_m4t+whisper_v3+whisper_v2+fastconformer+xlsr+hubert+wav2vec_sb+cohere,8,xlsr,10481,3282,0.3131380593454823
seamless_m4t+whisper_v3+whisper_v2+fastconformer+xlsr+hubert+wav2vec_sb+cohere,8,hubert,10481,814,0.07766434500524759
seamless_m4t+whisper_v3+whisper_v2+fastconformer+xlsr+hubert+wav2vec_sb+cohere,8,wav2vec_sb,10481,5235,0.4994752409121267
seamless_m4t+whisper_v3+whisper_v2+fastconformer+xlsr+hubert+wav2vec_sb+cohere,8,cohere,10481,329,0.03139013452914798
seamless_m4t+whisper_v3+whisper_v2+fastconformer+w2vbert+hubert+wav2vec_sb+cohere,8,seamless_m4t,10481,1008,0.09617402919568743
seamless_m4t+whisper_v3+whisper_v2+fastconformer+w2vbert+hubert+wav2vec_sb+cohere,8,whisper_v3,10481,1358,0.12956778933307891
seamless_m4t+whisper_v3+whisper_v2+fastconformer+w2vbert+hubert+wav2vec_sb+cohere,8,whisper_v2,10481,2212,0.2110485640683141
seamless_m4t+whisper_v3+whisper_v2+fastconformer+w2vbert+hubert+wav2vec_sb+cohere,8,fastconformer,10481,508,0.048468657570842476
seamless_m4t+whisper_v3+whisper_v2+fastconformer+w2vbert+hubert+wav2vec_sb+cohere,8,w2vbert,10481,3804,0.36294246732182045
seamless_m4t+whisper_v3+whisper_v2+fastconformer+w2vbert+hubert+wav2vec_sb+cohere,8,hubert,10481,786,0.07499284419425627
seamless_m4t+whisper_v3+whisper_v2+fastconformer+w2vbert+hubert+wav2vec_sb+cohere,8,wav2vec_sb,10481,5225,0.4985211334796298
seamless_m4t+whisper_v3+whisper_v2+fastconformer+w2vbert+hubert+wav2vec_sb+cohere,8,cohere,10481,307,0.029291098177654806
seamless_m4t+whisper_v3+whisper_v2+xlsr+w2vbert+hubert+wav2vec_sb+cohere,8,seamless_m4t,10481,1000,0.09541074324968991
seamless_m4t+whisper_v3+whisper_v2+xlsr+w2vbert+hubert+wav2vec_sb+cohere,8,whisper_v3,10481,1234,0.11773685717011735
seamless_m4t+whisper_v3+whisper_v2+xlsr+w2vbert+hubert+wav2vec_sb+cohere,8,whisper_v2,10481,2082,0.1986451674458544
seamless_m4t+whisper_v3+whisper_v2+xlsr+w2vbert+hubert+wav2vec_sb+cohere,8,xlsr,10481,2899,0.2765957446808511
seamless_m4t+whisper_v3+whisper_v2+xlsr+w2vbert+hubert+wav2vec_sb+cohere,8,w2vbert,10481,3583,0.34185669306363897
seamless_m4t+whisper_v3+whisper_v2+xlsr+w2vbert+hubert+wav2vec_sb+cohere,8,hubert,10481,749,0.07146264669401775
seamless_m4t+whisper_v3+whisper_v2+xlsr+w2vbert+hubert+wav2vec_sb+cohere,8,wav2vec_sb,10481,4763,0.45444137009827307
seamless_m4t+whisper_v3+whisper_v2+xlsr+w2vbert+hubert+wav2vec_sb+cohere,8,cohere,10481,341,0.03253506344814426
seamless_m4t+whisper_v3+fastconformer+xlsr+w2vbert+hubert+wav2vec_sb+cohere,8,seamless_m4t,10481,1046,0.09979963743917565
seamless_m4t+whisper_v3+fastconformer+xlsr+w2vbert+hubert+wav2vec_sb+cohere,8,whisper_v3,10481,1632,0.15571033298349393
seamless_m4t+whisper_v3+fastconformer+xlsr+w2vbert+hubert+wav2vec_sb+cohere,8,fastconformer,10481,483,0.04608338898960023
seamless_m4t+whisper_v3+fastconformer+xlsr+w2vbert+hubert+wav2vec_sb+cohere,8,xlsr,10481,3043,0.2903348917088064
seamless_m4t+whisper_v3+fastconformer+xlsr+w2vbert+hubert+wav2vec_sb+cohere,8,w2vbert,10481,3783,0.36093884171357693
seamless_m4t+whisper_v3+fastconformer+xlsr+w2vbert+hubert+wav2vec_sb+cohere,8,hubert,10481,710,0.06774162770727984
seamless_m4t+whisper_v3+fastconformer+xlsr+w2vbert+hubert+wav2vec_sb+cohere,8,wav2vec_sb,10481,4948,0.4720923575994657
seamless_m4t+whisper_v3+fastconformer+xlsr+w2vbert+hubert+wav2vec_sb+cohere,8,cohere,10481,291,0.027764526285659764
seamless_m4t+whisper_v2+fastconformer+xlsr+w2vbert+hubert+wav2vec_sb+cohere,8,seamless_m4t,10481,1015,0.09684190439843526
seamless_m4t+whisper_v2+fastconformer+xlsr+w2vbert+hubert+wav2vec_sb+cohere,8,whisper_v2,10481,2364,0.22555099704226697
seamless_m4t+whisper_v2+fastconformer+xlsr+w2vbert+hubert+wav2vec_sb+cohere,8,fastconformer,10481,448,0.042744012975861084
seamless_m4t+whisper_v2+fastconformer+xlsr+w2vbert+hubert+wav2vec_sb+cohere,8,xlsr,10481,2945,0.2809846388703368
seamless_m4t+whisper_v2+fastconformer+xlsr+w2vbert+hubert+wav2vec_sb+cohere,8,w2vbert,10481,3667,0.34987119549661294
seamless_m4t+whisper_v2+fastconformer+xlsr+w2vbert+hubert+wav2vec_sb+cohere,8,hubert,10481,688,0.06564259135578666
seamless_m4t+whisper_v2+fastconformer+xlsr+w2vbert+hubert+wav2vec_sb+cohere,8,wav2vec_sb,10481,4811,0.4590210857742582
seamless_m4t+whisper_v2+fastconformer+xlsr+w2vbert+hubert+wav2vec_sb+cohere,8,cohere,10481,274,0.026142543650415035
whisper_v3+whisper_v2+fastconformer+xlsr+w2vbert+hubert+wav2vec_sb+cohere,8,whisper_v3,10481,1325,0.12641923480583914
whisper_v3+whisper_v2+fastconformer+xlsr+w2vbert+hubert+wav2vec_sb+cohere,8,whisper_v2,10481,2162,0.2062780269058296
whisper_v3+whisper_v2+fastconformer+xlsr+w2vbert+hubert+wav2vec_sb+cohere,8,fastconformer,10481,493,0.047037496422097126
whisper_v3+whisper_v2+fastconformer+xlsr+w2vbert+hubert+wav2vec_sb+cohere,8,xlsr,10481,2936,0.2801259421810896
whisper_v3+whisper_v2+fastconformer+xlsr+w2vbert+hubert+wav2vec_sb+cohere,8,w2vbert,10481,3631,0.34643640873962406
whisper_v3+whisper_v2+fastconformer+xlsr+w2vbert+hubert+wav2vec_sb+cohere,8,hubert,10481,727,0.06936361034252457
whisper_v3+whisper_v2+fastconformer+xlsr+w2vbert+hubert+wav2vec_sb+cohere,8,wav2vec_sb,10481,4821,0.45997519320675506
whisper_v3+whisper_v2+fastconformer+xlsr+w2vbert+hubert+wav2vec_sb+cohere,8,cohere,10481,313,0.029863562637152945
seamless_m4t+whisper_v3+whisper_v2+fastconformer+xlsr+w2vbert+hubert+wav2vec_sb+cohere,9,seamless_m4t,10481,948,0.09044938460070603
seamless_m4t+whisper_v3+whisper_v2+fastconformer+xlsr+w2vbert+hubert+wav2vec_sb+cohere,9,whisper_v3,10481,1251,0.11935883980536208
seamless_m4t+whisper_v3+whisper_v2+fastconformer+xlsr+w2vbert+hubert+wav2vec_sb+cohere,9,whisper_v2,10481,2065,0.19702318481060968
seamless_m4t+whisper_v3+whisper_v2+fastconformer+xlsr+w2vbert+hubert+wav2vec_sb+cohere,9,fastconformer,10481,457,0.04360270966510829
seamless_m4t+whisper_v3+whisper_v2+fastconformer+xlsr+w2vbert+hubert+wav2vec_sb+cohere,9,xlsr,10481,2859,0.2727793149508635
seamless_m4t+whisper_v3+whisper_v2+fastconformer+xlsr+w2vbert+hubert+wav2vec_sb+cohere,9,w2vbert,10481,3526,0.3364182806984066
seamless_m4t+whisper_v3+whisper_v2+fastconformer+xlsr+w2vbert+hubert+wav2vec_sb+cohere,9,hubert,10481,695,0.0663104665585345
seamless_m4t+whisper_v3+whisper_v2+fastconformer+xlsr+w2vbert+hubert+wav2vec_sb+cohere,9,wav2vec_sb,10481,4715,0.4498616544222879
seamless_m4t+whisper_v3+whisper_v2+fastconformer+xlsr+w2vbert+hubert+wav2vec_sb+cohere,9,cohere,10481,279,0.026619597366663486
